{"type":"FeatureCollection","properties":{"trip":"S1","corridor_m":400.0,"source":"OpenStreetMap contributors (ODbL)"},"features":[{"type":"Feature","properties":{"id":4016037,"highway":"unclassified","name":"Jardine Crescent","oneway":null,"junction":null},"geometry":{"type":"LineString","coordinates":[[-1.5797317,52.411366],[-1.5798686,52.4111825],[-1.5799465,52.4110712],[-1.5800849,52.4108734],[-1.5801218,52.4108206],[-1.5802362,52.4106342],[-1.5803026,52.4104861],[-1.5803551,52.410367],[-1.5804,52.4102163],[-1.5804167,52.4101604],[-1.5804218,52.4099124],[-1.5804557,52.4096082],[-1.5804404,52.4095535],[-1.5804542,52.4093512],[-1.5804893,52.4091787],[-1.5805348,52.4090176],[-1.5806346,52.4088019],[-1.5807225,52.4086199],[-1.580887,52.4084104],[-1.5811207,52.408193]]}},{"type":"Feature","properties":{"id":4016038,"highway":"tertiary","name":"Banner Lane","oneway":"yes","junction":null},"geometry":{"type":"LineString","coordinates":[[-1.5971078,52.4125729],[-1.5971178,52.4127079],[-1.5971392,52.4128728],[-1.5971894,52.4132234],[-1.5972065,52.4133962]]}},{"type":"Feature","properties":{"id":4016043,"highway":"tertiary","name":"Job's Lane","oneway":null,"junction":null},"geometry":{"type":"LineString","coordinates":[[-1.5722652,52.403677],[-1.5724865,52.4041421],[-1.5726044,52.4043964],[-1.5727955,52.404814],[-1.5730066,52.4053511],[-1.5732216,52.4058716],[-1.5733064,52.4060881],[-1.5734555,52.4064845]]}},{"type":"Feature","properties":{"id":4016064,"highway":"residential","name":"Bushbery Avenue","oneway":null,"junction":null},"geometry":{"type":"LineString","coordinates":[[-1.5817227,52.4020499],[-1.5817328,52.4021419],[-1.5817346,52.4021606],[-1.5817882,52.4026595],[-1.5818156,52.4028932],[-1.5818377,52.4030812],[-1.5818773,52.4034193],[-1.5819,52.4036126],[-1.5819144,52.403808],[-1.5819178,52.4039901],[-1.5819116,52.4041347],[-1.5818979,52.4042725],[-1.5818432,52.4045058],[-1.5818137,52.4046297],[-1.5817652,52.4048051],[-1.5816772,52.4050207],[-1.5815436,52.4053398],[-1.5814894,52.405473]]}},{"type":"Feature","properties":{"id":4017311,"highway":"unclassified","name":"Back Lane","oneway":null,"junction":null},"geometry":{"type":"LineString","coordinates":[[-1.6061462,52.41584],[-1.6062482,52.4158784],[-1.6066856,52.4160429],[-1.6072262,52.4163093],[-1.6082983,52.4168346]]}},{"type":"Feature","properties":{"id":4020605,"highway":"tertiary","name":"Broad Lane","oneway":null,"junction":null},"geometry":{"type":"LineString","coordinates":[[-1.6156498,52.415175],[-1.614673,52.4153112],[-1.6118784,52.4155699],[-1.610658,52.4156229],[-1.6096756,52.4156805],[-1.6076176,52.415795],[-1.6061462,52.41584]]}},{"type":"Feature","properties":{"id":4038615,"highway":"unclassified","name":"Hawthorn Lane","oneway":null,"junction":null},"geometry":{"type":"LineString","coordinates":[[-1.5864813,52.4100082],[-1.5864894,52.4102783],[-1.5864807,52.4106385],[-1.5864217,52.4110804],[-1.5864073,52.4112143],[-1.5863668,52.4115733],[-1.5863292,52.4119063],[-1.5863048,52.4121229],[-1.5862602,52.412356]]}},{"type":"Feature","properties":{"id":4049631,"highway":"tertiary","name":"Hockley Lane","oneway":null,"junction":null},"geometry":{"type":"LineString","coordinates":[[-1.5988932,52.4198723],[-1.5988618,52.419948]]}},{"type":"Feature","properties":{"id":4049632,"highway":"tertiary","name":"Pickford Green Lane","oneway":null,"junction":null},"geometry":{"type":"LineString","coordinates":[[-1.5979148,52.4287877],[-1.5978292,52.4287517],[-1.5977575,52.4287069],[-1.5977028,52.4286447],[-1.597667,52.4285857],[-1.5976548,52.4285268],[-1.5976537,52.428452],[-1.5978308,52.4281358],[-1.5980734,52.4277362],[-1.5983614,52.4271953],[-1.5986591,52.4264578],[-1.5987677,52.426139],[-1.5989051,52.4255892],[-1.5989327,52.425448],[-1.5989699,52.4252313],[-1.5989706,52.4248944],[-1.5985881,52.4236643],[-1.5985734,52.4236171],[-1.59855,52.4235331],[-1.5984271,52.4231297],[-1.5983684,52.4229074],[-1.5982075,52.4222979],[-1.5982026,52.4219776],[-1.5982003,52.4218261],[-1.5982306,52.4216456],[-1.5983288,52.4213302],[-1.598495,52.420943]]}},{"type":"Feature","properties":{"id":4059789,"highway":"residential","name":"Beech Tree Avenue","oneway":null,"junction":null},"geometry":{"type":"LineString","coordinates":[[-1.5655528,52.40789],[-1.5656022,52.4076958],[-1.5658274,52.4068318],[-1.5657028,52.406158],[-1.5656691,52.4059949],[-1.5656532,52.4059482],[-1.5656098,52.4058478],[-1.5655055,52.4056068],[-1.5652925,52.405141],[-1.5650143,52.4046603],[-1.5648358,52.4043872],[-1.5646506,52.4041324],[-1.564523,52.4039643],[-1.5644178,52.4038264]]}},{"type":"Feature","properties":{"id":4059790,"highway":"residential","name":"Fir Tree Avenue","oneway":null,"junction":null},"geometry":{"type":"LineString","coordinates":[[-1.5735676,52.4068017],[-1.5721573,52.4071483],[-1.5716737,52.4072807],[-1.5716373,52.4072872],[-1.5715891,52.4072868],[-1.5709668,52.4072525],[-1.5693862,52.407159],[-1.5686087,52.4071189],[-1.5678109,52.4070689],[-1.5658274,52.4068318],[-1.5631153,52.4064986],[-1.5626875,52.4063718],[-1.5623749,52.4063328],[-1.5619123,52.4062804],[-1.5618656,52.4062669],[-1.5618294,52.4062447],[-1.561807,52.4062165],[-1.5617998,52.4061922],[-1.5617988,52.4056241]]}},{"type":"Feature","properties":{"id":4061274,"highway":"residential","name":"Lyndhurst Croft","oneway":null,"junction":null},"geometry":{"type":"LineString","coordinates":[[-1.6004232,52.4159027],[-1.6001278,52.4158605],[-1.5999738,52.4158215],[-1.5997994,52.4157334],[-1.5994828,52.4155076]]}},{"type":"Feature","properties":{"id":4309491,"highway":"residential","name":"Kenthurst Close","oneway":null,"junction":null},"geometry":{"type":"LineString","coordinates":[[-1.597944,52.4155838],[-1.5967307,52.4156366],[-1.5966169,52.4156708]]}},{"type":"Feature","properties":{"id":4404421,"highway":"residential","name":"Buckingham Rise","oneway":null,"junction":null},"geometry":{"type":"LineString","coordinates":[[-1.5627776,52.415038],[-1.5637948,52.4145807],[-1.5638402,52.414551],[-1.563864,52.4145195],[-1.5638756,52.4144893],[-1.5638756,52.4144587],[-1.5638698,52.4144339],[-1.5638491,52.4143995],[-1.5636852,52.4141644],[-1.5634815,52.413861],[-1.5634439,52.413824],[-1.5633978,52.4137852],[-1.563346,52.4137549],[-1.5632945,52.4137311],[-1.563228,52.4137062],[-1.5630247,52.4136399],[-1.5628119,52.4135803],[-1.5626143,52.4135203],[-1.562588,52.4135123],[-1.5620336,52.4133448],[-1.5618373,52.4132906],[-1.5616453,52.4132262],[-1.5614016,52.413101],[-1.5611032,52.4129005],[-1.560983,52.4128121],[-1.5608346,52.4126855],[-1.5604057,52.4122621],[-1.5602936,52.4121764],[-1.5602165,52.4120813],[-1.5601517,52.4119553],[-1.5601511,52.4118437],[-1.5603045,52.41151],[-1.5604749,52.4111846],[-1.5605598,52.4110189],[-1.5605947,52.4109507],[-1.560596,52.4108796],[-1.560469,52.4107487],[-1.560145,52.4104148]]}},{"type":"Feature","properties":{"id":4404423,"highway":"residential","name":"Faseman Avenue","oneway":null,"junction":null},"geometry":{"type":"LineString","coordinates":[[-1.580887,52.4084104],[-1.5807579,52.4083733],[-1.5803786,52.4082482],[-1.580287,52.4082184],[-1.5799515,52.4081093],[-1.5798854,52.4080975],[-1.5798155,52.4080875],[-1.5797532,52.4080826],[-1.5797443,52.4080825],[-1.5796644,52.4080838],[-1.5795738,52.4080916],[-1.5794952,52.408107],[-1.5794334,52.4081232],[-1.5793784,52.4081418],[-1.5793121,52.4081704],[-1.579272,52.4081955],[-1.5790001,52.4083653],[-1.5789402,52.4083921],[-1.5788691,52.4084141],[-1.5787874,52.4084296],[-1.5787084,52.4084376],[-1.5786231,52.4084357],[-1.578423,52.408409],[-1.5781193,52.4083644],[-1.5771535,52.4082273],[-1.5770792,52.4082234],[-1.5770093,52.4082338],[-1.5769527,52.4082553],[-1.5769093,52.4082848],[-1.5768824,52.408322],[-1.5767758,52.4085847],[-1.5767524,52.4086116],[-1.5767198,52.4086344],[-1.5766832,52.4086507],[-1.5766392,52.4086636],[-1.5765917,52.4086713],[-1.5765385,52.4086727],[-1.576129,52.40861],[-1.5759883,52.40859],[-1.5758735,52.4085769],[-1.5757312,52.4085618],[-1.5756138,52.4085521],[-1.5754909,52.4085469],[-1.575075,52.4085482],[-1.5748877,52.4085601],[-1.5741336,52.4086193]]}},{"type":"Feature","properties":{"id":4404426,"highway":"residential","name":"Elm Tree Avenue","oneway":null,"junction":null},"geometry":{"type":"LineString","coordinates":[[-1.570618,52.405103],[-1.5687324,52.4055446],[-1.5678501,52.4057616],[-1.5674055,52.4058329],[-1.567268,52.4058519],[-1.5661033,52.4059567],[-1.5657679,52.4059861],[-1.5657281,52.4059909],[-1.5656691,52.4059949]]}},{"type":"Feature","properties":{"id":4410972,"highway":"residential","name":"Frilsham Way","oneway":null,"junction":null},"geometry":{"type":"LineString","coordinates":[[-1.5641226,52.4163286],[-1.5645318,52.4163116],[-1.5646224,52.4163036],[-1.5646916,52.4162892],[-1.5647606,52.4162679],[-1.5648246,52.4162391],[-1.5648774,52.4162072],[-1.564897,52.4161972],[-1.5650168,52.4160905],[-1.5651217,52.4160053],[-1.5653356,52.4158315],[-1.5657151,52.4155152],[-1.5658043,52.4154429],[-1.5658731,52.4153931],[-1.5659529,52.4153508],[-1.5660466,52.4153141],[-1.5661314,52.4152905],[-1.566237,52.4152709],[-1.5663128,52.4152621],[-1.5663862,52.4152565],[-1.5664597,52.415259],[-1.5665334,52.4152634],[-1.5666201,52.4152742],[-1.5667905,52.4153083],[-1.5669804,52.4153476],[-1.5670418,52.4153608],[-1.5671014,52.415381],[-1.5671135,52.4153835],[-1.5671695,52.4154068],[-1.5672197,52.41543],[-1.5672681,52.4154599],[-1.5673063,52.4154894],[-1.5673302,52.4155148],[-1.5673653,52.4155624],[-1.5673917,52.4156047],[-1.5674163,52.4156648],[-1.5674477,52.4157925],[-1.5675127,52.4160855],[-1.5675152,52.4161445],[-1.5675016,52.4162034],[-1.5674751,52.4162628],[-1.5674149,52.4163878],[-1.5674058,52.4164164],[-1.5673374,52.416568],[-1.5672422,52.4167752],[-1.5671902,52.4168864],[-1.5670744,52.4171387],[-1.5669113,52.4174807],[-1.5668054,52.4176873],[-1.5667706,52.417734],[-1.5667243,52.4177833],[-1.5666746,52.4178193],[-1.5665907,52.4178721],[-1.5664957,52.4179174],[-1.5664018,52.4179533],[-1.5662862,52.4179823],[-1.5661579,52.4180046],[-1.5660312,52.4180147],[-1.5659541,52.4180178],[-1.565867,52.4180165],[-1.5657832,52.4180116],[-1.5656764,52.4180019],[-1.565584,52.4179902],[-1.5652669,52.417948],[-1.5651526,52.4179247],[-1.5650423,52.4179],[-1.5649027,52.4178617],[-1.5643091,52.4176902],[-1.563856,52.4175615],[-1.5637441,52.4175264],[-1.5636909,52.4175043],[-1.5636319,52.4174749],[-1.5635733,52.4174349],[-1.5635366,52.4174025],[-1.5635031,52.4173706],[-1.5634807,52.4173473],[-1.5634577,52.4173141],[-1.5634406,52.4172783],[-1.5634088,52.4172043],[-1.5633656,52.4170754]]}},{"type":"Feature","properties":{"id":4411013,"highway":"residential","name":"Cadden Drive","oneway":null,"junction":null},"geometry":{"type":"LineString","coordinates":[[-1.5623749,52.4063328],[-1.5622554,52.4066384]]}},{"type":"Feature","properties":{"id":4411014,"highway":"residential","name":"Broadmere Rise","oneway":null,"junction":null},"geometry":{"type":"LineString","coordinates":[[-1.5700089,52.4078557],[-1.5687908,52.4075693],[-1.5687264,52.407571],[-1.5686685,52.4075846],[-1.5686081,52.4076151],[-1.5685809,52.4076523],[-1.568336,52.4080058],[-1.5682214,52.4083079]]}},{"type":"Feature","properties":{"id":4414234,"highway":"residential","name":"Baxter Close","oneway":null,"junction":null},"geometry":{"type":"LineString","coordinates":[[-1.5732216,52.4058716],[-1.5721967,52.4061991],[-1.5721476,52.4062245],[-1.5721125,52.4062539],[-1.5720827,52.4062907],[-1.5720642,52.4063414],[-1.57207,52.4063973],[-1.5722247,52.406757]]}},{"type":"Feature","properties":{"id":4414252,"highway":"residential","name":"Farr Drive","oneway":null,"junction":null},"geometry":{"type":"LineString","coordinates":[[-1.5618827,52.4045178],[-1.5617785,52.404527],[-1.5616665,52.4045318],[-1.5615419,52.4045306],[-1.5614719,52.404517],[-1.5614152,52.404486],[-1.5614036,52.404465],[-1.5613857,52.4044327],[-1.5613975,52.4041528]]}},{"type":"Feature","properties":{"id":4418300,"highway":"residential","name":"West Ridge","oneway":null,"junction":null},"geometry":{"type":"LineString","coordinates":[[-1.5671902,52.4168864],[-1.5674925,52.4169486],[-1.5676098,52.4169833],[-1.5677041,52.4170278],[-1.567895,52.4171284],[-1.5679529,52.4171687],[-1.5680018,52.417209],[-1.5680327,52.417251],[-1.5680567,52.4173049],[-1.5680724,52.4173492],[-1.5681337,52.4175281],[-1.5681834,52.4176647],[-1.5682116,52.4177578],[-1.5682191,52.4178047],[-1.5682118,52.4178567],[-1.5681942,52.4178996],[-1.5681599,52.4179409],[-1.5681177,52.4179772],[-1.5680402,52.4180313],[-1.5679802,52.418064],[-1.5678901,52.4180978],[-1.5678283,52.4181154],[-1.5677595,52.4181296],[-1.5676641,52.4181352],[-1.5672366,52.418144],[-1.5670655,52.4181474],[-1.5669947,52.4181444],[-1.5669193,52.4181368],[-1.5668464,52.4181228],[-1.5667801,52.4181052],[-1.5667078,52.4180725],[-1.5666527,52.4180422],[-1.5666197,52.4180182],[-1.5664957,52.4179174]]}},{"type":"Feature","properties":{"id":4418303,"highway":"unclassified","name":"Church Lane","oneway":null,"junction":null},"geometry":{"type":"LineString","coordinates":[[-1.6022673,52.4205462],[-1.6018487,52.4204512],[-1.6014166,52.4203532],[-1.6011389,52.4202787],[-1.6007511,52.420207],[-1.6000591,52.4200989],[-1.599923,52.4200732],[-1.5998121,52.4200527]]}},{"type":"Feature","properties":{"id":4418304,"highway":"residential","name":"Morgans Road","oneway":null,"junction":null},"geometry":{"type":"LineString","coordinates":[[-1.6012276,52.4172028],[-1.5999582,52.4170009]]}},{"type":"Feature","properties":{"id":4480866,"highway":"residential","name":"Mellowship Road","oneway":null,"junction":null},"geometry":{"type":"LineString","coordinates":[[-1.5976288,52.4196739],[-1.5976467,52.4196468],[-1.5977501,52.4193788],[-1.5977597,52.4193538],[-1.5978431,52.4190626],[-1.5978247,52.4190248],[-1.5977776,52.4190041],[-1.5975191,52.4189719],[-1.5971815,52.4189225],[-1.5968535,52.4188753],[-1.5964199,52.4187449],[-1.5960869,52.4186452],[-1.5954677,52.4184715],[-1.5953963,52.4184607],[-1.5953258,52.4184741],[-1.5949399,52.4186041],[-1.5948944,52.4186416],[-1.5948523,52.4187055],[-1.5948038,52.4187792],[-1.594708,52.4189274],[-1.5946845,52.4189612]]}},{"type":"Feature","properties":{"id":4480867,"highway":"residential","name":"Nod Rise","oneway":null,"junction":null},"geometry":{"type":"LineString","coordinates":[[-1.5645261,52.4077463],[-1.564402,52.4081089],[-1.564309,52.4082793],[-1.5641177,52.4084987],[-1.5640319,52.4085904],[-1.5638941,52.4087628],[-1.563771,52.4089298],[-1.5637325,52.4090015],[-1.5637098,52.4090494],[-1.5636945,52.4090818],[-1.5636818,52.4091289],[-1.5636671,52.4092087],[-1.5636635,52.4096888],[-1.5636639,52.4097207],[-1.5636625,52.4098551],[-1.5636679,52.4100748],[-1.5636666,52.4101935],[-1.5636711,52.4102344],[-1.563684,52.4102779],[-1.5636939,52.4103041],[-1.5637654,52.4104382],[-1.5637882,52.4104772],[-1.563959,52.4107734],[-1.5639915,52.4108287],[-1.5640173,52.4108551]]}},{"type":"Feature","properties":{"id":4480871,"highway":"residential","name":"South Ridge","oneway":null,"junction":null},"geometry":{"type":"LineString","coordinates":[[-1.5663862,52.4152565],[-1.566381,52.4152002],[-1.5663866,52.4151616],[-1.5664285,52.4150493],[-1.5665083,52.4148903],[-1.5665081,52.4148553],[-1.5664928,52.4148215],[-1.5664497,52.4147948],[-1.5663019,52.4147321],[-1.566252,52.4147038],[-1.5662268,52.414667],[-1.5662174,52.4146221],[-1.566224,52.4145764],[-1.5662422,52.4145383],[-1.5662884,52.4144957],[-1.5664829,52.4143858],[-1.5661184,52.4141208]]}},{"type":"Feature","properties":{"id":4480872,"highway":"residential","name":"Sutherland Avenue","oneway":null,"junction":null},"geometry":{"type":"LineString","coordinates":[[-1.573153,52.4158978],[-1.5730101,52.4161394],[-1.5725503,52.4168358],[-1.5724304,52.417057],[-1.5723083,52.4172824],[-1.5722471,52.4173315],[-1.5721789,52.4173621],[-1.5720973,52.4173831],[-1.5712531,52.4174847],[-1.5710974,52.4175061],[-1.5705271,52.4175748],[-1.5704219,52.4175696],[-1.5703459,52.4175556],[-1.570262,52.4175083],[-1.5702104,52.4174485],[-1.5701368,52.4172361],[-1.5700728,52.4170568],[-1.570037,52.4169339],[-1.5700251,52.4168998],[-1.5699794,52.4167683],[-1.5699375,52.416654],[-1.5698854,52.4164983],[-1.5698607,52.4164214],[-1.5698047,52.4162509],[-1.5697809,52.416169],[-1.5697421,52.4161017],[-1.5696663,52.4160152],[-1.5694516,52.4157949],[-1.5694161,52.4157415],[-1.5694005,52.4156886],[-1.5694169,52.4155983],[-1.5694624,52.4155248],[-1.5698041,52.4152757],[-1.5699882,52.4151415],[-1.5702657,52.4149392],[-1.5705029,52.4147663]]}},{"type":"Feature","properties":{"id":4480873,"highway":"unclassified","name":"Parkhill Drive","oneway":null,"junction":null},"geometry":{"type":"LineString","coordinates":[[-1.5766932,52.4164097],[-1.5766822,52.4165237],[-1.5766683,52.4166685],[-1.5766458,52.4167489],[-1.5766184,52.416832],[-1.5765892,52.4169068],[-1.5765363,52.4169888],[-1.5764766,52.4170664],[-1.5764134,52.4171334],[-1.576387,52.4171569],[-1.5763349,52.4172078],[-1.5762652,52.4172677],[-1.5761448,52.4173633],[-1.5759428,52.4175109],[-1.5758302,52.4175903],[-1.5758135,52.4175992],[-1.5756982,52.4176771],[-1.5755237,52.4177979],[-1.5753819,52.4179121],[-1.5752605,52.4180207],[-1.5751926,52.4180865],[-1.5751269,52.418155],[-1.5750742,52.4182188],[-1.5750194,52.4183114],[-1.5749827,52.4183875],[-1.574962,52.4184476],[-1.5749442,52.4185159],[-1.5749007,52.4186535],[-1.5748364,52.4188927],[-1.5748035,52.418998],[-1.5747852,52.4190667],[-1.5747599,52.4192295],[-1.5747593,52.4193733],[-1.5747694,52.4194601],[-1.5747803,52.4195177],[-1.5748212,52.4196256],[-1.5748554,52.4197044],[-1.5748752,52.4197479],[-1.5749205,52.4198475],[-1.5749471,52.4199299],[-1.5749616,52.4200351],[-1.5749605,52.420122],[-1.5749436,52.420203],[-1.5749254,52.4202604],[-1.5749154,52.4202937],[-1.5748918,52.4203441],[-1.5748278,52.4204413],[-1.5747577,52.4205216],[-1.5746699,52.4206044],[-1.5745722,52.4206788],[-1.5744548,52.4207485],[-1.5743215,52.4208153],[-1.5742663,52.4208385],[-1.5741195,52.4209001],[-1.5740539,52.4209261],[-1.5740374,52.4209326]]}},{"type":"Feature","properties":{"id":4480929,"highway":"tertiary","name":"Upper Eastern Green Lane","oneway":null,"junction":null},"geometry":{"type":"LineString","coordinates":[[-1.5988618,52.419948],[-1.5988224,52.4199411],[-1.5981748,52.4197945],[-1.5978746,52.4197282],[-1.5976288,52.4196739],[-1.5972893,52.4195943],[-1.597104,52.4195497],[-1.5965568,52.4194181],[-1.5960518,52.4192955]]}},{"type":"Feature","properties":{"id":4482723,"highway":"residential","name":"Hartridge Walk","oneway":null,"junction":null},"geometry":{"type":"LineString","coordinates":[[-1.5672422,52.4167752],[-1.5670614,52.4167402],[-1.5669829,52.4167218],[-1.5661601,52.416505],[-1.5661139,52.416488],[-1.5660813,52.4164653],[-1.5660561,52.4164378],[-1.5660462,52.4164052],[-1.5660542,52.4163755],[-1.5660697,52.4163491],[-1.5661498,52.4162235]]}},{"type":"Feature","properties":{"id":4482724,"highway":"residential","name":"Marlston Walk","oneway":null,"junction":null},"geometry":{"type":"LineString","coordinates":[[-1.5667905,52.4153083],[-1.5665978,52.4156734],[-1.5665705,52.4157351],[-1.5665569,52.4158574],[-1.5665229,52.4159341],[-1.5664813,52.4159961],[-1.5665636,52.4160502]]}},{"type":"Feature","properties":{"id":4482726,"highway":"residential","name":"Marlow Close","oneway":null,"junction":null},"geometry":{"type":"LineString","coordinates":[[-1.5645739,52.4133014],[-1.5647535,52.4134004],[-1.5647739,52.4134206],[-1.564784,52.4134458],[-1.5647831,52.4134684],[-1.5647654,52.4134914],[-1.5639095,52.4141026],[-1.5638512,52.4141238],[-1.5637865,52.4141405],[-1.5636852,52.4141644]]}},{"type":"Feature","properties":{"id":4482727,"highway":"residential","name":"Sutton Avenue","oneway":null,"junction":null},"geometry":{"type":"LineString","coordinates":[[-1.5926552,52.4154149],[-1.5930455,52.415421],[-1.5931878,52.4154207],[-1.5933328,52.4154162],[-1.5938255,52.4153903],[-1.5941872,52.4153618],[-1.5947628,52.4153014],[-1.5951295,52.4152569],[-1.5953879,52.4152294],[-1.5954913,52.4152238],[-1.5955578,52.4152202],[-1.5956975,52.4152257],[-1.5958415,52.4152417],[-1.595975,52.4152685],[-1.5961111,52.415305],[-1.5962603,52.4153618],[-1.5963798,52.4154269],[-1.5964847,52.4155089],[-1.5965614,52.4155856],[-1.5966169,52.4156708],[-1.5966596,52.4157735],[-1.5966869,52.4158784],[-1.5967212,52.4162386],[-1.5967632,52.4164326],[-1.5967858,52.4165335],[-1.5968298,52.4166554],[-1.5969206,52.4168541],[-1.5970286,52.417027],[-1.5971471,52.4171822],[-1.5972816,52.4173229],[-1.5974759,52.4174427],[-1.5975222,52.4174703],[-1.5975966,52.4175146],[-1.597751,52.4175787],[-1.5979185,52.4176375],[-1.5982138,52.4176944],[-1.5992843,52.4179016],[-1.5993613,52.417913],[-1.5995814,52.4179551]]}},{"type":"Feature","properties":{"id":4482728,"highway":"unclassified","name":"Farcroft Avenue","oneway":null,"junction":null},"geometry":{"type":"LineString","coordinates":[[-1.5926655,52.4151513],[-1.5926573,52.4152499],[-1.5926565,52.4153063],[-1.5926565,52.4153099],[-1.5926552,52.4154149]]}},{"type":"Feature","properties":{"id":4482729,"highway":"residential","name":"Dial House Lane","oneway":null,"junction":null},"geometry":{"type":"LineString","coordinates":[[-1.5759444,52.416353],[-1.5760412,52.4162313],[-1.576298,52.4159496],[-1.5765357,52.4157567],[-1.5769018,52.4153456],[-1.5769247,52.4153199],[-1.5770471,52.4151841]]}},{"type":"Feature","properties":{"id":4482730,"highway":"residential","name":"Chiel Close","oneway":null,"junction":null},"geometry":{"type":"LineString","coordinates":[[-1.576298,52.4159496],[-1.5755037,52.4156925],[-1.5752722,52.4156401],[-1.5749596,52.4156058],[-1.5746162,52.4155696]]}},{"type":"Feature","properties":{"id":4482731,"highway":"unclassified","name":"Jenkins Avenue","oneway":null,"junction":null},"geometry":{"type":"LineString","coordinates":[[-1.5808571,52.4151179],[-1.5807926,52.4153432]]}},{"type":"Feature","properties":{"id":4482732,"highway":"unclassified","name":"Howard Close","oneway":null,"junction":null},"geometry":{"type":"LineString","coordinates":[[-1.5823563,52.4163378],[-1.5823729,52.4160868]]}},{"type":"Feature","properties":{"id":4482733,"highway":"unclassified","name":"Kimberley Close","oneway":null,"junction":null},"geometry":{"type":"LineString","coordinates":[[-1.5810308,52.4162791],[-1.5810878,52.4160225]]}},{"type":"Feature","properties":{"id":4482734,"highway":"unclassified","name":"Howard Close","oneway":null,"junction":null},"geometry":{"type":"LineString","coordinates":[[-1.5824748,52.4163393],[-1.5823563,52.4163378],[-1.5822358,52.4163372]]}},{"type":"Feature","properties":{"id":4482735,"highway":"unclassified","name":"Kimberley Close","oneway":null,"junction":null},"geometry":{"type":"LineString","coordinates":[[-1.5811632,52.4162908],[-1.5810308,52.4162791],[-1.5809081,52.4162694]]}},{"type":"Feature","properties":{"id":4482736,"highway":"residential","name":"Stonebury Avenue","oneway":null,"junction":null},"geometry":{"type":"LineString","coordinates":[[-1.5927607,52.4144239],[-1.5923146,52.4143632],[-1.5917021,52.4142787],[-1.5912817,52.4142177],[-1.5910966,52.4141877],[-1.5907787,52.4141297],[-1.5904701,52.414084],[-1.5901728,52.4140606],[-1.5898667,52.4140594],[-1.5895647,52.4140723],[-1.5893044,52.4140791],[-1.589133,52.4140773],[-1.5888682,52.414074],[-1.5886063,52.4140558],[-1.5880522,52.4140053],[-1.5876234,52.4139665],[-1.586864,52.4139047],[-1.5865842,52.4138805],[-1.5861511,52.4138412],[-1.5860061,52.4138358],[-1.5858773,52.4138456],[-1.5856573,52.4138724],[-1.5854889,52.413892],[-1.5853324,52.4139177],[-1.5850412,52.4139853],[-1.5847818,52.4140578],[-1.5844909,52.4141603],[-1.5843452,52.414199],[-1.5842436,52.414226],[-1.5838549,52.4143012],[-1.5834934,52.4143556],[-1.5831006,52.4143949],[-1.5827396,52.4144189],[-1.5825549,52.4144262],[-1.5822159,52.4144356],[-1.5819464,52.414432],[-1.5818274,52.4144278],[-1.5813781,52.4144048],[-1.580888,52.4143614],[-1.5804054,52.4143003]]}},{"type":"Feature","properties":{"id":4482737,"highway":"residential","name":"Tilewood Avenue","oneway":null,"junction":null},"geometry":{"type":"LineString","coordinates":[[-1.5858172,52.4145728],[-1.5856999,52.414588],[-1.5850246,52.4146867],[-1.5848828,52.4147193],[-1.5847729,52.4147568],[-1.5842097,52.4149488],[-1.5840495,52.4149942],[-1.5839001,52.4150366],[-1.5837008,52.4150823],[-1.583446,52.4151269],[-1.5831635,52.4151695],[-1.582815,52.4151969],[-1.5826413,52.4151981],[-1.582313,52.4152004],[-1.5819314,52.4151807],[-1.5815139,52.4151572],[-1.5808571,52.4151179],[-1.5805591,52.4150984],[-1.5804269,52.4150634],[-1.5804095,52.4150552],[-1.5803388,52.4150218],[-1.5802623,52.4149644],[-1.5802268,52.4149032],[-1.5802119,52.4148361],[-1.5802191,52.4147627],[-1.5802535,52.4146788],[-1.5802659,52.4146452],[-1.5803424,52.4144768],[-1.5804054,52.4143003],[-1.5805216,52.4138917],[-1.5805651,52.4136104]]}},{"type":"Feature","properties":{"id":4482738,"highway":"residential","name":"Handsworth Crescent","oneway":null,"junction":null},"geometry":{"type":"LineString","coordinates":[[-1.5838184,52.4134847],[-1.5837597,52.4132017],[-1.583599,52.4130781],[-1.583464,52.4130053],[-1.5832756,52.4129616],[-1.5831131,52.4129441],[-1.5827523,52.4129466],[-1.5823509,52.4129323],[-1.5818281,52.4128745],[-1.5814978,52.4128123],[-1.5810674,52.4127252],[-1.5809159,52.4127297],[-1.5807631,52.4127589],[-1.5806528,52.4128406],[-1.580603,52.4129063],[-1.5805925,52.4129824],[-1.5805941,52.413108],[-1.5805857,52.4133841],[-1.5805651,52.4136104]]}},{"type":"Feature","properties":{"id":4486088,"highway":"residential","name":"Manderley Close","oneway":null,"junction":null},"geometry":{"type":"LineString","coordinates":[[-1.600539,52.4180657],[-1.6009254,52.4181055],[-1.6010103,52.4181301],[-1.6010557,52.418177],[-1.6010663,52.4182265],[-1.6009424,52.4185636],[-1.600764,52.4186046],[-1.6006507,52.4186432],[-1.6006053,52.4186899],[-1.60056,52.4187735],[-1.6002128,52.4197435]]}},{"type":"Feature","properties":{"id":4486089,"highway":"residential","name":"Despard Road","oneway":null,"junction":null},"geometry":{"type":"LineString","coordinates":[[-1.5929049,52.4185275],[-1.5933993,52.4178772],[-1.5934537,52.4178027],[-1.5936417,52.4175449],[-1.5939475,52.4171481],[-1.5939996,52.4171128],[-1.5940762,52.4170993],[-1.5941807,52.4170903],[-1.5949601,52.4171059],[-1.5958413,52.4171302]]}},{"type":"Feature","properties":{"id":4486090,"highway":"residential","name":"Holmes Drive","oneway":null,"junction":null},"geometry":{"type":"LineString","coordinates":[[-1.5949601,52.4171059],[-1.5949084,52.4178185],[-1.5948967,52.4178466],[-1.5948772,52.4178652],[-1.5946825,52.4179564],[-1.594639,52.4179648],[-1.5945913,52.4179655],[-1.5936808,52.4178438],[-1.5934537,52.4178027]]}},{"type":"Feature","properties":{"id":4486091,"highway":"residential","name":"Unicorn Avenue","oneway":null,"junction":null},"geometry":{"type":"LineString","coordinates":[[-1.5891518,52.4160447],[-1.5887487,52.4159615],[-1.5883126,52.4158804],[-1.5880119,52.4158266],[-1.5874325,52.4157474],[-1.5871846,52.4157198],[-1.5868594,52.4156987],[-1.5866672,52.4156934],[-1.5865631,52.4156962],[-1.5864279,52.4157028],[-1.5862959,52.415714],[-1.5861,52.4157346],[-1.5859182,52.4157556],[-1.5855467,52.4158026],[-1.585207,52.4158456],[-1.5850182,52.4158694],[-1.5848145,52.4159065],[-1.5844786,52.4159532],[-1.5842148,52.4159895],[-1.5841039,52.4160015],[-1.5837673,52.4160351],[-1.5835935,52.4160452],[-1.5833782,52.4160579],[-1.5829789,52.4160773],[-1.582943,52.4160766],[-1.5826742,52.4160837],[-1.5823729,52.4160868],[-1.5822995,52.4160866],[-1.5819442,52.4160781],[-1.58157,52.4160514],[-1.5812363,52.41603],[-1.5810878,52.4160225],[-1.5807255,52.4159933],[-1.5800802,52.415952],[-1.5799196,52.4159333],[-1.5797509,52.4159046],[-1.579494,52.4158442],[-1.5792,52.4157494],[-1.5788933,52.4156427],[-1.5787189,52.41558],[-1.5785817,52.4155453],[-1.5784714,52.4155363],[-1.5782795,52.4155606]]}},{"type":"Feature","properties":{"id":4486092,"highway":"residential","name":"Windermere Avenue","oneway":null,"junction":null},"geometry":{"type":"LineString","coordinates":[[-1.5835935,52.4160452],[-1.5836357,52.4162664],[-1.5837381,52.4169535]]}},{"type":"Feature","properties":{"id":4486093,"highway":"residential","name":"Wellesbourne Road","oneway":null,"junction":null},"geometry":{"type":"LineString","coordinates":[[-1.5729989,52.410579],[-1.5728636,52.4103834],[-1.5727524,52.4103105],[-1.572633,52.4102537],[-1.5718187,52.4099538],[-1.5716868,52.4099276],[-1.5715578,52.4099127],[-1.571422,52.4099098],[-1.571297,52.4099216],[-1.5711727,52.4099493],[-1.5710891,52.4099792],[-1.5710002,52.4100264],[-1.5709142,52.410092],[-1.5706845,52.4103082],[-1.5700291,52.4109655]]}},{"type":"Feature","properties":{"id":4486094,"highway":"residential","name":"Aynho Close","oneway":null,"junction":null},"geometry":{"type":"LineString","coordinates":[[-1.5703563,52.4119212],[-1.5702381,52.4118761],[-1.5694278,52.4115736],[-1.5691009,52.4114618],[-1.5690386,52.4114594],[-1.5689791,52.4114691],[-1.5684187,52.4116203],[-1.568075,52.4117148],[-1.5681441,52.4118018]]}},{"type":"Feature","properties":{"id":4486095,"highway":"residential","name":"Olton Avenue","oneway":null,"junction":null},"geometry":{"type":"LineString","coordinates":[[-1.5824557,52.4139884],[-1.5825276,52.4143231],[-1.5825549,52.4144262]]}},{"type":"Feature","properties":{"id":4486096,"highway":"residential","name":"Hove Avenue","oneway":null,"junction":null},"geometry":{"type":"LineString","coordinates":[[-1.5844909,52.4141603],[-1.5847041,52.4144502],[-1.5847188,52.4144703],[-1.5847459,52.4145071],[-1.5848828,52.4147193]]}},{"type":"Feature","properties":{"id":4486097,"highway":"residential","name":"Faulconbridge Avenue","oneway":null,"junction":null},"geometry":{"type":"LineString","coordinates":[[-1.5851389,52.4134046],[-1.5846619,52.4134318],[-1.5845263,52.4134431],[-1.5843953,52.4134541],[-1.5838184,52.4134847],[-1.5834324,52.4135206],[-1.5831241,52.4135873],[-1.5829098,52.4136256],[-1.5827506,52.4136466],[-1.5825129,52.4136651],[-1.5823842,52.4136751],[-1.5822332,52.41368],[-1.5822069,52.4136792],[-1.5819134,52.4136701],[-1.5812981,52.4136454],[-1.5808,52.4136233],[-1.5805651,52.4136104]]}},{"type":"Feature","properties":{"id":4486098,"highway":"unclassified","name":"Alandale Avenue","oneway":null,"junction":null},"geometry":{"type":"LineString","coordinates":[[-1.5850802,52.412609],[-1.5850426,52.4127515],[-1.5850432,52.4128322],[-1.5851389,52.4134046],[-1.5851854,52.4136075],[-1.5852685,52.4137905],[-1.5853324,52.4139177]]}},{"type":"Feature","properties":{"id":4604195,"highway":"residential","name":"Mount Nod Way","oneway":null,"junction":null},"geometry":{"type":"LineString","coordinates":[[-1.5700291,52.4109655],[-1.5692999,52.4107193],[-1.5692232,52.4106934],[-1.5690651,52.4106405],[-1.5689264,52.4105932],[-1.5687503,52.4105376],[-1.5686609,52.4105072],[-1.5686095,52.4104907],[-1.5684361,52.4104368],[-1.5680346,52.4103078],[-1.5677056,52.4102042],[-1.5675383,52.4101491],[-1.5674618,52.4101114],[-1.5674037,52.4100644],[-1.5673703,52.4100167],[-1.5673499,52.4099638],[-1.5673471,52.4099108],[-1.567382,52.4094138],[-1.5673802,52.4093733],[-1.5673753,52.4093462],[-1.5673453,52.4092801],[-1.567304,52.4092221],[-1.5672479,52.4091734],[-1.5671676,52.4091324],[-1.5670812,52.4090958],[-1.5669925,52.4090656],[-1.5668684,52.4090422],[-1.5667676,52.4090295],[-1.566741,52.4090262],[-1.5663768,52.4089847],[-1.5661307,52.408959],[-1.565997,52.4089492],[-1.5658755,52.4089454],[-1.565757,52.4089454],[-1.5656289,52.4089531],[-1.5653736,52.4089856],[-1.5648206,52.4090635],[-1.5646955,52.4090763],[-1.5645716,52.4090847],[-1.564431,52.4090921],[-1.5642463,52.4090955],[-1.564035,52.4091036],[-1.5639578,52.4091037],[-1.5639215,52.4091037],[-1.5638198,52.4090977],[-1.5636945,52.4090818]]}},{"type":"Feature","properties":{"id":4605639,"highway":"residential","name":"The Oaklands","oneway":null,"junction":null},"geometry":{"type":"LineString","coordinates":[[-1.5737754,52.4074365],[-1.573133,52.4075072]]}},{"type":"Feature","properties":{"id":4605657,"highway":"residential","name":"Fingest Close","oneway":null,"junction":null},"geometry":{"type":"LineString","coordinates":[[-1.5639717,52.413031],[-1.563835,52.4130722],[-1.5636044,52.4131653],[-1.5630247,52.4136399]]}},{"type":"Feature","properties":{"id":4611808,"highway":"unclassified","name":"Claverdon Road","oneway":null,"junction":null},"geometry":{"type":"LineString","coordinates":[[-1.5640319,52.4085904],[-1.5623681,52.4084371],[-1.5622935,52.4084477],[-1.5622388,52.4084597],[-1.5621869,52.4084918],[-1.5621574,52.4085897],[-1.5621295,52.4087984],[-1.5621094,52.4089101],[-1.5620576,52.4093567],[-1.5620316,52.4096662]]}},{"type":"Feature","properties":{"id":4611809,"highway":"unclassified","name":"Chadwick Close","oneway":null,"junction":null},"geometry":{"type":"LineString","coordinates":[[-1.5621094,52.4089101],[-1.5615428,52.4088882],[-1.5608452,52.4088536],[-1.5608127,52.4090191],[-1.5607959,52.4090598],[-1.5607605,52.4090911],[-1.5607024,52.4091229],[-1.5602964,52.4092057]]}},{"type":"Feature","properties":{"id":4611811,"highway":"unclassified","name":"Shelfield Close","oneway":null,"junction":null},"geometry":{"type":"LineString","coordinates":[[-1.5636639,52.4097207],[-1.5624567,52.4096811],[-1.5620316,52.4096662],[-1.5619241,52.4096743],[-1.5615991,52.4097379],[-1.5608768,52.4098918],[-1.5608315,52.4097777]]}},{"type":"Feature","properties":{"id":4611812,"highway":"residential","name":"Shottery Close","oneway":null,"junction":null},"geometry":{"type":"LineString","coordinates":[[-1.5624567,52.4096811],[-1.5624351,52.4099949],[-1.562406,52.4102293],[-1.5623862,52.4103885],[-1.5623788,52.4104013],[-1.5623623,52.4104093],[-1.5621859,52.4104368],[-1.5617127,52.4105102],[-1.5615467,52.4105387]]}},{"type":"Feature","properties":{"id":4611813,"highway":"residential","name":"Pebworth Close","oneway":null,"junction":null},"geometry":{"type":"LineString","coordinates":[[-1.5677056,52.4102042],[-1.5675378,52.4103816],[-1.5674413,52.4104475],[-1.5673055,52.4105229],[-1.566995,52.4106231],[-1.5666126,52.4107333],[-1.5664514,52.4107797]]}},{"type":"Feature","properties":{"id":4616207,"highway":"residential","name":"Coniston Drive","oneway":null,"junction":null},"geometry":{"type":"LineString","coordinates":[[-1.5933328,52.4154162],[-1.593334,52.4154713],[-1.5933413,52.4158152],[-1.5933445,52.4159641],[-1.5933421,52.4160787],[-1.5933288,52.4161733],[-1.5933148,52.4162303]]}},{"type":"Feature","properties":{"id":4616208,"highway":"residential","name":"Packwood Green","oneway":null,"junction":null},"geometry":{"type":"LineString","coordinates":[[-1.5703259,52.4095865],[-1.5699364,52.4094622],[-1.5695387,52.4099402]]}},{"type":"Feature","properties":{"id":4616209,"highway":"residential","name":"Wolverton Road","oneway":null,"junction":null},"geometry":{"type":"LineString","coordinates":[[-1.5706845,52.4103082],[-1.5695387,52.4099402],[-1.5688108,52.4097123],[-1.5687186,52.4096887],[-1.5686475,52.4096818],[-1.5686111,52.4096955],[-1.5685773,52.4097255],[-1.5680346,52.4103078]]}},{"type":"Feature","properties":{"id":4616210,"highway":"residential","name":"Frederick Neal Avenue","oneway":null,"junction":null},"geometry":{"type":"LineString","coordinates":[[-1.5967212,52.4162386],[-1.5939881,52.4162307],[-1.5935272,52.4162394],[-1.5933148,52.4162303],[-1.5930917,52.4162183],[-1.5924739,52.4162042],[-1.5919916,52.4162122],[-1.5916242,52.4162456],[-1.5913674,52.4163081],[-1.5912031,52.4163961],[-1.5909295,52.4166076],[-1.5906621,52.4168639],[-1.5904037,52.4169783],[-1.590295,52.4169997],[-1.5901581,52.4170212],[-1.5900582,52.4170217],[-1.589941,52.4170135],[-1.589214,52.4168632],[-1.5887199,52.4167753]]}},{"type":"Feature","properties":{"id":4616211,"highway":"residential","name":"Drayton Crescent","oneway":null,"junction":null},"geometry":{"type":"LineString","coordinates":[[-1.5909295,52.4166076],[-1.5915853,52.4168558],[-1.5917429,52.4168887],[-1.5917933,52.416894],[-1.5919703,52.4169126],[-1.5921681,52.4169186],[-1.5922709,52.4169217],[-1.5923927,52.4169294],[-1.5925042,52.4169582],[-1.5925792,52.416995],[-1.5926074,52.4170296],[-1.5926219,52.4170475],[-1.5926369,52.4170919],[-1.5926382,52.4171315],[-1.5926187,52.4171755],[-1.592378,52.4175089],[-1.5922493,52.4175733],[-1.5921205,52.4175893],[-1.5914035,52.4174671],[-1.5910792,52.4174118],[-1.5903138,52.4172813],[-1.5902373,52.4172492],[-1.5901787,52.4171882],[-1.5901605,52.4171081],[-1.5901581,52.4170212]]}},{"type":"Feature","properties":{"id":4616212,"highway":"residential","name":"Moyle Crescent","oneway":null,"junction":null},"geometry":{"type":"LineString","coordinates":[[-1.5910615,52.415409],[-1.5910466,52.4156111],[-1.5910401,52.4156366],[-1.591026,52.4156603],[-1.5910076,52.4156813],[-1.5909835,52.4157003],[-1.5904304,52.41601],[-1.5899937,52.4162505],[-1.5899528,52.4162687],[-1.5899064,52.4162869],[-1.58985,52.4163031],[-1.5897966,52.4163121],[-1.5897277,52.4163179],[-1.5896512,52.4163189],[-1.5895694,52.4163156],[-1.5894868,52.4163014],[-1.5890503,52.4162081]]}},{"type":"Feature","properties":{"id":4616213,"highway":"residential","name":"Greenleaf Close","oneway":null,"junction":null},"geometry":{"type":"LineString","coordinates":[[-1.5754072,52.4127468],[-1.5752088,52.4126682],[-1.5741835,52.4124608],[-1.5739393,52.4124151]]}},{"type":"Feature","properties":{"id":4616214,"highway":"residential","name":"Rodway Drive","oneway":null,"junction":null},"geometry":{"type":"LineString","coordinates":[[-1.5919817,52.4154182],[-1.5919703,52.4161059],[-1.5919916,52.4162122]]}},{"type":"Feature","properties":{"id":4616215,"highway":"residential","name":"Ettington Road","oneway":null,"junction":null},"geometry":{"type":"LineString","coordinates":[[-1.5735393,52.4104266],[-1.5736957,52.4106248],[-1.5737204,52.4107088],[-1.5737184,52.4108004],[-1.5736918,52.4108828],[-1.5736132,52.4109834],[-1.5734819,52.411085],[-1.5725902,52.4117397],[-1.5725032,52.4117895],[-1.5724376,52.411827],[-1.5721899,52.4119093],[-1.5720145,52.4119495],[-1.5715892,52.4120113],[-1.5715132,52.4120371],[-1.5714657,52.412072],[-1.5714475,52.4121112],[-1.5714567,52.4121458],[-1.5715967,52.4124437],[-1.571618,52.4125844],[-1.5715825,52.4127175],[-1.5715457,52.4128569]]}},{"type":"Feature","properties":{"id":4616216,"highway":"residential","name":"Trossachs Road","oneway":null,"junction":null},"geometry":{"type":"LineString","coordinates":[[-1.5772237,52.4126784],[-1.5765214,52.4124977],[-1.5763682,52.4124728],[-1.5762199,52.4124643],[-1.5760794,52.4124664],[-1.5759596,52.4124813],[-1.5758285,52.4125178],[-1.5756943,52.4125663],[-1.5755826,52.4126154],[-1.5755061,52.4126637],[-1.5754758,52.4126874],[-1.5754072,52.4127468],[-1.5753506,52.4128156],[-1.5753098,52.4129117],[-1.5751985,52.41344],[-1.5751829,52.4135142],[-1.5751136,52.4136343],[-1.5750173,52.4137311]]}},{"type":"Feature","properties":{"id":4630166,"highway":"residential","name":"Unicorn Lane","oneway":null,"junction":null},"geometry":{"type":"LineString","coordinates":[[-1.5780099,52.4150901],[-1.5774578,52.4151344],[-1.5770471,52.4151841],[-1.5760449,52.4150836],[-1.5749566,52.4150171],[-1.5748998,52.4150127],[-1.5748228,52.4150024],[-1.5747844,52.4149952],[-1.5743295,52.4149098]]}},{"type":"Feature","properties":{"id":4630167,"highway":"residential","name":"Nova Croft","oneway":null,"junction":null},"geometry":{"type":"LineString","coordinates":[[-1.5991629,52.4144918],[-1.5985942,52.4150347]]}},{"type":"Feature","properties":{"id":4630168,"highway":"residential","name":"William Bree Road","oneway":null,"junction":null},"geometry":{"type":"LineString","coordinates":[[-1.5982138,52.4176944],[-1.5981909,52.4177453],[-1.5979113,52.4182804]]}},{"type":"Feature","properties":{"id":4680695,"highway":"residential","name":"Staverton Close","oneway":null,"junction":null},"geometry":{"type":"LineString","coordinates":[[-1.5757203,52.4112283],[-1.5747581,52.4109542],[-1.5746774,52.4109407],[-1.5741187,52.4109452],[-1.5739776,52.410939],[-1.5738413,52.4109244],[-1.5736918,52.4108828]]}},{"type":"Feature","properties":{"id":4680696,"highway":"residential","name":"Ladbrook Road","oneway":null,"junction":null},"geometry":{"type":"LineString","coordinates":[[-1.5752343,52.4138118],[-1.5750173,52.4137311],[-1.574223,52.4134353],[-1.5738848,52.4133135],[-1.5737931,52.4132856],[-1.5736228,52.4132451],[-1.5728983,52.4130987],[-1.5725451,52.4130298],[-1.5720484,52.4129384],[-1.5718447,52.4129009],[-1.5715457,52.4128569],[-1.5713988,52.4128438],[-1.5712498,52.4128421],[-1.5710548,52.412856],[-1.5705034,52.4129548]]}},{"type":"Feature","properties":{"id":4680697,"highway":"residential","name":"Hanwood Close","oneway":null,"junction":null},"geometry":{"type":"LineString","coordinates":[[-1.5961111,52.415305],[-1.5961703,52.4152557],[-1.5964015,52.4150002],[-1.5964532,52.4149839],[-1.5965251,52.4149759],[-1.59659,52.4149673],[-1.5966346,52.4149487],[-1.5968496,52.4147],[-1.5968539,52.4146773],[-1.5968266,52.4146655],[-1.596767,52.4146518],[-1.5967097,52.4146549],[-1.5964015,52.4150002]]}},{"type":"Feature","properties":{"id":4680698,"highway":"residential","name":"Thornton Close","oneway":null,"junction":null},"geometry":{"type":"LineString","coordinates":[[-1.5976139,52.4165561],[-1.5975767,52.416455],[-1.5975919,52.416435],[-1.597619,52.4164153],[-1.5976474,52.4163997],[-1.5977167,52.4164019],[-1.5977608,52.416416],[-1.5977775,52.4164372],[-1.5977855,52.4164914],[-1.5977604,52.4165168],[-1.5977326,52.4165391],[-1.5976139,52.4165561],[-1.5969638,52.4166399],[-1.5968298,52.4166554]]}},{"type":"Feature","properties":{"id":4680699,"highway":"residential","name":"Garrick Close","oneway":null,"junction":null},"geometry":{"type":"LineString","coordinates":[[-1.5999067,52.4171114],[-1.5986327,52.416867],[-1.5985528,52.4168365],[-1.5984933,52.4168001],[-1.5984356,52.4167365],[-1.5983941,52.4166839],[-1.5983902,52.4166468],[-1.5983987,52.4165996],[-1.5985627,52.4162139],[-1.5987474,52.4157792],[-1.5989903,52.4158711]]}},{"type":"Feature","properties":{"id":4680700,"highway":"residential","name":"Orchard Drive","oneway":null,"junction":null},"geometry":{"type":"LineString","coordinates":[[-1.6015156,52.4165207],[-1.600694,52.4163989],[-1.6002462,52.4163325]]}},{"type":"Feature","properties":{"id":4710379,"highway":"residential","name":"Tudor Avenue","oneway":null,"junction":null},"geometry":{"type":"LineString","coordinates":[[-1.5785173,52.4121779],[-1.5777692,52.4120553],[-1.577691,52.412059],[-1.5776378,52.412064],[-1.5775855,52.412082],[-1.57752,52.4121291],[-1.5772237,52.4126784],[-1.576847,52.4134856],[-1.5767286,52.4137791],[-1.5766191,52.4139667],[-1.5765322,52.4140452]]}},{"type":"Feature","properties":{"id":4710380,"highway":"unclassified","name":"Eastern Green Road","oneway":null,"junction":null},"geometry":{"type":"LineString","coordinates":[[-1.5780099,52.4150901],[-1.5780188,52.4150287]]}},{"type":"Feature","properties":{"id":4710381,"highway":"residential","name":"Alspath Lane","oneway":null,"junction":null},"geometry":{"type":"LineString","coordinates":[[-1.5780168,52.4164651],[-1.5780817,52.4162634],[-1.5781852,52.4160795],[-1.5782843,52.4159033],[-1.5783146,52.4158225],[-1.578327,52.4157894],[-1.5783286,52.4156563],[-1.5782795,52.4155606]]}},{"type":"Feature","properties":{"id":4718651,"highway":"residential","name":"Tredington Road","oneway":null,"junction":null},"geometry":{"type":"LineString","coordinates":[[-1.5765322,52.4140452],[-1.5763967,52.4140051],[-1.5753385,52.4138439],[-1.5752926,52.4138314],[-1.5752343,52.4138118]]}},{"type":"Feature","properties":{"id":4718652,"highway":"residential","name":"Troutbeck Road","oneway":null,"junction":null},"geometry":{"type":"LineString","coordinates":[[-1.5781896,52.4142767],[-1.5779238,52.4142524],[-1.577691,52.4142666],[-1.5774258,52.4143019],[-1.5771479,52.414279],[-1.5768083,52.414172],[-1.5765322,52.4140452]]}},{"type":"Feature","properties":{"id":4718653,"highway":"residential","name":"Peregrine Drive","oneway":null,"junction":null},"geometry":{"type":"LineString","coordinates":[[-1.5747803,52.4195177],[-1.57464,52.419538],[-1.5743083,52.4195727],[-1.5742443,52.4195863],[-1.5741422,52.4196242],[-1.5740759,52.4196624],[-1.5739609,52.4197662],[-1.5739004,52.4198067],[-1.5738341,52.4198305],[-1.5737512,52.4198515],[-1.5735505,52.4198732],[-1.5735755,52.4199711],[-1.5736235,52.420092],[-1.5737099,52.4202489],[-1.573758,52.4203022],[-1.5738244,52.4203416],[-1.5738937,52.4203572],[-1.5739118,52.4203579],[-1.574014,52.4203473],[-1.5741536,52.4203306],[-1.5742424,52.4203052],[-1.5743981,52.4202444],[-1.5745587,52.4201952],[-1.5745966,52.4201683],[-1.5746046,52.42011]]}},{"type":"Feature","properties":{"id":4718655,"highway":"service","name":null,"oneway":null,"junction":null},"geometry":{"type":"LineString","coordinates":[[-1.5740759,52.4196624],[-1.5738438,52.4195522],[-1.5736497,52.4194616],[-1.5735692,52.4194073],[-1.5735849,52.4193786],[-1.5736135,52.4193214]]}},{"type":"Feature","properties":{"id":4718656,"highway":"residential","name":"Stonebury Avenue","oneway":null,"junction":null},"geometry":{"type":"LineString","coordinates":[[-1.5907787,52.4141297],[-1.5906465,52.4144403],[-1.5905757,52.4146634],[-1.5905604,52.4147723],[-1.5905574,52.414794]]}},{"type":"Feature","properties":{"id":4718659,"highway":"residential","name":"Cherry Wood Grove","oneway":null,"junction":null},"geometry":{"type":"LineString","coordinates":[[-1.576684,52.4202251],[-1.5766475,52.4201431],[-1.5766304,52.42007],[-1.5766226,52.4200126],[-1.5766197,52.4199707],[-1.5765377,52.4199555],[-1.5763926,52.4199372],[-1.5762562,52.4199128],[-1.5761222,52.4198761],[-1.5759781,52.4198169],[-1.5758778,52.419783],[-1.57577,52.4197653],[-1.5757008,52.4197545],[-1.575631,52.4197308],[-1.5755817,52.4196972],[-1.5755553,52.4196707],[-1.575536,52.419641],[-1.5754828,52.4194472]]}},{"type":"Feature","properties":{"id":4718660,"highway":"service","name":null,"oneway":null,"junction":null},"geometry":{"type":"LineString","coordinates":[[-1.575536,52.419641],[-1.5753601,52.4196585]]}},{"type":"Feature","properties":{"id":4718661,"highway":"service","name":null,"oneway":null,"junction":null},"geometry":{"type":"LineString","coordinates":[[-1.5766197,52.4199707],[-1.5766487,52.4199173],[-1.5768256,52.4196857]]}},{"type":"Feature","properties":{"id":4718662,"highway":"residential","name":"Juniper Drive","oneway":null,"junction":null},"geometry":{"type":"LineString","coordinates":[[-1.5778638,52.4199264],[-1.5777977,52.4198372]]}},{"type":"Feature","properties":{"id":4718666,"highway":"residential","name":"Grizebeck Drive","oneway":null,"junction":null},"geometry":{"type":"LineString","coordinates":[[-1.5721563,52.4212713],[-1.5720275,52.4212143],[-1.5717724,52.421089],[-1.5716792,52.4210155],[-1.5716347,52.4209346],[-1.5716181,52.4208605],[-1.5716189,52.4208262],[-1.5716202,52.4207725],[-1.571693,52.4206077],[-1.5717076,52.4205314],[-1.5717003,52.4204579],[-1.5716602,52.420377],[-1.5715073,52.4202276],[-1.5714563,52.4201657],[-1.5714305,52.4201036],[-1.5714271,52.42004],[-1.5714612,52.4198792],[-1.5714734,52.4197467],[-1.571463,52.4196013],[-1.5714488,52.4194945],[-1.5714071,52.4193543],[-1.5714019,52.4192853],[-1.5714173,52.419164]]}},{"type":"Feature","properties":{"id":4718668,"highway":"residential","name":"Goldthorn Close","oneway":null,"junction":null},"geometry":{"type":"LineString","coordinates":[[-1.5955578,52.4152202],[-1.5955552,52.4151304],[-1.5955173,52.4150107],[-1.5954473,52.4149217],[-1.595311,52.4148423],[-1.5949859,52.4147356]]}},{"type":"Feature","properties":{"id":4718669,"highway":"residential","name":"Beausale Croft","oneway":null,"junction":null},"geometry":{"type":"LineString","coordinates":[[-1.5702141,52.4123177],[-1.5700656,52.412339],[-1.5699844,52.4123507],[-1.5699039,52.4123736],[-1.5695669,52.4126445],[-1.5691111,52.4129956],[-1.5689671,52.4129361]]}},{"type":"Feature","properties":{"id":4718670,"highway":"residential","name":"Ufton Croft","oneway":null,"junction":null},"geometry":{"type":"LineString","coordinates":[[-1.5695669,52.4126445],[-1.5688421,52.4123058],[-1.5687128,52.4122385]]}},{"type":"Feature","properties":{"id":4718671,"highway":"residential","name":"Cantlow Close","oneway":null,"junction":null},"geometry":{"type":"LineString","coordinates":[[-1.5686609,52.4105072],[-1.5683793,52.4108308],[-1.5682961,52.4108979],[-1.568174,52.4109718],[-1.5680279,52.4110352],[-1.5678239,52.4110932],[-1.5673287,52.4112349],[-1.5672219,52.4112655]]}},{"type":"Feature","properties":{"id":4718672,"highway":"residential","name":"Bishopton Close","oneway":null,"junction":null},"geometry":{"type":"LineString","coordinates":[[-1.5653736,52.4089856],[-1.5654026,52.4092548],[-1.5654024,52.409511],[-1.5654023,52.4096664],[-1.5654019,52.4100508],[-1.5654127,52.4102812]]}},{"type":"Feature","properties":{"id":4741221,"highway":"residential","name":"Rothesay Avenue","oneway":null,"junction":null},"geometry":{"type":"LineString","coordinates":[[-1.5650143,52.4046603],[-1.5641582,52.4048594],[-1.5640788,52.4048741],[-1.5640153,52.4048834],[-1.5635866,52.4049177],[-1.5629406,52.4049765],[-1.562577,52.4050092],[-1.5619817,52.4050657],[-1.5619393,52.405076],[-1.5619074,52.4050907],[-1.5618816,52.4051085],[-1.5618647,52.4051301],[-1.5618552,52.405158],[-1.5617988,52.4056241]]}},{"type":"Feature","properties":{"id":4741222,"highway":"residential","name":"Lime Tree Avenue","oneway":null,"junction":null},"geometry":{"type":"LineString","coordinates":[[-1.5722652,52.403677],[-1.5700662,52.4041419],[-1.5684218,52.4044912],[-1.5666608,52.4048596],[-1.5652925,52.405141]]}},{"type":"Feature","properties":{"id":4741223,"highway":"residential","name":"Pine Tree Avenue","oneway":null,"junction":null},"geometry":{"type":"LineString","coordinates":[[-1.570618,52.405103],[-1.5700662,52.4041419]]}},{"type":"Feature","properties":{"id":4741225,"highway":"residential","name":"Larch Tree Avenue","oneway":null,"junction":null},"geometry":{"type":"LineString","coordinates":[[-1.5703926,52.405973],[-1.5707013,52.4063055],[-1.5707198,52.4063342],[-1.5707339,52.4063612],[-1.5707468,52.4063989],[-1.5709668,52.4072525],[-1.571312,52.4086114],[-1.5713148,52.4086328],[-1.5713106,52.4086496],[-1.5713035,52.4086721],[-1.5712905,52.4086892],[-1.5710326,52.4090361]]}},{"type":"Feature","properties":{"id":4741226,"highway":"residential","name":"Ash Tree Avenue","oneway":null,"junction":null},"geometry":{"type":"LineString","coordinates":[[-1.5678501,52.4057616],[-1.5682763,52.4065487],[-1.5686087,52.4071189]]}},{"type":"Feature","properties":{"id":4741227,"highway":"residential","name":"Napton Green","oneway":null,"junction":null},"geometry":{"type":"LineString","coordinates":[[-1.5691978,52.4093834],[-1.5688347,52.4092736],[-1.5686256,52.4095249],[-1.5686142,52.4095748],[-1.5686285,52.4096369],[-1.5686475,52.4096818]]}},{"type":"Feature","properties":{"id":4828760,"highway":"residential","name":"Polperro Drive","oneway":null,"junction":null},"geometry":{"type":"LineString","coordinates":[[-1.5749007,52.4186535],[-1.5742953,52.4185919],[-1.5742392,52.418592],[-1.5741575,52.4185922],[-1.5740275,52.4186007],[-1.57392,52.418625],[-1.5738184,52.4186642],[-1.5737591,52.4187111],[-1.5737161,52.4187666],[-1.5736905,52.4188348],[-1.5736697,52.4189084],[-1.5736364,52.4189552],[-1.573574,52.4190054],[-1.573494,52.4190428],[-1.5734035,52.4190688],[-1.573326,52.4190823],[-1.573236,52.4190847],[-1.573023,52.4190619],[-1.5729147,52.4190352],[-1.5728169,52.4189916],[-1.5727697,52.4189484],[-1.5727306,52.4188969],[-1.5727161,52.4188475],[-1.5727161,52.4187435],[-1.5726941,52.4186686],[-1.5726256,52.4185931],[-1.5725015,52.4185068],[-1.5724319,52.418463],[-1.5723136,52.418481],[-1.5721139,52.4185324],[-1.5718319,52.4186426]]}},{"type":"Feature","properties":{"id":4883197,"highway":"residential","name":"Beaumaris Close","oneway":null,"junction":null},"geometry":{"type":"LineString","coordinates":[[-1.5766219,52.4190572],[-1.5765864,52.4190045],[-1.5765168,52.4189646]]}},{"type":"Feature","properties":{"id":4883198,"highway":"residential","name":"Beaumaris Close","oneway":null,"junction":null},"geometry":{"type":"LineString","coordinates":[[-1.5751001,52.4190272],[-1.57516,52.4189892],[-1.5752018,52.4189813],[-1.5752785,52.4189809]]}},{"type":"Feature","properties":{"id":4883199,"highway":"residential","name":"Appledore Drive","oneway":null,"junction":null},"geometry":{"type":"LineString","coordinates":[[-1.5764134,52.4171334],[-1.576705,52.4172206],[-1.5769019,52.4172362],[-1.5769655,52.4172494],[-1.5769809,52.4172669],[-1.577004,52.4173046],[-1.5770121,52.4173627],[-1.5770003,52.4173966],[-1.5769464,52.4174736],[-1.5769238,52.4175374],[-1.5769164,52.4176046],[-1.5769202,52.4176359],[-1.576989,52.4178457],[-1.5770294,52.4179857],[-1.5770404,52.4180574],[-1.5770397,52.4181159],[-1.577031,52.4181618],[-1.5770149,52.4182138],[-1.5769853,52.4182513],[-1.5768754,52.4183638],[-1.576983,52.4184039],[-1.577435,52.4185545],[-1.5775288,52.4185909],[-1.5775676,52.4186065],[-1.5776455,52.4185607],[-1.5777586,52.4184702],[-1.577813,52.4184095],[-1.5778383,52.418363],[-1.5778577,52.4182392],[-1.5778812,52.4181866],[-1.5779706,52.4180693],[-1.5780211,52.4180495],[-1.5781162,52.4180523]]}},{"type":"Feature","properties":{"id":4883200,"highway":"residential","name":"Appledore Drive","oneway":null,"junction":null},"geometry":{"type":"LineString","coordinates":[[-1.576989,52.4178457],[-1.5767499,52.4178793],[-1.5766776,52.4178783],[-1.5766122,52.4178725],[-1.576516,52.4178597],[-1.5764458,52.4178574],[-1.5763798,52.4178664],[-1.5763517,52.4178821],[-1.5762623,52.4179414]]}},{"type":"Feature","properties":{"id":4883201,"highway":"residential","name":"Appledore Drive","oneway":null,"junction":null},"geometry":{"type":"LineString","coordinates":[[-1.5775676,52.4186065],[-1.5776221,52.418676],[-1.5776544,52.4187721],[-1.5776331,52.4188564],[-1.5775981,52.4189223],[-1.5775472,52.4190018],[-1.5775097,52.4191149],[-1.5775158,52.4191769],[-1.5775486,52.4192025],[-1.577636,52.4192406]]}},{"type":"Feature","properties":{"id":4883202,"highway":"residential","name":"Barnstaple Close","oneway":null,"junction":null},"geometry":{"type":"LineString","coordinates":[[-1.5758135,52.4175992],[-1.5755362,52.4174586],[-1.5754337,52.4173891],[-1.5753856,52.4173233],[-1.5753752,52.4172845],[-1.5754009,52.4172464],[-1.5757176,52.4170136],[-1.5756986,52.4169942],[-1.5756873,52.4169689],[-1.5756857,52.416939],[-1.5758192,52.4168054]]}},{"type":"Feature","properties":{"id":4912256,"highway":"trunk_link","name":null,"oneway":"yes","junction":null},"geometry":{"type":"LineString","coordinates":[[-1.5694706,52.4208747],[-1.5693789,52.4203835],[-1.5692362,52.4194951],[-1.5690077,52.4184691],[-1.5690292,52.4183573]]}},{"type":"Feature","properties":{"id":4918996,"highway":"residential","name":"Martin Close","oneway":null,"junction":null},"geometry":{"type":"LineString","coordinates":[[-1.5880119,52.4158266],[-1.5878501,52.4161724],[-1.5877173,52.4165798],[-1.5876736,52.4167142],[-1.5876272,52.4167899],[-1.5874708,52.4167605],[-1.5872086,52.416712]]}},{"type":"Feature","properties":{"id":4918997,"highway":"residential","name":"Osbaston Close","oneway":null,"junction":null},"geometry":{"type":"LineString","coordinates":[[-1.5870905,52.4166896],[-1.586886,52.4166495],[-1.5868287,52.4166299],[-1.58679,52.4166023],[-1.5867719,52.4165669],[-1.586688,52.4160269],[-1.5866672,52.4156934]]}},{"type":"Feature","properties":{"id":4918998,"highway":"residential","name":"Derwent Close","oneway":null,"junction":null},"geometry":{"type":"LineString","coordinates":[[-1.5857334,52.4163529],[-1.585708,52.4163822],[-1.5856519,52.4163993],[-1.5856083,52.416402]]}},{"type":"Feature","properties":{"id":4918999,"highway":"residential","name":"Stonebury Avenue","oneway":null,"junction":null},"geometry":{"type":"LineString","coordinates":[[-1.5917021,52.4142787],[-1.5916224,52.4145327],[-1.5915994,52.4146447],[-1.5915845,52.4147643]]}},{"type":"Feature","properties":{"id":4919001,"highway":"residential","name":"Stonebury Avenue","oneway":null,"junction":null},"geometry":{"type":"LineString","coordinates":[[-1.5886063,52.4140558],[-1.5884857,52.4146705]]}},{"type":"Feature","properties":{"id":4919002,"highway":"residential","name":"Stonebury Avenue","oneway":null,"junction":null},"geometry":{"type":"LineString","coordinates":[[-1.5876234,52.4139665],[-1.5874898,52.4145725]]}},{"type":"Feature","properties":{"id":4919003,"highway":"residential","name":"Stonebury Avenue","oneway":null,"junction":null},"geometry":{"type":"LineString","coordinates":[[-1.5865842,52.4138805],[-1.5865,52.4144105],[-1.5864719,52.4147452]]}},{"type":"Feature","properties":{"id":4919004,"highway":"service","name":null,"oneway":null,"junction":null},"geometry":{"type":"LineString","coordinates":[[-1.5856573,52.4138724],[-1.5856039,52.4139519],[-1.5855722,52.4139761],[-1.5852261,52.4140429],[-1.5848948,52.4141231],[-1.5848312,52.4141159],[-1.5847818,52.4140578]]}},{"type":"Feature","properties":{"id":4919005,"highway":"residential","name":"Wiltshire Close","oneway":null,"junction":null},"geometry":{"type":"LineString","coordinates":[[-1.5669054,52.4123798],[-1.5666357,52.412476],[-1.5660629,52.4126967],[-1.5659909,52.4127295],[-1.5658694,52.4128316],[-1.5656358,52.4130279]]}},{"type":"Feature","properties":{"id":4919006,"highway":"residential","name":"Essex Close","oneway":null,"junction":null},"geometry":{"type":"LineString","coordinates":[[-1.5643274,52.4110933],[-1.564074,52.4112822],[-1.56394,52.4113601],[-1.5635655,52.4114949],[-1.5633798,52.4115766],[-1.5633462,52.4115959],[-1.5633314,52.4116044],[-1.5632202,52.4116681],[-1.5632058,52.4116988],[-1.5632071,52.411729],[-1.5632769,52.4117732]]}},{"type":"Feature","properties":{"id":4919007,"highway":"residential","name":"Perth Rise","oneway":null,"junction":null},"geometry":{"type":"LineString","coordinates":[[-1.5716774,52.4153081],[-1.5715546,52.4153625],[-1.5713552,52.4154471],[-1.5706113,52.4157153],[-1.5705132,52.4156177]]}},{"type":"Feature","properties":{"id":4921339,"highway":"residential","name":"Monmouth Close","oneway":null,"junction":null},"geometry":{"type":"LineString","coordinates":[[-1.565242,52.4112858],[-1.5651475,52.4115309],[-1.565101,52.4115811],[-1.5643585,52.4121001],[-1.5642053,52.4122071],[-1.5640641,52.4121455]]}},{"type":"Feature","properties":{"id":4921341,"highway":"residential","name":"Caithness Close","oneway":null,"junction":null},"geometry":{"type":"LineString","coordinates":[[-1.5723044,52.4156525],[-1.5721474,52.4159093],[-1.5720895,52.4160927],[-1.5720254,52.4161891],[-1.5718727,52.4162238],[-1.5714013,52.4162731],[-1.5708448,52.4163347]]}},{"type":"Feature","properties":{"id":8133556,"highway":"residential","name":"Lyndhurst Croft","oneway":null,"junction":null},"geometry":{"type":"LineString","coordinates":[[-1.5995694,52.415419],[-1.5994828,52.4155076],[-1.5994006,52.4155908]]}},{"type":"Feature","properties":{"id":8147345,"highway":"residential","name":"Olton Road","oneway":"yes","junction":null},"geometry":{"type":"LineString","coordinates":[[-1.5825129,52.4136651],[-1.5825466,52.4138863],[-1.5825346,52.4139296],[-1.582499,52.4139629],[-1.5824557,52.4139884]]}},{"type":"Feature","properties":{"id":8151853,"highway":"service","name":null,"oneway":null,"junction":null},"geometry":{"type":"LineString","coordinates":[[-1.5735692,52.4194073],[-1.5735166,52.4194217],[-1.5734442,52.4194332]]}},{"type":"Feature","properties":{"id":8151855,"highway":"residential","name":"Juniper Drive","oneway":null,"junction":null},"geometry":{"type":"LineString","coordinates":[[-1.5778638,52.4199264],[-1.5780185,52.4199358]]}},{"type":"Feature","properties":{"id":8152148,"highway":"residential","name":"Pine Tree Avenue","oneway":null,"junction":null},"geometry":{"type":"LineString","coordinates":[[-1.570618,52.405103],[-1.5709566,52.4056678],[-1.5709689,52.4057067],[-1.5709762,52.4057467]]}},{"type":"Feature","properties":{"id":8153489,"highway":"residential","name":"Polperro Drive","oneway":null,"junction":null},"geometry":{"type":"LineString","coordinates":[[-1.5724319,52.418463],[-1.5724344,52.4183715],[-1.572399,52.4181335],[-1.5720451,52.4181068]]}},{"type":"Feature","properties":{"id":8368184,"highway":"residential","name":"Aldrich Avenue","oneway":null,"junction":null},"geometry":{"type":"LineString","coordinates":[[-1.5850016,52.409116],[-1.5851289,52.4088157],[-1.5851498,52.4087262],[-1.5851677,52.4086498],[-1.5851734,52.4085407],[-1.5851713,52.4084576],[-1.5851319,52.4083379],[-1.585083,52.4082331],[-1.5850297,52.4081429]]}},{"type":"Feature","properties":{"id":8368187,"highway":"residential","name":"Empire Road","oneway":null,"junction":null},"geometry":{"type":"LineString","coordinates":[[-1.5837244,52.4069961],[-1.5841459,52.4069634],[-1.5842418,52.4069555],[-1.585126,52.4068939],[-1.5852347,52.4068669],[-1.5852555,52.4068618],[-1.5852872,52.4068248],[-1.5853161,52.4067827],[-1.5853213,52.4067372],[-1.5851022,52.4053915]]}},{"type":"Feature","properties":{"id":8368188,"highway":"residential","name":"Roosevelt Drive","oneway":null,"junction":null},"geometry":{"type":"LineString","coordinates":[[-1.5851022,52.4053915],[-1.5846651,52.405419],[-1.583444,52.4054995]]}},{"type":"Feature","properties":{"id":8404954,"highway":"service","name":null,"oneway":null,"junction":null},"geometry":{"type":"LineString","coordinates":[[-1.5951849,52.4190815],[-1.5953616,52.4188044]]}},{"type":"Feature","properties":{"id":8404955,"highway":"service","name":null,"oneway":null,"junction":null},"geometry":{"type":"LineString","coordinates":[[-1.5965811,52.419126],[-1.59614,52.4190097],[-1.5953616,52.4188044],[-1.5952345,52.4187709]]}},{"type":"Feature","properties":{"id":8405023,"highway":"residential","name":"Delius Street","oneway":null,"junction":null},"geometry":{"type":"LineString","coordinates":[[-1.5864813,52.4100082],[-1.5864726,52.4099776],[-1.5864529,52.4099439],[-1.5864274,52.4099108],[-1.5863844,52.4098807],[-1.5863262,52.4098612],[-1.5859672,52.409794],[-1.5859067,52.4097749],[-1.5858685,52.4097499],[-1.5858346,52.4097162],[-1.5858141,52.4096808],[-1.5857671,52.4094654],[-1.5857434,52.4094081],[-1.5857038,52.4093539],[-1.5856292,52.4092876],[-1.5855081,52.4092219],[-1.5853968,52.409187],[-1.5852866,52.4091637],[-1.5850943,52.4091315],[-1.5850016,52.409116]]}},{"type":"Feature","properties":{"id":8406580,"highway":"residential","name":"Ashcombe Drive","oneway":null,"junction":null},"geometry":{"type":"LineString","coordinates":[[-1.5759985,52.4095262],[-1.5758988,52.4094536],[-1.5758694,52.4094388],[-1.5757713,52.4093896],[-1.5755037,52.4092911],[-1.5753478,52.4092542],[-1.5752086,52.4092315],[-1.575043,52.4092239],[-1.574927,52.4092311],[-1.5748568,52.4092413],[-1.5747669,52.4092606],[-1.5746789,52.4092799],[-1.5745811,52.4092972],[-1.5744874,52.4093078],[-1.5743151,52.4093099]]}},{"type":"Feature","properties":{"id":8480003,"highway":"residential","name":"James Green Road","oneway":null,"junction":null},"geometry":{"type":"LineString","coordinates":[[-1.5813841,52.405714],[-1.5809119,52.4056394],[-1.5801737,52.4055209],[-1.5798332,52.405464],[-1.5797677,52.4054419],[-1.5797137,52.4054002],[-1.5797067,52.4053369],[-1.5797228,52.4052912],[-1.5798595,52.4049885],[-1.5799354,52.4048204],[-1.5800284,52.4045924],[-1.5800816,52.4043151],[-1.5801031,52.4041171],[-1.5801159,52.40387],[-1.5800852,52.4035449]]}},{"type":"Feature","properties":{"id":13620241,"highway":"residential","name":"Dyson Street","oneway":null,"junction":null},"geometry":{"type":"LineString","coordinates":[[-1.5864073,52.4112143],[-1.5849176,52.4111511]]}},{"type":"Feature","properties":{"id":13620245,"highway":"residential","name":"Dunhill Avenue","oneway":null,"junction":null},"geometry":{"type":"LineString","coordinates":[[-1.581679,52.4093103],[-1.5825496,52.4094894],[-1.5834252,52.409668],[-1.5842604,52.4098342],[-1.5848009,52.4099455],[-1.5848643,52.4099639],[-1.5849094,52.4099911],[-1.5849393,52.4100176],[-1.5849609,52.4100448],[-1.5849706,52.4100759],[-1.5849731,52.4101015],[-1.5849497,52.4106045],[-1.5849176,52.4111511],[-1.5848908,52.4114596],[-1.5848799,52.4114852],[-1.5848571,52.4115103],[-1.5848352,52.4115292],[-1.5848043,52.4115476],[-1.5847635,52.411561],[-1.5843823,52.4116598]]}},{"type":"Feature","properties":{"id":13620256,"highway":"residential","name":"Coleman Street","oneway":null,"junction":null},"geometry":{"type":"LineString","coordinates":[[-1.5821077,52.408616],[-1.5820393,52.4086932],[-1.5819913,52.4087554],[-1.5819342,52.4088396],[-1.5818787,52.4089419],[-1.5817849,52.409115],[-1.581679,52.4093103],[-1.5814819,52.4096018],[-1.5814402,52.409625],[-1.5813876,52.40964],[-1.5813261,52.4096475],[-1.5810166,52.4096344],[-1.5808754,52.4096305],[-1.5804557,52.4096082]]}},{"type":"Feature","properties":{"id":13620257,"highway":"residential","name":"Loder Close","oneway":null,"junction":null},"geometry":{"type":"LineString","coordinates":[[-1.5791602,52.4097175],[-1.5804218,52.4099124]]}},{"type":"Feature","properties":{"id":14048642,"highway":"residential","name":"George Hodgkinson Close","oneway":null,"junction":null},"geometry":{"type":"LineString","coordinates":[[-1.5770631,52.4093278],[-1.5771856,52.4090191],[-1.5772028,52.408978],[-1.5772147,52.4089357],[-1.5772109,52.408897],[-1.5772001,52.4088669],[-1.5771797,52.4088376],[-1.5771348,52.4088009],[-1.5770868,52.4087745],[-1.5770361,52.4087573],[-1.5769279,52.4087418],[-1.5768366,52.4087294],[-1.5767908,52.4087161],[-1.5766832,52.4086507]]}},{"type":"Feature","properties":{"id":14048643,"highway":"residential","name":"The Glade","oneway":null,"junction":null},"geometry":{"type":"LineString","coordinates":[[-1.5760656,52.4104878],[-1.5764958,52.4099516],[-1.5765197,52.4099066],[-1.5765269,52.4098719],[-1.5765254,52.4098329],[-1.5765043,52.4098061],[-1.5764751,52.4097795],[-1.5764336,52.4097577],[-1.5762227,52.4096818]]}},{"type":"Feature","properties":{"id":14048646,"highway":"residential","name":"Dunhill Avenue","oneway":null,"junction":null},"geometry":{"type":"LineString","coordinates":[[-1.5840632,52.4102069],[-1.5842604,52.4098342]]}},{"type":"Feature","properties":{"id":14048647,"highway":"residential","name":"Dunhill Avenue","oneway":null,"junction":null},"geometry":{"type":"LineString","coordinates":[[-1.5831163,52.4102385],[-1.5834252,52.409668]]}},{"type":"Feature","properties":{"id":14048648,"highway":"residential","name":"Dunhill Avenue","oneway":null,"junction":null},"geometry":{"type":"LineString","coordinates":[[-1.5823503,52.4098239],[-1.5825496,52.4094894]]}},{"type":"Feature","properties":{"id":14048649,"highway":"residential","name":"Wheate Croft","oneway":null,"junction":null},"geometry":{"type":"LineString","coordinates":[[-1.5817652,52.4048051],[-1.581015,52.4047123],[-1.5808937,52.4046976],[-1.5807483,52.4046799],[-1.5800284,52.4045924]]}},{"type":"Feature","properties":{"id":14265912,"highway":"unclassified","name":"Brazil Street","oneway":null,"junction":null},"geometry":{"type":"LineString","coordinates":[[-1.5826317,52.4055461],[-1.5825535,52.4046502]]}},{"type":"Feature","properties":{"id":14265915,"highway":"residential","name":"Bush Close","oneway":null,"junction":null},"geometry":{"type":"LineString","coordinates":[[-1.5803026,52.4104861],[-1.5801583,52.4104624],[-1.5790688,52.4102888],[-1.5789204,52.41027]]}},{"type":"Feature","properties":{"id":14265916,"highway":"residential","name":"Shepherd Close","oneway":null,"junction":null},"geometry":{"type":"LineString","coordinates":[[-1.5804542,52.4093512],[-1.580302,52.4093352],[-1.5795502,52.4092186],[-1.5795016,52.4091976],[-1.5794736,52.4091659],[-1.5794431,52.4091208],[-1.5794649,52.4090428],[-1.5796024,52.4087148],[-1.5796546,52.4085903],[-1.579579,52.4085786],[-1.5795285,52.4085687]]}},{"type":"Feature","properties":{"id":14265917,"highway":"residential","name":"Gibbons Close","oneway":null,"junction":null},"geometry":{"type":"LineString","coordinates":[[-1.5793784,52.4081418],[-1.5791672,52.4076557],[-1.5791437,52.4076111],[-1.5790928,52.4075145]]}},{"type":"Feature","properties":{"id":14265918,"highway":"residential","name":"Joshua Close","oneway":null,"junction":null},"geometry":{"type":"LineString","coordinates":[[-1.5740544,52.4071156],[-1.5743506,52.407118],[-1.5744695,52.4071136],[-1.5747009,52.4070836]]}},{"type":"Feature","properties":{"id":14265920,"highway":"residential","name":"James Green Road","oneway":null,"junction":null},"geometry":{"type":"LineString","coordinates":[[-1.5797137,52.4054002],[-1.5795992,52.4054229],[-1.5794558,52.4054327],[-1.5790019,52.4053548]]}},{"type":"Feature","properties":{"id":14265921,"highway":"residential","name":"Boar Croft","oneway":null,"junction":null},"geometry":{"type":"LineString","coordinates":[[-1.5798595,52.4049885],[-1.5791437,52.4048704]]}},{"type":"Feature","properties":{"id":14480043,"highway":"residential","name":"Thirlmere Close","oneway":null,"junction":null},"geometry":{"type":"LineString","coordinates":[[-1.5863048,52.4121229],[-1.5857566,52.412018],[-1.5856456,52.4119967],[-1.5855795,52.4119767],[-1.5855344,52.4119397],[-1.5855181,52.4119006],[-1.5855211,52.4118647],[-1.5855361,52.4116341],[-1.5855487,52.4115982],[-1.5855713,52.4115735],[-1.5856018,52.411555],[-1.5856378,52.4115456],[-1.5856886,52.4115406],[-1.5857956,52.411545]]}},{"type":"Feature","properties":{"id":14480045,"highway":"residential","name":"Cavendish Road","oneway":null,"junction":null},"geometry":{"type":"LineString","coordinates":[[-1.5850297,52.4081429],[-1.5848032,52.4081561],[-1.5843093,52.4081718],[-1.5837508,52.4081853],[-1.5835792,52.4081848],[-1.583219,52.4081506],[-1.5830421,52.408127],[-1.5827961,52.4080776],[-1.5825754,52.4080214],[-1.5823605,52.4079542],[-1.5821917,52.4078941],[-1.5818529,52.4077152]]}},{"type":"Feature","properties":{"id":15025066,"highway":"residential","name":"Ferndown Close","oneway":null,"junction":null},"geometry":{"type":"LineString","coordinates":[[-1.5755407,52.4099235],[-1.5752781,52.4098636],[-1.5751418,52.4098243],[-1.5750713,52.4098018],[-1.5750048,52.4097606],[-1.5749578,52.4097134],[-1.5749393,52.4096608],[-1.5749419,52.4096057],[-1.5749649,52.4095124],[-1.5749733,52.4094367],[-1.574962,52.4093459],[-1.574927,52.4092311]]}},{"type":"Feature","properties":{"id":15025067,"highway":"residential","name":"Luther Way","oneway":null,"junction":null},"geometry":{"type":"LineString","coordinates":[[-1.5792269,52.4146434],[-1.5790781,52.4146223],[-1.5781068,52.4145483]]}},{"type":"Feature","properties":{"id":15092709,"highway":"residential","name":"Goode Croft","oneway":null,"junction":null},"geometry":{"type":"LineString","coordinates":[[-1.5758735,52.4085769],[-1.5761749,52.4078557]]}},{"type":"Feature","properties":{"id":15092710,"highway":"residential","name":"Langley Croft","oneway":null,"junction":null},"geometry":{"type":"LineString","coordinates":[[-1.575075,52.4085482],[-1.5750661,52.4084686],[-1.5750329,52.4081706],[-1.5749232,52.4077027],[-1.5748912,52.407593]]}},{"type":"Feature","properties":{"id":15545438,"highway":"residential","name":"Lime Grove","oneway":null,"junction":null},"geometry":{"type":"LineString","coordinates":[[-1.5666608,52.4048596],[-1.5665792,52.4047027],[-1.5665334,52.4046488],[-1.5661739,52.4042861],[-1.5660231,52.4041103]]}},{"type":"Feature","properties":{"id":15545440,"highway":"residential","name":"Woodcraft Close","oneway":null,"junction":null},"geometry":{"type":"LineString","coordinates":[[-1.5730066,52.4053511],[-1.5733563,52.4053129],[-1.5736015,52.4052811],[-1.5738037,52.4052523],[-1.5739023,52.4051916],[-1.5739326,52.4051158],[-1.5738968,52.4050356],[-1.5738426,52.4050054],[-1.5737994,52.4049572],[-1.5737506,52.4048189]]}},{"type":"Feature","properties":{"id":15545443,"highway":"service","name":null,"oneway":null,"junction":null},"geometry":{"type":"LineString","coordinates":[[-1.5779212,52.4065544],[-1.5779296,52.406699],[-1.5779376,52.4068361],[-1.5779288,52.4068641],[-1.5779047,52.4068853],[-1.5778685,52.4069083],[-1.5778256,52.4069213],[-1.57778,52.4069328],[-1.577702,52.4069428],[-1.5768531,52.4069285]]}},{"type":"Feature","properties":{"id":15545444,"highway":"service","name":"Jardine Crescent","oneway":null,"junction":null},"geometry":{"type":"LineString","coordinates":[[-1.5790151,52.4064802],[-1.5791057,52.4068308],[-1.5791051,52.4068595],[-1.5790998,52.4068852],[-1.5790718,52.4069397],[-1.5789607,52.4070925]]}},{"type":"Feature","properties":{"id":15545445,"highway":"residential","name":"Ferrers Close","oneway":null,"junction":null},"geometry":{"type":"LineString","coordinates":[[-1.5781193,52.4083644],[-1.5781508,52.4083124],[-1.5781774,52.4082601],[-1.5782119,52.4081444],[-1.5782155,52.4080522],[-1.5782077,52.40801],[-1.5782001,52.4079682],[-1.5781587,52.4078784],[-1.5781209,52.4078006],[-1.5780615,52.4077135],[-1.5779974,52.4076327],[-1.5779596,52.4075994]]}},{"type":"Feature","properties":{"id":15545452,"highway":"residential","name":"Thomas Naul Croft","oneway":null,"junction":null},"geometry":{"type":"LineString","coordinates":[[-1.578423,52.408409],[-1.5782514,52.4088622]]}},{"type":"Feature","properties":{"id":15545453,"highway":"residential","name":"Unicorn Lane","oneway":null,"junction":null},"geometry":{"type":"LineString","coordinates":[[-1.573032,52.4147118],[-1.5728855,52.4147222]]}},{"type":"Feature","properties":{"id":16981439,"highway":"trunk","name":"Dunchurch Highway","oneway":"yes","junction":null},"geometry":{"type":"LineString","coordinates":[[-1.570027,52.4213453],[-1.5697803,52.4206195],[-1.5690292,52.4183573]]}},{"type":"Feature","properties":{"id":32567148,"highway":"service","name":null,"oneway":"yes","junction":null},"geometry":{"type":"LineString","coordinates":[[-1.5747583,52.4063748],[-1.5747538,52.4064155],[-1.5747438,52.4064345],[-1.5747229,52.40645],[-1.5745001,52.4065327],[-1.5744724,52.4065366],[-1.5744433,52.4065364],[-1.574415,52.4065311],[-1.5743938,52.4065221],[-1.5743734,52.406512],[-1.5743581,52.4064993],[-1.5743473,52.4064869],[-1.5743416,52.4064736],[-1.5743371,52.4064352],[-1.5743358,52.4064095],[-1.5743339,52.4063776]]}},{"type":"Feature","properties":{"id":34589784,"highway":"residential","name":"Cromarty Close","oneway":null,"junction":null},"geometry":{"type":"LineString","coordinates":[[-1.5701368,52.4172361],[-1.5698235,52.4172776],[-1.5693596,52.417337],[-1.5693353,52.4172434]]}},{"type":"Feature","properties":{"id":34589785,"highway":"residential","name":"Ross Close","oneway":null,"junction":null},"geometry":{"type":"LineString","coordinates":[[-1.5703459,52.4175556],[-1.5702789,52.4176659],[-1.5702274,52.417717],[-1.5701029,52.4177617],[-1.569525,52.41784],[-1.5695445,52.4179223]]}},{"type":"Feature","properties":{"id":34589786,"highway":"residential","name":"Aberdeen Close","oneway":null,"junction":null},"geometry":{"type":"LineString","coordinates":[[-1.5710974,52.4175061],[-1.5712059,52.4178223],[-1.571221,52.4178611],[-1.5712313,52.4179385],[-1.5712144,52.4179918],[-1.5711709,52.4180469],[-1.5710436,52.4181303],[-1.5709827,52.4181624],[-1.5709193,52.4181827],[-1.5708319,52.4181972],[-1.5702031,52.4182815],[-1.5702366,52.418377]]}},{"type":"Feature","properties":{"id":37997304,"highway":"residential","name":"Handsworth Crescent","oneway":null,"junction":null},"geometry":{"type":"LineString","coordinates":[[-1.5807631,52.4127589],[-1.5806627,52.4126672],[-1.5805812,52.4125144],[-1.5805996,52.4120975],[-1.5805507,52.4120453],[-1.5802115,52.4119899]]}},{"type":"Feature","properties":{"id":38839788,"highway":"tertiary","name":"Lower Eastern Green Lane","oneway":null,"junction":null},"geometry":{"type":"LineString","coordinates":[[-1.5804028,52.4169612],[-1.5802509,52.4169441],[-1.5800855,52.4169181],[-1.5799243,52.4168865],[-1.5795447,52.4167693],[-1.5790711,52.4166377],[-1.5788917,52.4165985],[-1.5786115,52.4165394],[-1.5783154,52.4164972],[-1.5780168,52.4164651]]}},{"type":"Feature","properties":{"id":39492908,"highway":"residential","name":"High Park Close","oneway":null,"junction":null},"geometry":{"type":"LineString","coordinates":[[-1.5759596,52.4124813],[-1.5759236,52.4123238],[-1.5759236,52.4122187],[-1.5759643,52.4121389],[-1.5765315,52.4114862],[-1.5767106,52.4112801]]}},{"type":"Feature","properties":{"id":39644374,"highway":"residential","name":"Angus Close","oneway":null,"junction":null},"geometry":{"type":"LineString","coordinates":[[-1.5726946,52.4157719],[-1.5728983,52.4154127],[-1.57296,52.4153106]]}},{"type":"Feature","properties":{"id":39644375,"highway":"residential","name":"Shetland Close","oneway":null,"junction":null},"geometry":{"type":"LineString","coordinates":[[-1.5734846,52.4159699],[-1.5737969,52.4154472],[-1.5738651,52.4153226]]}},{"type":"Feature","properties":{"id":43118371,"highway":"unclassified","name":"Jardine Crescent","oneway":null,"junction":null},"geometry":{"type":"LineString","coordinates":[[-1.5810472,52.4064806],[-1.5809576,52.4064834],[-1.5809154,52.4064831],[-1.5805988,52.4064429],[-1.5804367,52.4064301],[-1.5802925,52.4064197],[-1.5800263,52.4064142],[-1.5798572,52.4064174],[-1.5796993,52.4064256],[-1.5794682,52.4064446],[-1.5792093,52.406464],[-1.5790151,52.4064802],[-1.5787984,52.4065011],[-1.5782422,52.4065419],[-1.5779212,52.4065544],[-1.5777721,52.4065546],[-1.5777053,52.4065547],[-1.5774335,52.4065549],[-1.5770849,52.4065465],[-1.5769021,52.4065402],[-1.5767635,52.4065354],[-1.5764618,52.4065186],[-1.5763763,52.4065119],[-1.5761643,52.4064952],[-1.57601,52.4064818],[-1.5755237,52.4064396],[-1.5754436,52.4064319],[-1.575014,52.4063903],[-1.5748701,52.4063799],[-1.5747583,52.4063748]]}},{"type":"Feature","properties":{"id":43118373,"highway":"tertiary","name":"Broad Lane","oneway":null,"junction":null},"geometry":{"type":"LineString","coordinates":[[-1.5797317,52.411366],[-1.5798684,52.4114075],[-1.580239,52.4115275],[-1.5806976,52.4116726],[-1.5808994,52.4117364],[-1.5812262,52.4118243],[-1.5813411,52.4118532],[-1.5819443,52.4120051],[-1.5826487,52.4121664],[-1.5829986,52.4122333],[-1.5831124,52.4122551],[-1.584244,52.4124671],[-1.584775,52.4125572],[-1.5850802,52.412609],[-1.5854789,52.4126667],[-1.5858521,52.4127207],[-1.5861661,52.4127677]]}},{"type":"Feature","properties":{"id":43285101,"highway":"tertiary","name":"Broad Lane","oneway":null,"junction":null},"geometry":{"type":"LineString","coordinates":[[-1.5744846,52.4100101],[-1.5751003,52.4102031],[-1.5760656,52.4104878],[-1.5770311,52.4107694],[-1.5776624,52.4109466],[-1.5781528,52.4110678],[-1.578355,52.4111098],[-1.5784477,52.411129],[-1.5786101,52.4111602],[-1.578804,52.4111939]]}},{"type":"Feature","properties":{"id":43285102,"highway":"tertiary","name":"Broad Lane","oneway":null,"junction":null},"geometry":{"type":"LineString","coordinates":[[-1.596945,52.4137196],[-1.596765,52.4137279],[-1.5966302,52.4137356],[-1.5963356,52.4137229],[-1.5959349,52.4137056],[-1.5950771,52.4136597],[-1.5943719,52.4136248],[-1.5938761,52.4135972],[-1.5933536,52.4135539],[-1.5933049,52.4135496],[-1.5930103,52.4135162]]}},{"type":"Feature","properties":{"id":43285104,"highway":"tertiary","name":"Broad Lane","oneway":null,"junction":null},"geometry":{"type":"LineString","coordinates":[[-1.6008595,52.4151742],[-1.6000686,52.414858],[-1.5991629,52.4144918],[-1.5974884,52.4138693],[-1.5974213,52.4138433],[-1.5971749,52.4137523]]}},{"type":"Feature","properties":{"id":43336345,"highway":"tertiary","name":"Hockley Lane","oneway":null,"junction":null},"geometry":{"type":"LineString","coordinates":[[-1.5995814,52.4179551],[-1.599596,52.4179192],[-1.5996269,52.4178434],[-1.5996973,52.4176707],[-1.5997918,52.4174356],[-1.5999067,52.4171114],[-1.5999582,52.4170009],[-1.6002462,52.4163325],[-1.6004232,52.4159027],[-1.6004969,52.4157333],[-1.6005853,52.4155588],[-1.6007133,52.415353],[-1.6007851,52.4152524],[-1.6008595,52.4151742]]}},{"type":"Feature","properties":{"id":43336359,"highway":"residential","name":"Sutton Avenue","oneway":null,"junction":null},"geometry":{"type":"LineString","coordinates":[[-1.5882491,52.4176015],[-1.5883424,52.4174311],[-1.5887199,52.4167753],[-1.5889778,52.4163325],[-1.5890503,52.4162081],[-1.5891518,52.4160447]]}},{"type":"Feature","properties":{"id":43336370,"highway":"tertiary","name":"Job's Lane","oneway":null,"junction":null},"geometry":{"type":"LineString","coordinates":[[-1.5734555,52.4064845],[-1.5735676,52.4068017]]}},{"type":"Feature","properties":{"id":48274984,"highway":"unclassified","name":"Wilmcote Green","oneway":null,"junction":null},"geometry":{"type":"LineString","coordinates":[[-1.5703563,52.4119212],[-1.5704334,52.4119446],[-1.5705105,52.4119679],[-1.5711773,52.4118831],[-1.5712232,52.4118593],[-1.5712311,52.4117985],[-1.5711695,52.4115785],[-1.5710536,52.4114968],[-1.5709824,52.4114466]]}},{"type":"Feature","properties":{"id":50127636,"highway":"tertiary","name":"Broad Lane","oneway":null,"junction":null},"geometry":{"type":"LineString","coordinates":[[-1.6040978,52.4158928],[-1.6032924,52.4158495],[-1.6030582,52.4158253],[-1.6027369,52.4157868],[-1.6023903,52.4157223],[-1.6020629,52.4156398],[-1.6018684,52.415573],[-1.6008595,52.4151742]]}},{"type":"Feature","properties":{"id":50127637,"highway":"tertiary","name":"Broad Lane","oneway":null,"junction":null},"geometry":{"type":"LineString","coordinates":[[-1.6061462,52.41584],[-1.6052402,52.4158671],[-1.6047007,52.4158843],[-1.6045599,52.4158891]]}},{"type":"Feature","properties":{"id":56675464,"highway":"service","name":null,"oneway":null,"junction":null},"geometry":{"type":"LineString","coordinates":[[-1.5622745,52.4059094],[-1.5623292,52.4056782]]}},{"type":"Feature","properties":{"id":56675470,"highway":"service","name":"Windsor Court","oneway":null,"junction":null},"geometry":{"type":"LineString","coordinates":[[-1.5637998,52.4058094],[-1.5638681,52.4054963],[-1.5638963,52.4054789],[-1.5639303,52.4054606],[-1.5642318,52.4054168],[-1.5645141,52.4054305]]}},{"type":"Feature","properties":{"id":56675495,"highway":"service","name":null,"oneway":null,"junction":null},"geometry":{"type":"LineString","coordinates":[[-1.5628104,52.4060767],[-1.5628798,52.4057271]]}},{"type":"Feature","properties":{"id":56675524,"highway":"service","name":null,"oneway":null,"junction":null},"geometry":{"type":"LineString","coordinates":[[-1.5635866,52.4049177],[-1.5636132,52.4050386],[-1.5636804,52.4053434],[-1.5634278,52.4053911],[-1.5633449,52.4056459],[-1.5633051,52.405768]]}},{"type":"Feature","properties":{"id":56675528,"highway":"service","name":null,"oneway":null,"junction":null},"geometry":{"type":"LineString","coordinates":[[-1.5630532,52.406101],[-1.5628104,52.4060767],[-1.562653,52.4060509]]}},{"type":"Feature","properties":{"id":56675554,"highway":"service","name":null,"oneway":null,"junction":null},"geometry":{"type":"LineString","coordinates":[[-1.5630015,52.4057392],[-1.5630367,52.4056295],[-1.5631208,52.4053677],[-1.5630325,52.4053622],[-1.5629689,52.4050951],[-1.5629406,52.4049765]]}},{"type":"Feature","properties":{"id":59019073,"highway":"residential","name":"Lambourne Close","oneway":null,"junction":null},"geometry":{"type":"LineString","coordinates":[[-1.5728983,52.4130987],[-1.5726269,52.4137139],[-1.5727994,52.413741]]}},{"type":"Feature","properties":{"id":59019074,"highway":"residential","name":"Hardwick Close","oneway":null,"junction":null},"geometry":{"type":"LineString","coordinates":[[-1.5718447,52.4129009],[-1.5715659,52.4134837],[-1.5716887,52.4135085]]}},{"type":"Feature","properties":{"id":59019075,"highway":"residential","name":"Sundorne Close","oneway":null,"junction":null},"geometry":{"type":"LineString","coordinates":[[-1.5737931,52.4132856],[-1.5739948,52.4129783],[-1.5739719,52.4129009],[-1.5738694,52.4128311],[-1.5736822,52.4127898]]}},{"type":"Feature","properties":{"id":59019077,"highway":"residential","name":"Hopton Close","oneway":null,"junction":null},"geometry":{"type":"LineString","coordinates":[[-1.574223,52.4134353],[-1.5737425,52.4139998]]}},{"type":"Feature","properties":{"id":59019080,"highway":"residential","name":"Scafell Close","oneway":null,"junction":null},"geometry":{"type":"LineString","coordinates":[[-1.5695298,52.4142815],[-1.5688557,52.4148973],[-1.5686473,52.4151216],[-1.5685162,52.4152875]]}},{"type":"Feature","properties":{"id":59019086,"highway":"residential","name":"Suffolk Close","oneway":null,"junction":null},"geometry":{"type":"LineString","coordinates":[[-1.5662651,52.4118236],[-1.5656106,52.4120933],[-1.5655037,52.4121493],[-1.5654203,52.4121971],[-1.5650797,52.4124603],[-1.5650684,52.412469],[-1.5648541,52.4126347]]}},{"type":"Feature","properties":{"id":59019088,"highway":"residential","name":"Berwick Close","oneway":null,"junction":null},"geometry":{"type":"LineString","coordinates":[[-1.5673355,52.4129419],[-1.5668009,52.4130839],[-1.5667041,52.4131264],[-1.566618,52.4131896],[-1.5666122,52.4131952],[-1.5664159,52.4133843]]}},{"type":"Feature","properties":{"id":59019091,"highway":"residential","name":"Bowfell Close","oneway":null,"junction":null},"geometry":{"type":"LineString","coordinates":[[-1.5678623,52.4135386],[-1.5675459,52.4137177],[-1.5674946,52.4137414],[-1.5674185,52.4137765],[-1.5673659,52.4137929],[-1.5673082,52.4138036],[-1.56726,52.4137954],[-1.5671956,52.4137504]]}},{"type":"Feature","properties":{"id":59019093,"highway":"residential","name":"Lyng Close","oneway":null,"junction":null},"geometry":{"type":"LineString","coordinates":[[-1.5725451,52.4130298],[-1.5727712,52.4125111]]}},{"type":"Feature","properties":{"id":87053419,"highway":"service","name":null,"oneway":null,"junction":null},"geometry":{"type":"LineString","coordinates":[[-1.5969894,52.41258],[-1.5971078,52.4125729],[-1.5974703,52.4125659],[-1.5976529,52.4125632],[-1.5976583,52.4132452],[-1.5980745,52.4134907],[-1.5986468,52.4137691],[-1.59877,52.4138223],[-1.5990802,52.4139527],[-1.6002563,52.414451],[-1.6021954,52.4144148]]}},{"type":"Feature","properties":{"id":87053421,"highway":"tertiary","name":"Banner Lane","oneway":"yes","junction":null},"geometry":{"type":"LineString","coordinates":[[-1.5970103,52.4120376],[-1.5970301,52.4121183],[-1.5970448,52.412221]]}},{"type":"Feature","properties":{"id":94703131,"highway":"tertiary","name":"Lower Eastern Green Lane","oneway":null,"junction":null},"geometry":{"type":"LineString","coordinates":[[-1.5766932,52.4164097],[-1.5765863,52.4163943],[-1.5759444,52.416353],[-1.5751126,52.4162816],[-1.5748739,52.4162474],[-1.5745001,52.4161913],[-1.5741644,52.4161255],[-1.5739422,52.4160778]]}},{"type":"Feature","properties":{"id":94703132,"highway":"tertiary","name":"Upper Eastern Green Lane","oneway":null,"junction":null},"geometry":{"type":"LineString","coordinates":[[-1.5780168,52.4164651],[-1.5775147,52.4164339]]}},{"type":"Feature","properties":{"id":94704054,"highway":"tertiary","name":"Alderminster Road","oneway":null,"junction":null},"geometry":{"type":"LineString","coordinates":[[-1.573153,52.4158978],[-1.5726946,52.4157719],[-1.5726023,52.4157476],[-1.5724671,52.4157133],[-1.5723894,52.4156866],[-1.5723044,52.4156525],[-1.5722216,52.4156178],[-1.5721512,52.4155817],[-1.5718829,52.4154289]]}},{"type":"Feature","properties":{"id":103362732,"highway":"residential","name":"George Hodgkinson Close","oneway":null,"junction":null},"geometry":{"type":"LineString","coordinates":[[-1.5774742,52.4093863],[-1.5770631,52.4093278],[-1.5766759,52.4092741]]}},{"type":"Feature","properties":{"id":109099025,"highway":"residential","name":"Nod Rise","oneway":null,"junction":null},"geometry":{"type":"LineString","coordinates":[[-1.5640173,52.4108551],[-1.5641101,52.410952]]}},{"type":"Feature","properties":{"id":109099026,"highway":"tertiary","name":"Alderminster Road","oneway":null,"junction":null},"geometry":{"type":"LineString","coordinates":[[-1.5707725,52.414203],[-1.5707129,52.414083]]}},{"type":"Feature","properties":{"id":109099027,"highway":"tertiary","name":"Alderminster Road","oneway":null,"junction":null},"geometry":{"type":"LineString","coordinates":[[-1.5707129,52.414083],[-1.5706223,52.4138046],[-1.5705802,52.4136828],[-1.5705425,52.4135434],[-1.570556,52.4134172],[-1.570573,52.4133168],[-1.5705626,52.4132005],[-1.5705034,52.4129548],[-1.5702713,52.412496],[-1.5702611,52.41247],[-1.5702369,52.4124083],[-1.5702141,52.4123177],[-1.5702205,52.4122136],[-1.5702219,52.4121908],[-1.5702565,52.4120854],[-1.5702658,52.4120571],[-1.5703066,52.4119845],[-1.5703563,52.4119212],[-1.5704347,52.4118503],[-1.5705254,52.4117736],[-1.5709824,52.4114466],[-1.5711713,52.4113344],[-1.5715388,52.4111377],[-1.5717544,52.4110352],[-1.5718887,52.4109735],[-1.5721653,52.410859],[-1.572404,52.4107738],[-1.5725076,52.4107361],[-1.5725506,52.4107204],[-1.5726893,52.4106749],[-1.5729989,52.410579],[-1.5735393,52.4104266],[-1.5741231,52.4102647],[-1.5742186,52.4102302],[-1.574289,52.410191],[-1.5743789,52.4101242],[-1.5744846,52.4100101]]}},{"type":"Feature","properties":{"id":109099028,"highway":"residential","name":"Nod Rise","oneway":null,"junction":null},"geometry":{"type":"LineString","coordinates":[[-1.5641101,52.410952],[-1.5642445,52.4110488],[-1.5643274,52.4110933],[-1.5645215,52.4111759],[-1.5646824,52.4112199],[-1.5648536,52.4112465],[-1.565242,52.4112858],[-1.5653933,52.4113118],[-1.5655987,52.4113691],[-1.56576,52.4114317],[-1.5659361,52.4115358],[-1.5660458,52.411616],[-1.5662651,52.4118236],[-1.5667619,52.4122425],[-1.5669054,52.4123798],[-1.5670155,52.4125044],[-1.5673355,52.4129419],[-1.5675519,52.413236],[-1.5676567,52.4133509],[-1.5678623,52.4135386],[-1.5680268,52.4136532],[-1.5681561,52.4137298],[-1.5683961,52.4138496],[-1.5685198,52.4139033],[-1.5688143,52.4140206],[-1.5692561,52.4141671],[-1.5695298,52.4142815],[-1.5697054,52.4143609],[-1.5700662,52.4145443],[-1.5705029,52.4147663]]}},{"type":"Feature","properties":{"id":115306303,"highway":"tertiary","name":"Lower Eastern Green Lane","oneway":null,"junction":null},"geometry":{"type":"LineString","coordinates":[[-1.5775147,52.4164339],[-1.5768732,52.4164106],[-1.5766932,52.4164097]]}},{"type":"Feature","properties":{"id":115306304,"highway":"tertiary","name":"Broad Lane","oneway":null,"junction":null},"geometry":{"type":"LineString","coordinates":[[-1.6045599,52.4158891],[-1.6040978,52.4158928]]}},{"type":"Feature","properties":{"id":115306305,"highway":"tertiary","name":"Alderminster Road","oneway":null,"junction":null},"geometry":{"type":"LineString","coordinates":[[-1.5713606,52.4150061],[-1.5711837,52.4147978],[-1.5710446,52.41463],[-1.5709822,52.4145235]]}},{"type":"Feature","properties":{"id":115306306,"highway":"tertiary","name":"Pickford Green Lane","oneway":null,"junction":null},"geometry":{"type":"LineString","coordinates":[[-1.598495,52.420943],[-1.5985415,52.4208168],[-1.5988618,52.419948]]}},{"type":"Feature","properties":{"id":122569476,"highway":"tertiary","name":"Upper Eastern Green Lane","oneway":null,"junction":null},"geometry":{"type":"LineString","coordinates":[[-1.5960518,52.4192955],[-1.595958,52.4192724],[-1.5955438,52.4191713],[-1.5951849,52.4190815],[-1.5950332,52.4190453],[-1.5946845,52.4189612],[-1.5943761,52.4188863],[-1.5942443,52.4188542],[-1.5937309,52.4187284],[-1.5935331,52.4186799],[-1.5929049,52.4185275],[-1.5925737,52.4184483],[-1.5921009,52.4183351],[-1.5917767,52.4182634],[-1.5911544,52.4181476],[-1.5907088,52.4180638],[-1.5906745,52.4180573],[-1.590025,52.4179375],[-1.5899372,52.4179213],[-1.5892972,52.4178028],[-1.5889734,52.4177413],[-1.5889248,52.4177321],[-1.5885194,52.4176537],[-1.5882491,52.4176015]]}},{"type":"Feature","properties":{"id":122571865,"highway":"residential","name":"Manderley Close","oneway":null,"junction":null},"geometry":{"type":"LineString","coordinates":[[-1.6002128,52.4197435],[-1.6001692,52.4197768],[-1.5999614,52.4198808],[-1.5999135,52.4199164],[-1.5998666,52.419972],[-1.5998121,52.4200527]]}},{"type":"Feature","properties":{"id":122571866,"highway":"unclassified","name":"Church Lane","oneway":null,"junction":null},"geometry":{"type":"LineString","coordinates":[[-1.5998121,52.4200527],[-1.5988932,52.4198723]]}},{"type":"Feature","properties":{"id":122571867,"highway":"tertiary","name":"Hockley Lane","oneway":null,"junction":null},"geometry":{"type":"LineString","coordinates":[[-1.5995814,52.4179551],[-1.599563,52.4180111],[-1.5994968,52.418181],[-1.5993954,52.4184415],[-1.5992884,52.4187517],[-1.5992739,52.4187938],[-1.5990772,52.419364],[-1.5988932,52.4198723]]}},{"type":"Feature","properties":{"id":147499819,"highway":"service","name":null,"oneway":null,"junction":null},"geometry":{"type":"LineString","coordinates":[[-1.6022673,52.4205462],[-1.6040065,52.4210731]]}},{"type":"Feature","properties":{"id":151864033,"highway":"trunk","name":"Dunchurch Highway","oneway":"yes","junction":null},"geometry":{"type":"LineString","coordinates":[[-1.5686608,52.417237],[-1.5682312,52.415969],[-1.5680271,52.4155449],[-1.5677644,52.4151356],[-1.5674802,52.4148067],[-1.5672175,52.4145372],[-1.5668539,52.4142349],[-1.566504,52.413981],[-1.5660104,52.4136827],[-1.5655111,52.4134255],[-1.5641104,52.4127632],[-1.5629848,52.4122491],[-1.561942,52.4116558],[-1.5615615,52.4113987],[-1.5612395,52.4111676],[-1.5607365,52.410757],[-1.5604885,52.4105113],[-1.5603591,52.4103831],[-1.5602055,52.4102141]]}},{"type":"Feature","properties":{"id":153226965,"highway":"residential","name":"Bantock Road","oneway":null,"junction":null},"geometry":{"type":"LineString","coordinates":[[-1.5843343,52.4061551],[-1.5843126,52.4059543]]}},{"type":"Feature","properties":{"id":153226966,"highway":"residential","name":"Bantock Road","oneway":null,"junction":null},"geometry":{"type":"LineString","coordinates":[[-1.5835783,52.4061971],[-1.5843343,52.4061551],[-1.5843849,52.4064707]]}},{"type":"Feature","properties":{"id":153226967,"highway":"residential","name":"Bantock Road","oneway":null,"junction":null},"geometry":{"type":"LineString","coordinates":[[-1.583444,52.4054995],[-1.5835783,52.4061971],[-1.5836217,52.4064773],[-1.5837244,52.4069961]]}},{"type":"Feature","properties":{"id":153226968,"highway":"residential","name":"Berners Close","oneway":null,"junction":null},"geometry":{"type":"LineString","coordinates":[[-1.5836217,52.4064773],[-1.5829633,52.4065413],[-1.5830099,52.4067479]]}},{"type":"Feature","properties":{"id":153226969,"highway":"residential","name":"Berners Close","oneway":null,"junction":null},"geometry":{"type":"LineString","coordinates":[[-1.5822619,52.4055624],[-1.5822258,52.4057866],[-1.5823026,52.405977],[-1.5824352,52.4061971]]}},{"type":"Feature","properties":{"id":153226980,"highway":"residential","name":"Chestnut Grove","oneway":null,"junction":null},"geometry":{"type":"LineString","coordinates":[[-1.5692391,52.4063293],[-1.5693618,52.406566]]}},{"type":"Feature","properties":{"id":153226981,"highway":"residential","name":"Chestnut Tree Avenue","oneway":null,"junction":null},"geometry":{"type":"LineString","coordinates":[[-1.5709762,52.4057467],[-1.5709491,52.4057831],[-1.5708945,52.4058105],[-1.5703926,52.405973],[-1.569496,52.4062638],[-1.5693913,52.4062928],[-1.5692391,52.4063293],[-1.5682763,52.4065487]]}},{"type":"Feature","properties":{"id":153226988,"highway":"residential","name":"Fir Grove","oneway":null,"junction":null},"geometry":{"type":"LineString","coordinates":[[-1.5721573,52.4071483],[-1.5722692,52.4076351],[-1.5723757,52.4080492]]}},{"type":"Feature","properties":{"id":153226990,"highway":"residential","name":"Frisby Road","oneway":"no","junction":null},"geometry":{"type":"LineString","coordinates":[[-1.5835431,52.4044823],[-1.5836524,52.404922],[-1.5833124,52.4049463],[-1.5830606,52.4049621]]}},{"type":"Feature","properties":{"id":153227009,"highway":"residential","name":"Roosevelt Drive","oneway":null,"junction":null},"geometry":{"type":"LineString","coordinates":[[-1.5846651,52.405419],[-1.5845508,52.4048634],[-1.5844229,52.4048735]]}},{"type":"Feature","properties":{"id":153227013,"highway":"residential","name":"Thomas Naul Croft","oneway":null,"junction":null},"geometry":{"type":"LineString","coordinates":[[-1.5785366,52.4089206],[-1.5782514,52.4088622],[-1.5779074,52.4088171]]}},{"type":"Feature","properties":{"id":153227026,"highway":"service","name":null,"oneway":null,"junction":null},"geometry":{"type":"LineString","coordinates":[[-1.5654026,52.4092548],[-1.5657219,52.4092862],[-1.5663468,52.4093475]]}},{"type":"Feature","properties":{"id":153249742,"highway":"residential","name":"Aldrich Avenue","oneway":null,"junction":null},"geometry":{"type":"LineString","coordinates":[[-1.5857524,52.4084652],[-1.5854752,52.4084543],[-1.5852338,52.4084507],[-1.5851713,52.4084576]]}},{"type":"Feature","properties":{"id":153249747,"highway":"residential","name":"Aldrich Avenue","oneway":null,"junction":null},"geometry":{"type":"LineString","coordinates":[[-1.585591,52.4078167],[-1.5854077,52.4078167],[-1.5851379,52.4078257],[-1.5849777,52.407854],[-1.5848424,52.4078957]]}},{"type":"Feature","properties":{"id":153249750,"highway":"residential","name":"Empire Road","oneway":null,"junction":null},"geometry":{"type":"LineString","coordinates":[[-1.5853906,52.4071951],[-1.5853712,52.4070506],[-1.5853086,52.4069351],[-1.5852347,52.4068669]]}},{"type":"Feature","properties":{"id":153249755,"highway":"residential","name":"Endicott Bend","oneway":null,"junction":null},"geometry":{"type":"LineString","coordinates":[[-1.5997435,52.4098839],[-1.599797,52.4100378],[-1.5998462,52.4101376],[-1.5999079,52.4102259],[-1.5999498,52.4103044],[-1.5999741,52.4104183],[-1.5999439,52.4104641],[-1.5998965,52.4104781],[-1.5998496,52.4104791],[-1.5993098,52.410487],[-1.5989725,52.4104887],[-1.5987842,52.4104856]]}},{"type":"Feature","properties":{"id":153249761,"highway":"living_street","name":"Jasper Close","oneway":null,"junction":null},"geometry":{"type":"LineString","coordinates":[[-1.5998643,52.4108836],[-1.5998496,52.4104791]]}},{"type":"Feature","properties":{"id":153249768,"highway":"residential","name":"Monticello Way","oneway":null,"junction":null},"geometry":{"type":"LineString","coordinates":[[-1.5990598,52.4122403],[-1.5990565,52.4121513],[-1.5990493,52.4119611],[-1.5990297,52.4118492],[-1.5989797,52.4115643],[-1.5989751,52.4115379],[-1.5989436,52.4114663],[-1.598863,52.4112274],[-1.5988188,52.4111019],[-1.5987808,52.4108364],[-1.5987762,52.4108029],[-1.5987776,52.4106696],[-1.5987842,52.4104856],[-1.5987777,52.4103536],[-1.5987891,52.4102173],[-1.598843,52.4100853],[-1.598881,52.4099884],[-1.5988898,52.4099331],[-1.5989015,52.4099008],[-1.5988807,52.4096923],[-1.5988606,52.4094324],[-1.5988522,52.4093358]]}},{"type":"Feature","properties":{"id":153249782,"highway":"residential","name":"Pepys Corner","oneway":null,"junction":null},"geometry":{"type":"LineString","coordinates":[[-1.5856243,52.4088507],[-1.5856272,52.4089598],[-1.5855855,52.4090907],[-1.5855081,52.4092219]]}},{"type":"Feature","properties":{"id":153270852,"highway":"residential","name":"Appledore Drive","oneway":null,"junction":null},"geometry":{"type":"LineString","coordinates":[[-1.5768754,52.4183638],[-1.5768207,52.4184162],[-1.576738,52.4185757]]}},{"type":"Feature","properties":{"id":153270853,"highway":"residential","name":"Barnstaple Close","oneway":null,"junction":null},"geometry":{"type":"LineString","coordinates":[[-1.5757176,52.4170136],[-1.5757662,52.4170288],[-1.575828,52.4170348]]}},{"type":"Feature","properties":{"id":153270854,"highway":"residential","name":"Barnstaple Close","oneway":null,"junction":null},"geometry":{"type":"LineString","coordinates":[[-1.5753752,52.4172845],[-1.5750299,52.4173114],[-1.5749435,52.4173293]]}},{"type":"Feature","properties":{"id":153270855,"highway":"residential","name":"Beaumaris Close","oneway":null,"junction":null},"geometry":{"type":"LineString","coordinates":[[-1.575911,52.4183035],[-1.5759809,52.4182177]]}},{"type":"Feature","properties":{"id":153270859,"highway":"residential","name":"Inverness Close","oneway":null,"junction":null},"geometry":{"type":"LineString","coordinates":[[-1.5725503,52.4168358],[-1.5722985,52.4167737],[-1.5722191,52.4167674],[-1.5721531,52.4167692],[-1.5710608,52.4169102]]}},{"type":"Feature","properties":{"id":153270871,"highway":"residential","name":"South Ridge","oneway":null,"junction":null},"geometry":{"type":"LineString","coordinates":[[-1.5664829,52.4143858],[-1.566918,52.4146044]]}},{"type":"Feature","properties":{"id":153270885,"highway":"residential","name":"Appledore Drive","oneway":null,"junction":null},"geometry":{"type":"LineString","coordinates":[[-1.5763798,52.4178664],[-1.5762786,52.4177946]]}},{"type":"Feature","properties":{"id":153270886,"highway":"living_street","name":"Appledore Drive","oneway":"no","junction":null},"geometry":{"type":"LineString","coordinates":[[-1.5762786,52.4177946],[-1.5761565,52.4177358],[-1.5759698,52.4176633]]}},{"type":"Feature","properties":{"id":153471411,"highway":"residential","name":"Honeybourne Close","oneway":null,"junction":null},"geometry":{"type":"LineString","coordinates":[[-1.5636939,52.4103041],[-1.5638676,52.410337],[-1.5641128,52.410372],[-1.564303,52.4103748],[-1.5645757,52.4103585],[-1.5647885,52.410345],[-1.5649522,52.4103333]]}},{"type":"Feature","properties":{"id":153471436,"highway":"residential","name":"Ufton Croft","oneway":null,"junction":null},"geometry":{"type":"LineString","coordinates":[[-1.5688421,52.4123058],[-1.5690081,52.4121748]]}},{"type":"Feature","properties":{"id":153471495,"highway":"residential","name":"Shottery Close","oneway":null,"junction":null},"geometry":{"type":"LineString","coordinates":[[-1.5617127,52.4105102],[-1.5617478,52.4106216]]}},{"type":"Feature","properties":{"id":153471499,"highway":"residential","name":"Honeybourne Close","oneway":null,"junction":null},"geometry":{"type":"LineString","coordinates":[[-1.5647885,52.410345],[-1.564804,52.4104548]]}},{"type":"Feature","properties":{"id":153471534,"highway":"service","name":null,"oneway":null,"junction":null},"geometry":{"type":"LineString","coordinates":[[-1.5615428,52.4088882],[-1.5615363,52.4093129],[-1.5615072,52.4093485],[-1.5614634,52.4093653],[-1.5605642,52.4095462]]}},{"type":"Feature","properties":{"id":153662543,"highway":"residential","name":"Coleman Street","oneway":null,"junction":null},"geometry":{"type":"LineString","coordinates":[[-1.5810422,52.410037],[-1.5810166,52.4096344]]}},{"type":"Feature","properties":{"id":153662550,"highway":"residential","name":"Goldthorn Close","oneway":null,"junction":null},"geometry":{"type":"LineString","coordinates":[[-1.5953636,52.4145144],[-1.5949466,52.4145876],[-1.5947398,52.4146658]]}},{"type":"Feature","properties":{"id":153662552,"highway":"residential","name":"Greenleaf Close","oneway":null,"junction":null},"geometry":{"type":"LineString","coordinates":[[-1.5737909,52.4120868],[-1.5739744,52.4118066]]}},{"type":"Feature","properties":{"id":153662553,"highway":"residential","name":"Greenleaf Close","oneway":null,"junction":null},"geometry":{"type":"LineString","coordinates":[[-1.5741835,52.4124608],[-1.5742277,52.4123197],[-1.5741703,52.4122158],[-1.5741333,52.412197],[-1.5739922,52.4121253],[-1.5737909,52.4120868],[-1.5735955,52.4120501]]}},{"type":"Feature","properties":{"id":153662558,"highway":"residential","name":"Morgans Road","oneway":null,"junction":null},"geometry":{"type":"LineString","coordinates":[[-1.6013715,52.417057],[-1.6012276,52.4172028],[-1.601056,52.4174204]]}},{"type":"Feature","properties":{"id":153662559,"highway":"residential","name":"Orchard Drive","oneway":null,"junction":null},"geometry":{"type":"LineString","coordinates":[[-1.6014672,52.4166195],[-1.6015156,52.4165207],[-1.6015629,52.4164223]]}},{"type":"Feature","properties":{"id":153662564,"highway":"residential","name":"Rosemary Close","oneway":null,"junction":null},"geometry":{"type":"LineString","coordinates":[[-1.5863292,52.4119063],[-1.5863983,52.4119083],[-1.5874137,52.4119374],[-1.5876975,52.4119473],[-1.5878732,52.4119869],[-1.5879895,52.412038],[-1.5880706,52.4121106],[-1.5881111,52.412193],[-1.5881463,52.4123859]]}},{"type":"Feature","properties":{"id":153662566,"highway":"residential","name":"The Glade","oneway":null,"junction":null},"geometry":{"type":"LineString","coordinates":[[-1.5765254,52.4098329],[-1.5767293,52.4098023],[-1.5768412,52.4096537]]}},{"type":"Feature","properties":{"id":153662567,"highway":"residential","name":"Tudor Avenue","oneway":null,"junction":null},"geometry":{"type":"LineString","coordinates":[[-1.577691,52.412059],[-1.5776908,52.4120108],[-1.5777082,52.4119387],[-1.5777445,52.4117882]]}},{"type":"Feature","properties":{"id":153662568,"highway":"residential","name":"Unicorn Avenue","oneway":null,"junction":null},"geometry":{"type":"LineString","coordinates":[[-1.5883126,52.4158804],[-1.5885984,52.415287]]}},{"type":"Feature","properties":{"id":153662569,"highway":"residential","name":"Unicorn Avenue","oneway":null,"junction":null},"geometry":{"type":"LineString","coordinates":[[-1.5865631,52.4156962],[-1.5865443,52.4155809],[-1.5866915,52.4153079]]}},{"type":"Feature","properties":{"id":153662570,"highway":"residential","name":"Unicorn Avenue","oneway":null,"junction":null},"geometry":{"type":"LineString","coordinates":[[-1.5874325,52.4157474],[-1.5876208,52.4153384]]}},{"type":"Feature","properties":{"id":153662571,"highway":"residential","name":"Unicorn Avenue","oneway":null,"junction":null},"geometry":{"type":"LineString","coordinates":[[-1.5785194,52.4158239],[-1.5790763,52.4158294],[-1.5791274,52.4158127],[-1.5792,52.4157494]]}},{"type":"Feature","properties":{"id":153662588,"highway":"residential","name":"Carding Close","oneway":null,"junction":null},"geometry":{"type":"LineString","coordinates":[[-1.5751661,52.4143582],[-1.5752536,52.4140937],[-1.5753385,52.4138439]]}},{"type":"Feature","properties":{"id":153662591,"highway":"service","name":null,"oneway":null,"junction":null},"geometry":{"type":"LineString","coordinates":[[-1.5761449,52.4109038],[-1.5760264,52.4110602],[-1.5767106,52.4112801]]}},{"type":"Feature","properties":{"id":153662593,"highway":"residential","name":"Tiber Close","oneway":null,"junction":null},"geometry":{"type":"LineString","coordinates":[[-1.57632,52.4144883],[-1.5763208,52.4143911],[-1.576353,52.4141367],[-1.5763967,52.4140051]]}},{"type":"Feature","properties":{"id":153662621,"highway":"service","name":null,"oneway":null,"junction":null},"geometry":{"type":"LineString","coordinates":[[-1.5751126,52.4162816],[-1.5750424,52.416461],[-1.5749044,52.416814],[-1.5748914,52.4168451]]}},{"type":"Feature","properties":{"id":154524507,"highway":"service","name":null,"oneway":null,"junction":null},"geometry":{"type":"LineString","coordinates":[[-1.5864217,52.4110804],[-1.5866035,52.4110803],[-1.5870097,52.4111081]]}},{"type":"Feature","properties":{"id":155034351,"highway":"service","name":null,"oneway":null,"junction":null},"geometry":{"type":"LineString","coordinates":[[-1.5718434,52.4187164],[-1.5718486,52.4186743],[-1.5718319,52.4186426],[-1.5717912,52.4186178],[-1.5716192,52.4185455]]}},{"type":"Feature","properties":{"id":155034354,"highway":"living_street","name":"Juniper Drive","oneway":null,"junction":null},"geometry":{"type":"LineString","coordinates":[[-1.5777977,52.4198372],[-1.5777698,52.4197999],[-1.5777598,52.4197763],[-1.5777625,52.4197458],[-1.5777919,52.41967],[-1.5777952,52.4196327],[-1.5777939,52.4195848]]}},{"type":"Feature","properties":{"id":155880047,"highway":"service","name":null,"oneway":null,"junction":null},"geometry":{"type":"LineString","coordinates":[[-1.5982494,52.4118056],[-1.5977336,52.4118126],[-1.597601,52.4118144]]}},{"type":"Feature","properties":{"id":155880049,"highway":"residential","name":"Steinway","oneway":null,"junction":null},"geometry":{"type":"LineString","coordinates":[[-1.6004941,52.4128131],[-1.600462,52.4123083]]}},{"type":"Feature","properties":{"id":155880052,"highway":"service","name":null,"oneway":null,"junction":null},"geometry":{"type":"LineString","coordinates":[[-1.597601,52.4118144],[-1.5973581,52.4118215],[-1.5973725,52.4120469],[-1.597615,52.4120396],[-1.597601,52.4118144]]}},{"type":"Feature","properties":{"id":155880053,"highway":"residential","name":"Steinway","oneway":null,"junction":null},"geometry":{"type":"LineString","coordinates":[[-1.5978046,52.4122228],[-1.5978572,52.4127581],[-1.5978803,52.4127884],[-1.597927,52.4128102],[-1.5979392,52.4128126],[-1.5979868,52.4128218],[-1.5997996,52.4127759],[-1.5998882,52.4127837],[-1.5999861,52.4128097],[-1.6000652,52.4128202],[-1.6004941,52.4128131],[-1.6012647,52.4127832],[-1.6013774,52.4127665],[-1.6014769,52.4127396],[-1.6014984,52.4127019],[-1.6015125,52.4126551],[-1.6014771,52.4122791]]}},{"type":"Feature","properties":{"id":155880054,"highway":"residential","name":"Astoria Drive","oneway":null,"junction":null},"geometry":{"type":"LineString","coordinates":[[-1.5975466,52.4122318],[-1.5978046,52.4122228],[-1.5979926,52.4121993],[-1.5982137,52.4121995],[-1.598522,52.4122218],[-1.5986606,52.4122285],[-1.5990598,52.4122403],[-1.5993689,52.4122476],[-1.5994062,52.4122488],[-1.5996855,52.41226],[-1.5999961,52.4122898],[-1.6001573,52.4123],[-1.600462,52.4123083],[-1.6008667,52.4123045],[-1.6010479,52.412302],[-1.6014771,52.4122791],[-1.6016504,52.4122706],[-1.6019185,52.4122649],[-1.6023323,52.4122555],[-1.6025366,52.4122529],[-1.6026687,52.4122794],[-1.6028096,52.4123275],[-1.6029197,52.4124527],[-1.6029499,52.4126288],[-1.6029324,52.4130346],[-1.6029525,52.4131067],[-1.6030089,52.4131607],[-1.6030221,52.4131955],[-1.6030469,52.4134877],[-1.6030721,52.4137841],[-1.6030995,52.4141063],[-1.6031154,52.4141754],[-1.6031546,52.4142168],[-1.6032558,52.4142716],[-1.6034054,52.4144247],[-1.6034207,52.4145449],[-1.6033399,52.4148122],[-1.603234,52.4151929],[-1.6031671,52.4154333],[-1.6030582,52.4158253]]}},{"type":"Feature","properties":{"id":155880055,"highway":"service","name":"Gramercy Park","oneway":null,"junction":null},"geometry":{"type":"LineString","coordinates":[[-1.5982137,52.4121995],[-1.5982238,52.4121318],[-1.5982278,52.4120607],[-1.598251,52.4120077],[-1.5982871,52.4119475],[-1.5983125,52.411893],[-1.5983648,52.411804],[-1.598382,52.4117456],[-1.5983833,52.4117098],[-1.5983863,52.4116411],[-1.598385,52.4115669],[-1.5983847,52.4114912]]}},{"type":"Feature","properties":{"id":165736633,"highway":"residential","name":"Marlston Walk","oneway":null,"junction":null},"geometry":{"type":"LineString","coordinates":[[-1.5664813,52.4159961],[-1.5663248,52.4160235]]}},{"type":"Feature","properties":{"id":169814672,"highway":"service","name":null,"oneway":null,"junction":null},"geometry":{"type":"LineString","coordinates":[[-1.6031372,52.4202241],[-1.6030739,52.4201334]]}},{"type":"Feature","properties":{"id":169814675,"highway":"service","name":null,"oneway":null,"junction":null},"geometry":{"type":"LineString","coordinates":[[-1.6022673,52.4205462],[-1.6023039,52.4204913],[-1.6024341,52.4204259],[-1.6027146,52.4203342],[-1.6031372,52.4202241],[-1.6031769,52.4202137]]}},{"type":"Feature","properties":{"id":174639617,"highway":"tertiary","name":"Alderminster Road","oneway":null,"junction":null},"geometry":{"type":"LineString","coordinates":[[-1.5709822,52.4145235],[-1.5707725,52.414203]]}},{"type":"Feature","properties":{"id":174639632,"highway":"tertiary","name":"Upper Eastern Green Lane","oneway":null,"junction":null},"geometry":{"type":"LineString","coordinates":[[-1.5882491,52.4176015],[-1.5881503,52.4175818],[-1.587772,52.4175063],[-1.5876529,52.4174825],[-1.5874063,52.4174354],[-1.5869873,52.4173554],[-1.5867828,52.4173163],[-1.5866352,52.4172864],[-1.5863174,52.4172221],[-1.5862533,52.4172091],[-1.5861624,52.4171907],[-1.5859413,52.4171459],[-1.5858724,52.4171343],[-1.5855802,52.4170849],[-1.5854789,52.4170711],[-1.5851693,52.4170288],[-1.5850943,52.4170186],[-1.5848455,52.4169897],[-1.5845883,52.416965],[-1.584487,52.416959],[-1.5841624,52.4169398],[-1.5840686,52.4169375],[-1.5839945,52.4169371],[-1.5839095,52.4169408],[-1.5837381,52.4169535]]}},{"type":"Feature","properties":{"id":174639635,"highway":"residential","name":"Wellesbourne Road","oneway":null,"junction":null},"geometry":{"type":"LineString","coordinates":[[-1.5700291,52.4109655],[-1.5694278,52.4115736]]}},{"type":"Feature","properties":{"id":174639638,"highway":"unclassified","name":"Jardine Crescent","oneway":null,"junction":null},"geometry":{"type":"LineString","coordinates":[[-1.5743339,52.4063776],[-1.5740338,52.4064017],[-1.5735588,52.4064692],[-1.5734555,52.4064845]]}},{"type":"Feature","properties":{"id":174639640,"highway":"residential","name":"Sutherland Avenue","oneway":null,"junction":null},"geometry":{"type":"LineString","coordinates":[[-1.5705029,52.4147663],[-1.5706449,52.414665],[-1.570773,52.4146018],[-1.5709822,52.4145235]]}},{"type":"Feature","properties":{"id":174639648,"highway":"residential","name":"Aldrich Avenue","oneway":null,"junction":null},"geometry":{"type":"LineString","coordinates":[[-1.5850297,52.4081429],[-1.5848424,52.4078957],[-1.5848179,52.4078634],[-1.5847375,52.4077604],[-1.5844869,52.4074394],[-1.5843523,52.4072617],[-1.5843286,52.4072189],[-1.5843023,52.4071712],[-1.5842704,52.4070884],[-1.5842418,52.4069555]]}},{"type":"Feature","properties":{"id":174639654,"highway":"residential","name":"Alspath Lane","oneway":null,"junction":null},"geometry":{"type":"LineString","coordinates":[[-1.5782795,52.4155606],[-1.5781514,52.4153939],[-1.5781065,52.4153021],[-1.5780922,52.4152728],[-1.5780822,52.4152525],[-1.5780099,52.4150901]]}},{"type":"Feature","properties":{"id":174639656,"highway":"residential","name":"Delius Street","oneway":null,"junction":null},"geometry":{"type":"LineString","coordinates":[[-1.5850016,52.409116],[-1.5848378,52.4090922],[-1.5844072,52.4090295],[-1.5840461,52.4089742],[-1.5837603,52.408932],[-1.5830108,52.4088112],[-1.5826611,52.4087552],[-1.5823258,52.4086823],[-1.5821077,52.408616],[-1.5815839,52.4084044],[-1.5811207,52.408193]]}},{"type":"Feature","properties":{"id":174639657,"highway":"residential","name":"Bushbery Avenue","oneway":null,"junction":null},"geometry":{"type":"LineString","coordinates":[[-1.5814894,52.405473],[-1.5813841,52.405714],[-1.5812633,52.4060272],[-1.5810472,52.4064806]]}},{"type":"Feature","properties":{"id":183331501,"highway":"residential","name":"Auburndale Avenue","oneway":null,"junction":null},"geometry":{"type":"LineString","coordinates":[[-1.5999961,52.4122898],[-1.6000921,52.4118783],[-1.6001061,52.411582],[-1.6001226,52.4115501],[-1.6001648,52.4115312],[-1.6006913,52.4115204],[-1.6007901,52.4115228],[-1.6008667,52.4123045]]}},{"type":"Feature","properties":{"id":183331502,"highway":"residential","name":"Ferguson Close","oneway":null,"junction":null},"geometry":{"type":"LineString","coordinates":[[-1.60221,52.4127328],[-1.6021156,52.4127323],[-1.6020539,52.4127372],[-1.6019949,52.4127437],[-1.6018494,52.4127607],[-1.6017011,52.4127737],[-1.6016281,52.412777],[-1.6015745,52.4127682],[-1.6015302,52.4127564],[-1.6014769,52.4127396]]}},{"type":"Feature","properties":{"id":183331503,"highway":"service","name":null,"oneway":null,"junction":null},"geometry":{"type":"LineString","coordinates":[[-1.5986883,52.4114918],[-1.5983847,52.4114912],[-1.5981838,52.4114935],[-1.5981034,52.4114829],[-1.5976444,52.4114867],[-1.5972529,52.4114907]]}},{"type":"Feature","properties":{"id":183331504,"highway":"residential","name":"Ferguson Close","oneway":null,"junction":null},"geometry":{"type":"LineString","coordinates":[[-1.6022229,52.4129236],[-1.60221,52.4127328],[-1.6022514,52.4125367]]}},{"type":"Feature","properties":{"id":186011542,"highway":"service","name":null,"oneway":null,"junction":null},"geometry":{"type":"LineString","coordinates":[[-1.5786115,52.4165394],[-1.5785602,52.4166239],[-1.5784395,52.4168791],[-1.5783966,52.4170549],[-1.5783912,52.4171514],[-1.5784428,52.4173148],[-1.5784548,52.4175199],[-1.5784228,52.4177815]]}},{"type":"Feature","properties":{"id":186011544,"highway":"residential","name":"Appledore Drive","oneway":null,"junction":null},"geometry":{"type":"LineString","coordinates":[[-1.5779706,52.4180693],[-1.5779592,52.4180332],[-1.5778701,52.4179761]]}},{"type":"Feature","properties":{"id":186011545,"highway":"residential","name":"Harpenden Drive","oneway":"no","junction":null},"geometry":{"type":"LineString","coordinates":[[-1.5724621,52.4194133],[-1.5725022,52.4193808],[-1.5726343,52.41936]]}},{"type":"Feature","properties":{"id":186011548,"highway":"residential","name":"Beaumaris Close","oneway":null,"junction":null},"geometry":{"type":"LineString","coordinates":[[-1.5766532,52.4189084],[-1.576574,52.4189533],[-1.5765168,52.4189646],[-1.5764192,52.4189594],[-1.5762703,52.4189679],[-1.5759601,52.4189933],[-1.5758689,52.4184897],[-1.575911,52.4183035],[-1.5758069,52.4182762],[-1.5756637,52.4182419],[-1.575438,52.4181697],[-1.5751926,52.4180865]]}},{"type":"Feature","properties":{"id":186011551,"highway":"residential","name":"Polperro Drive","oneway":null,"junction":null},"geometry":{"type":"LineString","coordinates":[[-1.572399,52.4181335],[-1.5723937,52.4179448]]}},{"type":"Feature","properties":{"id":186011552,"highway":"residential","name":"Beaumaris Close","oneway":null,"junction":null},"geometry":{"type":"LineString","coordinates":[[-1.5751411,52.4188769],[-1.5751726,52.4189407],[-1.5752081,52.4189648],[-1.5752785,52.4189809],[-1.5755725,52.4190244],[-1.5756934,52.4190274],[-1.5758034,52.4190193],[-1.5759601,52.4189933]]}},{"type":"Feature","properties":{"id":186011555,"highway":"residential","name":"Appledore Drive","oneway":null,"junction":null},"geometry":{"type":"LineString","coordinates":[[-1.577376,52.4192183],[-1.5775158,52.4191769]]}},{"type":"Feature","properties":{"id":186013881,"highway":"residential","name":"Harpenden Drive","oneway":"no","junction":null},"geometry":{"type":"LineString","coordinates":[[-1.572846,52.4200329],[-1.5727482,52.4199829],[-1.5726341,52.4199193],[-1.5725492,52.4198644],[-1.572492,52.4197929],[-1.5724227,52.4195908],[-1.5724243,52.4195444],[-1.5724621,52.4194133],[-1.5724548,52.4193787],[-1.5723496,52.4193304]]}},{"type":"Feature","properties":{"id":186189169,"highway":"unclassified","name":"Park Hill Lane","oneway":null,"junction":null},"geometry":{"type":"LineString","coordinates":[[-1.5707652,52.4189805],[-1.5707677,52.4190322],[-1.5707705,52.4191775],[-1.5707733,52.4192312],[-1.5708166,52.4201296],[-1.5709439,52.420789],[-1.5709751,52.4209932],[-1.57101,52.4211613],[-1.5710911,52.4212189],[-1.5711971,52.4212417],[-1.5713561,52.421246],[-1.571414,52.42126],[-1.5714416,52.4212865],[-1.5714928,52.4213661],[-1.5715798,52.4215016],[-1.5716628,52.421592]]}},{"type":"Feature","properties":{"id":186197917,"highway":"service","name":null,"oneway":null,"junction":null},"geometry":{"type":"LineString","coordinates":[[-1.5698161,52.4188267],[-1.5698739,52.4190633],[-1.5698882,52.4190852],[-1.5699091,52.4191001],[-1.5699287,52.4191079],[-1.5699668,52.4191094],[-1.5700334,52.4191051],[-1.5700988,52.419092],[-1.5702187,52.4190589],[-1.5703071,52.4190489],[-1.5705288,52.4190355],[-1.5706587,52.4190337]]}},{"type":"Feature","properties":{"id":186552898,"highway":"tertiary","name":"Broad Lane","oneway":null,"junction":null},"geometry":{"type":"LineString","coordinates":[[-1.5744846,52.4100101],[-1.5741773,52.4099156],[-1.5738642,52.409823]]}},{"type":"Feature","properties":{"id":186552899,"highway":"residential","name":"Sutton Avenue","oneway":null,"junction":null},"geometry":{"type":"LineString","coordinates":[[-1.5891518,52.4160447],[-1.5892858,52.4158447],[-1.5893336,52.415776],[-1.589425,52.4156709],[-1.5895233,52.4155909],[-1.5896381,52.4155276],[-1.5897605,52.4154784],[-1.5900527,52.4154057],[-1.5901026,52.4154071],[-1.5901767,52.4154033],[-1.5905672,52.4154044],[-1.5909471,52.4154102],[-1.5910615,52.415409],[-1.5914174,52.4154146],[-1.59177,52.415416],[-1.5919817,52.4154182],[-1.5923523,52.4154173],[-1.5923642,52.4154172],[-1.5926552,52.4154149]]}},{"type":"Feature","properties":{"id":186616539,"highway":"unclassified","name":"Farcroft Avenue","oneway":null,"junction":null},"geometry":{"type":"LineString","coordinates":[[-1.5930103,52.4135162],[-1.5929598,52.4136846],[-1.5929068,52.4138635],[-1.5928063,52.4142262],[-1.5927723,52.4143738],[-1.5927607,52.4144239],[-1.5927056,52.4147389],[-1.5926688,52.4150949]]}},{"type":"Feature","properties":{"id":186616542,"highway":"unclassified","name":"Farcroft Avenue","oneway":null,"junction":null},"geometry":{"type":"LineString","coordinates":[[-1.5926688,52.4150949],[-1.5926655,52.4151513]]}},{"type":"Feature","properties":{"id":186630258,"highway":"residential","name":"Goldthorn Close","oneway":null,"junction":null},"geometry":{"type":"LineString","coordinates":[[-1.5948395,52.4146941],[-1.5947398,52.4146658],[-1.5946753,52.4146475],[-1.5943318,52.4146126],[-1.593926,52.4145987],[-1.593255,52.4147319],[-1.5927056,52.4147389]]}},{"type":"Feature","properties":{"id":186630264,"highway":"unclassified","name":"Jenkins Avenue","oneway":null,"junction":null},"geometry":{"type":"LineString","coordinates":[[-1.5807898,52.4154111],[-1.5807255,52.4159933]]}},{"type":"Feature","properties":{"id":186630268,"highway":"unclassified","name":"Jenkins Avenue","oneway":null,"junction":null},"geometry":{"type":"LineString","coordinates":[[-1.5807926,52.4153432],[-1.5807898,52.4154111]]}},{"type":"Feature","properties":{"id":186630269,"highway":"residential","name":"Goldthorn Close","oneway":null,"junction":null},"geometry":{"type":"LineString","coordinates":[[-1.5949859,52.4147356],[-1.5948807,52.4147067],[-1.5948395,52.4146941]]}},{"type":"Feature","properties":{"id":186631461,"highway":"residential","name":"Stonebury Avenue","oneway":null,"junction":null},"geometry":{"type":"LineString","coordinates":[[-1.589133,52.4140773],[-1.5891983,52.4135475],[-1.5892064,52.4134769]]}},{"type":"Feature","properties":{"id":186654956,"highway":"residential","name":"Bush Close","oneway":null,"junction":null},"geometry":{"type":"LineString","coordinates":[[-1.5790688,52.4102888],[-1.5790264,52.4103798]]}},{"type":"Feature","properties":{"id":186654960,"highway":"service","name":"Jardine Crescent","oneway":null,"junction":null},"geometry":{"type":"LineString","coordinates":[[-1.5790718,52.4069397],[-1.5790639,52.4069696],[-1.5790697,52.4070009],[-1.5790862,52.407025],[-1.5791191,52.4070447],[-1.5791725,52.4070577],[-1.5792262,52.4070643],[-1.5794413,52.4070558],[-1.5795355,52.4070446],[-1.579566,52.4070434],[-1.5796021,52.4070458],[-1.5796357,52.4070557],[-1.5798257,52.4071233]]}},{"type":"Feature","properties":{"id":186659220,"highway":"residential","name":"Dunhill Avenue","oneway":null,"junction":null},"geometry":{"type":"LineString","coordinates":[[-1.5856129,52.4107113],[-1.5856137,52.4106174]]}},{"type":"Feature","properties":{"id":186667570,"highway":"residential","name":"Dunhill Avenue","oneway":null,"junction":null},"geometry":{"type":"LineString","coordinates":[[-1.5857866,52.4106208],[-1.5856137,52.4106174],[-1.5849497,52.4106045]]}},{"type":"Feature","properties":{"id":186673240,"highway":"unclassified","name":"Eastern Green Road","oneway":null,"junction":null},"geometry":{"type":"LineString","coordinates":[[-1.5780188,52.4150287],[-1.5780154,52.4149513],[-1.5780438,52.4147377],[-1.5781068,52.4145483],[-1.5781896,52.4142767],[-1.5783895,52.4136284],[-1.578454,52.4133241],[-1.5784833,52.4130611],[-1.5784632,52.4128368],[-1.5784518,52.4126192],[-1.5784804,52.4123933],[-1.5785108,52.4122371],[-1.5785173,52.4121779],[-1.5787098,52.4115504],[-1.578804,52.4111939]]}},{"type":"Feature","properties":{"id":186739730,"highway":"service","name":"Barnstaple Close","oneway":null,"junction":null},"geometry":{"type":"LineString","coordinates":[[-1.5749435,52.4173293],[-1.5748586,52.4173818],[-1.5747987,52.4174267],[-1.5747513,52.4174791],[-1.5747289,52.4175109]]}},{"type":"Feature","properties":{"id":189226358,"highway":"tertiary","name":"Upper Eastern Green Lane","oneway":null,"junction":null},"geometry":{"type":"LineString","coordinates":[[-1.5837381,52.4169535],[-1.583607,52.4169628],[-1.5829592,52.4170085],[-1.5826662,52.4170216],[-1.5811306,52.4169859],[-1.5806335,52.4169738],[-1.5804028,52.4169612]]}},{"type":"Feature","properties":{"id":189227870,"highway":"tertiary","name":"Alderminster Road","oneway":null,"junction":null},"geometry":{"type":"LineString","coordinates":[[-1.5739422,52.4160778],[-1.5734846,52.4159699],[-1.573153,52.4158978]]}},{"type":"Feature","properties":{"id":189694258,"highway":"residential","name":"Bellerose Close","oneway":null,"junction":null},"geometry":{"type":"LineString","coordinates":[[-1.6016998,52.4115059],[-1.601891,52.4115089],[-1.6019185,52.4122649]]}},{"type":"Feature","properties":{"id":189694261,"highway":"residential","name":"Auburndale Avenue","oneway":null,"junction":null},"geometry":{"type":"LineString","coordinates":[[-1.6011056,52.4115147],[-1.6007901,52.4115228]]}},{"type":"Feature","properties":{"id":189704388,"highway":"residential","name":"Williamsbridge Road","oneway":null,"junction":null},"geometry":{"type":"LineString","coordinates":[[-1.6033765,52.4114696],[-1.602973,52.4114787],[-1.6030132,52.4120945],[-1.6030152,52.412166],[-1.6029839,52.4122628],[-1.6028096,52.4123275]]}},{"type":"Feature","properties":{"id":190293227,"highway":"service","name":null,"oneway":null,"junction":null},"geometry":{"type":"LineString","coordinates":[[-1.5626143,52.4135203],[-1.5627381,52.4132803],[-1.5627515,52.4132018],[-1.5629168,52.41301],[-1.5631646,52.4127224]]}},{"type":"Feature","properties":{"id":191369130,"highway":"service","name":null,"oneway":null,"junction":null},"geometry":{"type":"LineString","coordinates":[[-1.5706587,52.4190337],[-1.5707677,52.4190322]]}},{"type":"Feature","properties":{"id":193180488,"highway":"unclassified","name":"Jardine Crescent","oneway":null,"junction":null},"geometry":{"type":"LineString","coordinates":[[-1.5743339,52.4063776],[-1.5744272,52.4063728],[-1.5745423,52.4063709],[-1.5747583,52.4063748]]}},{"type":"Feature","properties":{"id":193180489,"highway":"residential","name":"Elm Tree Avenue","oneway":null,"junction":null},"geometry":{"type":"LineString","coordinates":[[-1.5656532,52.4059482],[-1.5655412,52.4059579],[-1.5655276,52.4059591],[-1.5654864,52.4059555],[-1.5637998,52.4058094],[-1.5633051,52.405768],[-1.5630015,52.4057392],[-1.5628798,52.4057271],[-1.5623292,52.4056782],[-1.5617988,52.4056241]]}},{"type":"Feature","properties":{"id":199526199,"highway":"service","name":null,"oneway":null,"junction":null},"geometry":{"type":"LineString","coordinates":[[-1.5944687,52.4201103],[-1.5946199,52.4198576],[-1.5947419,52.4196864],[-1.5948209,52.4195222],[-1.5949809,52.4191482],[-1.5950332,52.4190453]]}},{"type":"Feature","properties":{"id":199538765,"highway":"service","name":null,"oneway":null,"junction":null},"geometry":{"type":"LineString","coordinates":[[-1.5984271,52.4231297],[-1.5983507,52.4231419]]}},{"type":"Feature","properties":{"id":199538801,"highway":"service","name":null,"oneway":null,"junction":null},"geometry":{"type":"LineString","coordinates":[[-1.5820751,52.4188382],[-1.5816875,52.4188211],[-1.5815378,52.4187951],[-1.5814332,52.4187615],[-1.5813415,52.4187221],[-1.5812999,52.4186796],[-1.581287,52.4185652],[-1.5812329,52.4181684],[-1.5811945,52.4178086],[-1.581169,52.4176589],[-1.5811341,52.4175526],[-1.5811149,52.4173619],[-1.5811296,52.4170568]]}},{"type":"Feature","properties":{"id":199538815,"highway":"service","name":null,"oneway":null,"junction":null},"geometry":{"type":"LineString","coordinates":[[-1.5811296,52.4170568],[-1.5811306,52.4169859]]}},{"type":"Feature","properties":{"id":199538819,"highway":"service","name":null,"oneway":null,"junction":null},"geometry":{"type":"LineString","coordinates":[[-1.5983507,52.4231419],[-1.5982479,52.4231625],[-1.597855,52.4233564],[-1.5978282,52.4233776],[-1.5978268,52.423403],[-1.5978188,52.4236082],[-1.597851,52.4236377],[-1.5978778,52.4236434],[-1.5979551,52.4236465],[-1.5981053,52.4236359],[-1.5983145,52.423631],[-1.5985215,52.4236271]]}},{"type":"Feature","properties":{"id":209837312,"highway":"service","name":null,"oneway":null,"junction":null},"geometry":{"type":"LineString","coordinates":[[-1.5847041,52.4144502],[-1.5846253,52.4144677],[-1.584378,52.4145209],[-1.583775,52.4146697],[-1.584021,52.4149571],[-1.5840495,52.4149942]]}},{"type":"Feature","properties":{"id":209837313,"highway":"service","name":null,"oneway":null,"junction":null},"geometry":{"type":"LineString","coordinates":[[-1.5805857,52.4133841],[-1.5810818,52.4133786],[-1.5811019,52.4132306],[-1.5811287,52.413203],[-1.5811699,52.4131997],[-1.5815892,52.4132166]]}},{"type":"Feature","properties":{"id":209840221,"highway":"service","name":null,"oneway":null,"junction":null},"geometry":{"type":"LineString","coordinates":[[-1.5845263,52.4134431],[-1.5845145,52.4133914],[-1.5844448,52.4129804],[-1.584403,52.4129445]]}},{"type":"Feature","properties":{"id":209840224,"highway":"service","name":null,"oneway":null,"junction":null},"geometry":{"type":"LineString","coordinates":[[-1.583775,52.4146697],[-1.5833013,52.4147651],[-1.5831836,52.4147832],[-1.5830509,52.4148038],[-1.5828546,52.4147932],[-1.5825964,52.4147966],[-1.5822692,52.4147968],[-1.5820395,52.4147952],[-1.5819158,52.4147907],[-1.5816497,52.4147804],[-1.5815314,52.4147796],[-1.5813067,52.4147675],[-1.5811503,52.4147596],[-1.580837,52.414734],[-1.5805753,52.4146934],[-1.5803382,52.4146586],[-1.5802659,52.4146452]]}},{"type":"Feature","properties":{"id":209840227,"highway":"service","name":null,"oneway":null,"junction":null},"geometry":{"type":"LineString","coordinates":[[-1.5843452,52.414199],[-1.5843234,52.4141667],[-1.584102,52.4138346],[-1.5832513,52.4139382]]}},{"type":"Feature","properties":{"id":209840229,"highway":"service","name":null,"oneway":null,"junction":null},"geometry":{"type":"LineString","coordinates":[[-1.5831836,52.4147832],[-1.5831006,52.4143949]]}},{"type":"Feature","properties":{"id":209840233,"highway":"service","name":null,"oneway":null,"junction":null},"geometry":{"type":"LineString","coordinates":[[-1.5826413,52.4151981],[-1.5826383,52.4151493],[-1.5825964,52.4147966]]}},{"type":"Feature","properties":{"id":209840235,"highway":"service","name":null,"oneway":null,"junction":null},"geometry":{"type":"LineString","coordinates":[[-1.5815314,52.4147796],[-1.5815198,52.4151157],[-1.5815139,52.4151572]]}},{"type":"Feature","properties":{"id":209840236,"highway":"service","name":null,"oneway":null,"junction":null},"geometry":{"type":"LineString","coordinates":[[-1.584102,52.4138346],[-1.5845269,52.4137737],[-1.584564,52.4137523],[-1.5845249,52.4134864],[-1.5845263,52.4134431]]}},{"type":"Feature","properties":{"id":209840240,"highway":"service","name":null,"oneway":null,"junction":null},"geometry":{"type":"LineString","coordinates":[[-1.5819158,52.4147907],[-1.5819464,52.414432]]}},{"type":"Feature","properties":{"id":209844365,"highway":"service","name":"Brookstray Flats","oneway":null,"junction":null},"geometry":{"type":"LineString","coordinates":[[-1.5637882,52.4104772],[-1.5629959,52.4106025]]}},{"type":"Feature","properties":{"id":209844366,"highway":"service","name":null,"oneway":null,"junction":null},"geometry":{"type":"LineString","coordinates":[[-1.5620576,52.4093567],[-1.5629342,52.4093729],[-1.5629431,52.4091749]]}},{"type":"Feature","properties":{"id":209844367,"highway":"service","name":null,"oneway":null,"junction":null},"geometry":{"type":"LineString","coordinates":[[-1.5621295,52.4087984],[-1.5629722,52.4088363],[-1.5629939,52.4089149],[-1.5629695,52.4090198]]}},{"type":"Feature","properties":{"id":209844369,"highway":"service","name":null,"oneway":null,"junction":null},"geometry":{"type":"LineString","coordinates":[[-1.5615991,52.4097379],[-1.5617721,52.4100537],[-1.5618659,52.4100611]]}},{"type":"Feature","properties":{"id":209844370,"highway":"service","name":null,"oneway":null,"junction":null},"geometry":{"type":"LineString","coordinates":[[-1.5624351,52.4099949],[-1.5630772,52.4100154]]}},{"type":"Feature","properties":{"id":209844372,"highway":"service","name":null,"oneway":null,"junction":null},"geometry":{"type":"LineString","coordinates":[[-1.5615721,52.4085626],[-1.5616412,52.4080543],[-1.5616292,52.408038],[-1.5615983,52.4080304],[-1.5604744,52.4079844]]}},{"type":"Feature","properties":{"id":209844373,"highway":"service","name":null,"oneway":null,"junction":null},"geometry":{"type":"LineString","coordinates":[[-1.5621574,52.4085897],[-1.5615721,52.4085626],[-1.5608836,52.4085248]]}},{"type":"Feature","properties":{"id":209844775,"highway":"service","name":null,"oneway":null,"junction":null},"geometry":{"type":"LineString","coordinates":[[-1.5654019,52.4100508],[-1.5647765,52.4100465]]}},{"type":"Feature","properties":{"id":209844776,"highway":"service","name":null,"oneway":null,"junction":null},"geometry":{"type":"LineString","coordinates":[[-1.5654024,52.409511],[-1.5647699,52.4095165],[-1.5647802,52.4096742]]}},{"type":"Feature","properties":{"id":209846537,"highway":"service","name":null,"oneway":null,"junction":null},"geometry":{"type":"LineString","coordinates":[[-1.5830661,52.4167419],[-1.5830256,52.41658]]}},{"type":"Feature","properties":{"id":209846538,"highway":"residential","name":"Martin Close","oneway":null,"junction":null},"geometry":{"type":"LineString","coordinates":[[-1.5880926,52.4168891],[-1.5876272,52.4167899]]}},{"type":"Feature","properties":{"id":209846539,"highway":"service","name":null,"oneway":null,"junction":null},"geometry":{"type":"LineString","coordinates":[[-1.5857334,52.4163529],[-1.5857576,52.416287],[-1.5857586,52.4162271],[-1.5857797,52.4162118],[-1.5860568,52.4161709]]}},{"type":"Feature","properties":{"id":209846546,"highway":"service","name":null,"oneway":null,"junction":null},"geometry":{"type":"LineString","coordinates":[[-1.5842148,52.4159895],[-1.5843751,52.4164932],[-1.5843858,52.4165259],[-1.5843536,52.4166715]]}},{"type":"Feature","properties":{"id":209846550,"highway":"service","name":null,"oneway":null,"junction":null},"geometry":{"type":"LineString","coordinates":[[-1.5833782,52.4160579],[-1.5833136,52.4157533]]}},{"type":"Feature","properties":{"id":209846554,"highway":"service","name":null,"oneway":null,"junction":null},"geometry":{"type":"LineString","coordinates":[[-1.5822995,52.4160866],[-1.5823084,52.4158033]]}},{"type":"Feature","properties":{"id":209846555,"highway":"service","name":null,"oneway":null,"junction":null},"geometry":{"type":"LineString","coordinates":[[-1.5844786,52.4159532],[-1.5843926,52.4156665]]}},{"type":"Feature","properties":{"id":209846557,"highway":"service","name":null,"oneway":null,"junction":null},"geometry":{"type":"LineString","coordinates":[[-1.5812363,52.41603],[-1.5812765,52.4157265]]}},{"type":"Feature","properties":{"id":213517125,"highway":"service","name":null,"oneway":null,"junction":null},"geometry":{"type":"LineString","coordinates":[[-1.5630772,52.4100154],[-1.5630912,52.4099444]]}},{"type":"Feature","properties":{"id":213517126,"highway":"service","name":null,"oneway":null,"junction":null},"geometry":{"type":"LineString","coordinates":[[-1.5647765,52.4100465],[-1.5647801,52.4098261]]}},{"type":"Feature","properties":{"id":213517127,"highway":"service","name":null,"oneway":null,"junction":null},"geometry":{"type":"LineString","coordinates":[[-1.5630772,52.4100154],[-1.5630684,52.4101656]]}},{"type":"Feature","properties":{"id":213517128,"highway":"service","name":null,"oneway":null,"junction":null},"geometry":{"type":"LineString","coordinates":[[-1.5647765,52.4100465],[-1.5642593,52.4100911]]}},{"type":"Feature","properties":{"id":213517129,"highway":"service","name":null,"oneway":null,"junction":null},"geometry":{"type":"LineString","coordinates":[[-1.5617721,52.4100537],[-1.5617346,52.4100873],[-1.5610198,52.4102356]]}},{"type":"Feature","properties":{"id":220071195,"highway":"tertiary","name":"Broad Lane","oneway":null,"junction":null},"geometry":{"type":"LineString","coordinates":[[-1.5738642,52.409823],[-1.5724484,52.4094219],[-1.571901,52.4092681],[-1.5710326,52.4090361],[-1.5697756,52.408668],[-1.5690499,52.4084802],[-1.5682214,52.4083079],[-1.5677946,52.4082271],[-1.5670878,52.4081092],[-1.5655528,52.40789]]}},{"type":"Feature","properties":{"id":220071198,"highway":"service","name":null,"oneway":null,"junction":null},"geometry":{"type":"LineString","coordinates":[[-1.5673802,52.4093733],[-1.5674654,52.4093711],[-1.5674882,52.4093695],[-1.567507,52.4093621],[-1.5675232,52.4093528],[-1.5675325,52.4093392],[-1.5675635,52.4090575],[-1.567558,52.4090422],[-1.5675447,52.4090264],[-1.5675232,52.4090182],[-1.5668124,52.4089429],[-1.5667984,52.4089454],[-1.566789,52.4089521],[-1.5667676,52.4090295]]}},{"type":"Feature","properties":{"id":222355634,"highway":"residential","name":"Juniper Drive","oneway":null,"junction":null},"geometry":{"type":"LineString","coordinates":[[-1.577675,52.4202738],[-1.5776853,52.4201862],[-1.5777146,52.4201058],[-1.5777868,52.4200042],[-1.5778638,52.4199264]]}},{"type":"Feature","properties":{"id":224515471,"highway":"residential","name":"Scafell Close","oneway":null,"junction":null},"geometry":{"type":"LineString","coordinates":[[-1.5686473,52.4151216],[-1.5685973,52.4151401],[-1.5685398,52.415135],[-1.5683582,52.4150748]]}},{"type":"Feature","properties":{"id":224515478,"highway":"residential","name":"Cartmel Close","oneway":null,"junction":null},"geometry":{"type":"LineString","coordinates":[[-1.5680224,52.4144265],[-1.5680514,52.4144796],[-1.5680843,52.4145394],[-1.5681112,52.4146039]]}},{"type":"Feature","properties":{"id":224515509,"highway":"residential","name":"Cartmel Close","oneway":null,"junction":null},"geometry":{"type":"LineString","coordinates":[[-1.5685198,52.4139033],[-1.5684124,52.4140013],[-1.5682104,52.4142215],[-1.5680224,52.4144265],[-1.5679312,52.4143869]]}},{"type":"Feature","properties":{"id":224627685,"highway":"service","name":null,"oneway":null,"junction":null},"geometry":{"type":"LineString","coordinates":[[-1.5690731,52.4163418],[-1.569517,52.4162886],[-1.5696873,52.416269],[-1.5697597,52.4162576],[-1.5698047,52.4162509]]}},{"type":"Feature","properties":{"id":224627688,"highway":"residential","name":"Essex Close","oneway":null,"junction":null},"geometry":{"type":"LineString","coordinates":[[-1.5632202,52.4116681],[-1.5630864,52.4117449]]}},{"type":"Feature","properties":{"id":224627690,"highway":"residential","name":"Bowfell Close","oneway":null,"junction":null},"geometry":{"type":"LineString","coordinates":[[-1.5674185,52.4137765],[-1.5672301,52.4138635]]}},{"type":"Feature","properties":{"id":224627695,"highway":"residential","name":"Monmouth Close","oneway":null,"junction":null},"geometry":{"type":"LineString","coordinates":[[-1.5642053,52.4122071],[-1.5641139,52.4122754]]}},{"type":"Feature","properties":{"id":224960023,"highway":"service","name":"Garden Flats","oneway":null,"junction":null},"geometry":{"type":"LineString","coordinates":[[-1.5965568,52.4194181],[-1.59651,52.4194495],[-1.5964679,52.4194749],[-1.5964211,52.4194856],[-1.5959893,52.4193806],[-1.5956165,52.4192959],[-1.5955628,52.4192681],[-1.5955438,52.4191713]]}},{"type":"Feature","properties":{"id":225084270,"highway":"residential","name":"Unicorn Lane","oneway":null,"junction":null},"geometry":{"type":"LineString","coordinates":[[-1.5728855,52.4147222],[-1.5727434,52.4147298],[-1.5726287,52.4147421],[-1.5725871,52.4147465],[-1.5722526,52.4148101],[-1.5720005,52.4148553],[-1.5719209,52.4148696],[-1.5718351,52.4148843],[-1.5717603,52.4148971],[-1.5716173,52.4149292],[-1.5713606,52.4150061]]}},{"type":"Feature","properties":{"id":225147295,"highway":"residential","name":"Stonebury Avenue","oneway":null,"junction":null},"geometry":{"type":"LineString","coordinates":[[-1.5895647,52.4140723],[-1.5895761,52.4144464],[-1.5895808,52.4145703]]}},{"type":"Feature","properties":{"id":225236275,"highway":"service","name":"Greenleaf Close","oneway":null,"junction":null},"geometry":{"type":"LineString","coordinates":[[-1.5735955,52.4120501],[-1.5735145,52.4120425],[-1.5733866,52.4120408],[-1.573109,52.4120387]]}},{"type":"Feature","properties":{"id":225280076,"highway":"residential","name":"Lambourne Close","oneway":null,"junction":null},"geometry":{"type":"LineString","coordinates":[[-1.5726269,52.4137139],[-1.5725874,52.4138103]]}},{"type":"Feature","properties":{"id":225280090,"highway":"residential","name":"Aynho Close","oneway":null,"junction":null},"geometry":{"type":"LineString","coordinates":[[-1.568075,52.4117148],[-1.5678898,52.4117627]]}},{"type":"Feature","properties":{"id":225280111,"highway":"residential","name":"Beausale Croft","oneway":null,"junction":null},"geometry":{"type":"LineString","coordinates":[[-1.5691111,52.4129956],[-1.5690189,52.4130733]]}},{"type":"Feature","properties":{"id":225280626,"highway":"residential","name":"Carding Close","oneway":null,"junction":null},"geometry":{"type":"LineString","coordinates":[[-1.5753284,52.414374],[-1.5751661,52.4143582],[-1.57502,52.414344]]}},{"type":"Feature","properties":{"id":225448122,"highway":"residential","name":"Derwent Close","oneway":null,"junction":null},"geometry":{"type":"LineString","coordinates":[[-1.5856731,52.4164717],[-1.585659,52.4164353],[-1.5856415,52.416414],[-1.5856083,52.416402],[-1.5852974,52.4163531],[-1.5852212,52.4163269],[-1.5851781,52.4162832],[-1.585146,52.416227],[-1.5850182,52.4158694]]}},{"type":"Feature","properties":{"id":225593895,"highway":"service","name":"Shottery Close","oneway":null,"junction":null},"geometry":{"type":"LineString","coordinates":[[-1.5612857,52.4104842],[-1.5613205,52.4105272],[-1.5613407,52.4105452],[-1.5613789,52.4105558],[-1.5614091,52.4105533],[-1.5615467,52.4105387]]}},{"type":"Feature","properties":{"id":237965263,"highway":"trunk","name":"Dunchurch Highway","oneway":"yes","junction":null},"geometry":{"type":"LineString","coordinates":[[-1.5601722,52.4099491],[-1.5602686,52.4100623],[-1.5605242,52.410342],[-1.5608833,52.4106935],[-1.5612555,52.4109979],[-1.5616625,52.4112945],[-1.5620463,52.4115601],[-1.5631391,52.4121639],[-1.5642181,52.4126673],[-1.5656087,52.413328],[-1.566127,52.4135903],[-1.5666337,52.4139017],[-1.5669988,52.4141605],[-1.5673589,52.4144595],[-1.5676505,52.4147584],[-1.5679334,52.4150828],[-1.5682282,52.4155171],[-1.5684191,52.415963],[-1.5691788,52.4181775],[-1.5694679,52.4190399]]}},{"type":"Feature","properties":{"id":240408277,"highway":"residential","name":"Bellerose Close","oneway":null,"junction":null},"geometry":{"type":"LineString","coordinates":[[-1.601891,52.4115089],[-1.6020158,52.4115044],[-1.6021123,52.4115009]]}},{"type":"Feature","properties":{"id":263669573,"highway":"service","name":null,"oneway":null,"junction":null},"geometry":{"type":"LineString","coordinates":[[-1.5983681,52.4192843],[-1.5985565,52.419306],[-1.5989575,52.4193522]]}},{"type":"Feature","properties":{"id":263669574,"highway":"service","name":null,"oneway":null,"junction":null},"geometry":{"type":"LineString","coordinates":[[-1.5982009,52.4197547],[-1.5981748,52.4197945]]}},{"type":"Feature","properties":{"id":263669575,"highway":"service","name":null,"oneway":null,"junction":null},"geometry":{"type":"LineString","coordinates":[[-1.5985267,52.4194033],[-1.5985565,52.419306],[-1.5985863,52.4192098]]}},{"type":"Feature","properties":{"id":263669576,"highway":"service","name":null,"oneway":null,"junction":null},"geometry":{"type":"LineString","coordinates":[[-1.5989575,52.4193522],[-1.5990772,52.419364]]}},{"type":"Feature","properties":{"id":263669577,"highway":"service","name":null,"oneway":null,"junction":null},"geometry":{"type":"LineString","coordinates":[[-1.5981845,52.419593],[-1.5982205,52.4196601],[-1.5982212,52.4197175],[-1.5982009,52.4197547]]}},{"type":"Feature","properties":{"id":268967053,"highway":"service","name":null,"oneway":null,"junction":null},"geometry":{"type":"LineString","coordinates":[[-1.5995892,52.4119185],[-1.5996034,52.4118436],[-1.5990297,52.4118492]]}},{"type":"Feature","properties":{"id":268967349,"highway":"residential","name":"Morrisania Close","oneway":null,"junction":null},"geometry":{"type":"LineString","coordinates":[[-1.5989797,52.4115643],[-1.5998739,52.4115388]]}},{"type":"Feature","properties":{"id":268972469,"highway":"service","name":null,"oneway":null,"junction":null},"geometry":{"type":"LineString","coordinates":[[-1.595958,52.4192724],[-1.59614,52.4190097]]}},{"type":"Feature","properties":{"id":290578342,"highway":"service","name":null,"oneway":null,"junction":null},"geometry":{"type":"LineString","coordinates":[[-1.5830256,52.41658],[-1.5829789,52.4160773]]}},{"type":"Feature","properties":{"id":290578347,"highway":"service","name":null,"oneway":null,"junction":null},"geometry":{"type":"LineString","coordinates":[[-1.5830256,52.41658],[-1.5829401,52.4165799]]}},{"type":"Feature","properties":{"id":290578485,"highway":"residential","name":"Osbaston Close","oneway":null,"junction":null},"geometry":{"type":"LineString","coordinates":[[-1.58679,52.4166023],[-1.5867016,52.4166245],[-1.5865998,52.4166819]]}},{"type":"Feature","properties":{"id":300670577,"highway":"service","name":null,"oneway":null,"junction":null},"geometry":{"type":"LineString","coordinates":[[-1.5926831,52.4134793],[-1.5926979,52.413445],[-1.5927302,52.4134313],[-1.5927835,52.4134289],[-1.5928533,52.4134346],[-1.59292,52.4134473],[-1.592976,52.4134585],[-1.5930023,52.4134715],[-1.5930197,52.4134857],[-1.5930103,52.4135162]]}},{"type":"Feature","properties":{"id":300670580,"highway":"service","name":null,"oneway":"no","junction":null},"geometry":{"type":"LineString","coordinates":[[-1.5928533,52.4134346],[-1.5928666,52.4134029],[-1.5928806,52.4133672],[-1.5929177,52.4132178],[-1.592918,52.4129968],[-1.5929175,52.41285],[-1.592931,52.4124287],[-1.5929296,52.4123147],[-1.5928933,52.4122013],[-1.5928359,52.4121341],[-1.5927348,52.4121116],[-1.5922154,52.4121172],[-1.5921051,52.4121088],[-1.5919673,52.4120388],[-1.591834,52.4119687],[-1.5916846,52.4119518],[-1.5911009,52.411949],[-1.5910757,52.411921],[-1.5910746,52.4118042],[-1.5910729,52.4116223]]}},{"type":"Feature","properties":{"id":300783739,"highway":"residential","name":"Nova Croft","oneway":null,"junction":null},"geometry":{"type":"LineString","coordinates":[[-1.5971313,52.4145422],[-1.5972266,52.4144591]]}},{"type":"Feature","properties":{"id":300783740,"highway":"residential","name":"Nova Croft","oneway":null,"junction":null},"geometry":{"type":"LineString","coordinates":[[-1.5987545,52.4150966],[-1.5985942,52.4150347],[-1.5984418,52.4149785],[-1.5980484,52.4147989],[-1.5972266,52.4144591],[-1.597117,52.4144119]]}},{"type":"Feature","properties":{"id":300788613,"highway":"residential","name":"Stonebury Avenue","oneway":null,"junction":null},"geometry":{"type":"LineString","coordinates":[[-1.5891983,52.4135475],[-1.5890463,52.4135409]]}},{"type":"Feature","properties":{"id":300788617,"highway":"service","name":null,"oneway":null,"junction":null},"geometry":{"type":"LineString","coordinates":[[-1.5854789,52.4126667],[-1.5854934,52.4126306],[-1.5855965,52.4123741],[-1.5853232,52.4123301]]}},{"type":"Feature","properties":{"id":302893405,"highway":"service","name":null,"oneway":null,"junction":null},"geometry":{"type":"LineString","coordinates":[[-1.5745506,52.405556],[-1.573853,52.4056391],[-1.5738089,52.4055538],[-1.5738273,52.4055122],[-1.5738825,52.4054403],[-1.5738751,52.4053292],[-1.5738037,52.4052523]]}},{"type":"Feature","properties":{"id":329373124,"highway":"living_street","name":"Jasper Close","oneway":null,"junction":null},"geometry":{"type":"LineString","coordinates":[[-1.5998643,52.4108836],[-1.5996586,52.4108867]]}},{"type":"Feature","properties":{"id":329373125,"highway":"living_street","name":"Jasper Close","oneway":null,"junction":null},"geometry":{"type":"LineString","coordinates":[[-1.5998643,52.4108836],[-1.60002,52.4108819]]}},{"type":"Feature","properties":{"id":329373126,"highway":"living_street","name":"Niagra Close","oneway":null,"junction":null},"geometry":{"type":"LineString","coordinates":[[-1.6004415,52.4108775],[-1.6007233,52.4108706],[-1.6008625,52.4108718],[-1.6010624,52.4108701],[-1.6013249,52.4108687]]}},{"type":"Feature","properties":{"id":329373131,"highway":"service","name":null,"oneway":null,"junction":null},"geometry":{"type":"LineString","coordinates":[[-1.6004415,52.4108775],[-1.6004334,52.4107061]]}},{"type":"Feature","properties":{"id":329373135,"highway":"service","name":null,"oneway":null,"junction":null},"geometry":{"type":"LineString","coordinates":[[-1.6004415,52.4108775],[-1.60002,52.4108819]]}},{"type":"Feature","properties":{"id":329373148,"highway":"service","name":null,"oneway":null,"junction":null},"geometry":{"type":"LineString","coordinates":[[-1.5993529,52.4102428],[-1.5992953,52.4102944],[-1.5993098,52.410487],[-1.5993157,52.4106835],[-1.5993487,52.4107089],[-1.5994256,52.4107076]]}},{"type":"Feature","properties":{"id":330825401,"highway":"living_street","name":"Auburndale Avenue","oneway":null,"junction":null},"geometry":{"type":"LineString","coordinates":[[-1.6012759,52.4115144],[-1.6011056,52.4115147]]}},{"type":"Feature","properties":{"id":330825402,"highway":"residential","name":"Baychester Road","oneway":null,"junction":null},"geometry":{"type":"LineString","coordinates":[[-1.6036717,52.4135105],[-1.6038067,52.4135072]]}},{"type":"Feature","properties":{"id":330825403,"highway":"residential","name":"Baychester Road","oneway":null,"junction":null},"geometry":{"type":"LineString","coordinates":[[-1.6039471,52.4135039],[-1.6038067,52.4135072],[-1.6037923,52.4132012]]}},{"type":"Feature","properties":{"id":330825404,"highway":"residential","name":"Baychester Road","oneway":null,"junction":null},"geometry":{"type":"LineString","coordinates":[[-1.6030221,52.4131955],[-1.6037923,52.4132012],[-1.604016,52.4131997]]}},{"type":"Feature","properties":{"id":330825405,"highway":"living_street","name":"Bellerose Close","oneway":null,"junction":null},"geometry":{"type":"LineString","coordinates":[[-1.6014766,52.4115106],[-1.6016998,52.4115059]]}},{"type":"Feature","properties":{"id":330825406,"highway":"living_street","name":"Bellerose Close","oneway":null,"junction":null},"geometry":{"type":"LineString","coordinates":[[-1.6023234,52.4114944],[-1.6021123,52.4115009]]}},{"type":"Feature","properties":{"id":330825407,"highway":"residential","name":"Madin Close","oneway":null,"junction":null},"geometry":{"type":"LineString","coordinates":[[-1.6038404,52.4143043],[-1.6038344,52.4142291]]}},{"type":"Feature","properties":{"id":330825408,"highway":"residential","name":"Madin Close","oneway":null,"junction":null},"geometry":{"type":"LineString","coordinates":[[-1.6032558,52.4142716],[-1.6035204,52.4142189],[-1.6038344,52.4142291],[-1.603831,52.4140386]]}},{"type":"Feature","properties":{"id":330825409,"highway":"residential","name":"Massey Close","oneway":null,"junction":null},"geometry":{"type":"LineString","coordinates":[[-1.6036508,52.412753],[-1.6037939,52.4127464]]}},{"type":"Feature","properties":{"id":330825412,"highway":"residential","name":"Massey Close","oneway":null,"junction":null},"geometry":{"type":"LineString","coordinates":[[-1.6030132,52.4120945],[-1.6037399,52.4120776],[-1.6037939,52.4127464],[-1.6039316,52.4127431]]}},{"type":"Feature","properties":{"id":330825416,"highway":"service","name":null,"oneway":null,"junction":null},"geometry":{"type":"LineString","coordinates":[[-1.6018684,52.415573],[-1.6021269,52.4153167]]}},{"type":"Feature","properties":{"id":330825417,"highway":"service","name":null,"oneway":null,"junction":null},"geometry":{"type":"LineString","coordinates":[[-1.6023903,52.4157223],[-1.6025786,52.4154221],[-1.6026969,52.4153888],[-1.6027211,52.415337]]}},{"type":"Feature","properties":{"id":331304048,"highway":"service","name":null,"oneway":null,"junction":null},"geometry":{"type":"LineString","coordinates":[[-1.592918,52.4129968],[-1.5921886,52.4129972],[-1.592186,52.4129105],[-1.5921832,52.4128565],[-1.5929175,52.41285]]}},{"type":"Feature","properties":{"id":331304050,"highway":"service","name":null,"oneway":null,"junction":null},"geometry":{"type":"LineString","coordinates":[[-1.5912546,52.4129104],[-1.592186,52.4129105]]}},{"type":"Feature","properties":{"id":373907100,"highway":"residential","name":"Elm Tree Avenue","oneway":null,"junction":null},"geometry":{"type":"LineString","coordinates":[[-1.5617988,52.4056241],[-1.5612684,52.4055818],[-1.5605817,52.4055298],[-1.5598924,52.4054837],[-1.5598268,52.4054776],[-1.559325,52.4054402]]}},{"type":"Feature","properties":{"id":373907115,"highway":"tertiary","name":"Job's Lane","oneway":null,"junction":null},"geometry":{"type":"LineString","coordinates":[[-1.5735676,52.4068017],[-1.5736793,52.4071216],[-1.5737754,52.4074365],[-1.5740415,52.4083081],[-1.5740873,52.408463],[-1.5741336,52.4086193],[-1.5741911,52.4088284],[-1.5743033,52.4092359],[-1.5743151,52.4093099],[-1.5743124,52.4093595],[-1.5742973,52.4094102],[-1.5742595,52.409453],[-1.5742013,52.409506],[-1.5740667,52.4096123],[-1.5739451,52.4097185],[-1.5738642,52.409823]]}},{"type":"Feature","properties":{"id":375795297,"highway":"tertiary","name":"Broad Lane","oneway":null,"junction":null},"geometry":{"type":"LineString","coordinates":[[-1.55962,52.407113],[-1.5596537,52.4071196],[-1.5598717,52.4071688],[-1.5600836,52.4072017],[-1.5605086,52.4072717],[-1.5610742,52.4073435],[-1.5618594,52.4074492],[-1.5637646,52.4076547],[-1.5641637,52.4076977],[-1.5645261,52.4077463]]}},{"type":"Feature","properties":{"id":381274601,"highway":"tertiary","name":"Broad Lane","oneway":null,"junction":null},"geometry":{"type":"LineString","coordinates":[[-1.5872142,52.4128886],[-1.5875795,52.4129277],[-1.5883103,52.4129881],[-1.5890919,52.4130492],[-1.589534,52.4130878],[-1.589876,52.413118],[-1.5902832,52.4131567],[-1.59073,52.4132082],[-1.5911623,52.4132629],[-1.5916843,52.4133411],[-1.5921357,52.4134046],[-1.5923145,52.4134295],[-1.5924899,52.4134529],[-1.5926831,52.4134793],[-1.5930103,52.4135162]]}},{"type":"Feature","properties":{"id":381274602,"highway":"tertiary","name":"Broad Lane","oneway":null,"junction":null},"geometry":{"type":"LineString","coordinates":[[-1.5861661,52.4127677],[-1.5866606,52.4128279],[-1.5867642,52.4128405],[-1.587119,52.4128784],[-1.5872142,52.4128886]]}},{"type":"Feature","properties":{"id":381457061,"highway":"tertiary","name":"Banner Lane","oneway":null,"junction":null},"geometry":{"type":"LineString","coordinates":[[-1.5969084,52.4115494],[-1.5968798,52.4110807],[-1.596863,52.4109106],[-1.5968565,52.410715],[-1.5968608,52.4104386],[-1.5968703,52.4103629],[-1.59688,52.4102864],[-1.5969274,52.4099109],[-1.5969447,52.4097733],[-1.5969611,52.4094405],[-1.5969523,52.4089821],[-1.5969512,52.4089438],[-1.596946,52.4087539],[-1.5969395,52.4085206],[-1.5969084,52.4082008],[-1.5967935,52.4077637],[-1.5967563,52.4074483],[-1.5967138,52.4071788],[-1.5966516,52.4068961],[-1.5965771,52.4066571],[-1.5964958,52.4063893],[-1.5964194,52.4061088]]}},{"type":"Feature","properties":{"id":382496854,"highway":"service","name":null,"oneway":null,"junction":null},"geometry":{"type":"LineString","coordinates":[[-1.6006585,52.4197025],[-1.6005091,52.4197543],[-1.6004174,52.4197705]]}},{"type":"Feature","properties":{"id":382496855,"highway":"service","name":null,"oneway":null,"junction":null},"geometry":{"type":"LineString","coordinates":[[-1.6006585,52.4197025],[-1.6007473,52.4195908],[-1.6007432,52.4194743],[-1.6007483,52.4194424]]}},{"type":"Feature","properties":{"id":385110141,"highway":"service","name":null,"oneway":null,"junction":null},"geometry":{"type":"LineString","coordinates":[[-1.5912108,52.4182517],[-1.5910823,52.4185281]]}},{"type":"Feature","properties":{"id":385110142,"highway":"service","name":null,"oneway":null,"junction":null},"geometry":{"type":"LineString","coordinates":[[-1.5934843,52.4191086],[-1.5934348,52.419112],[-1.5933145,52.4190799]]}},{"type":"Feature","properties":{"id":385110143,"highway":"service","name":null,"oneway":null,"junction":null},"geometry":{"type":"LineString","coordinates":[[-1.5943938,52.4193818],[-1.594106,52.4193055],[-1.5943761,52.4188863]]}},{"type":"Feature","properties":{"id":385110144,"highway":"service","name":null,"oneway":null,"junction":null},"geometry":{"type":"LineString","coordinates":[[-1.5919537,52.418678],[-1.5910823,52.4185281],[-1.5902334,52.4183837]]}},{"type":"Feature","properties":{"id":385110145,"highway":"service","name":null,"oneway":null,"junction":null},"geometry":{"type":"LineString","coordinates":[[-1.5937309,52.4187284],[-1.5934843,52.4191086],[-1.5935193,52.4191334],[-1.5937381,52.4192059]]}},{"type":"Feature","properties":{"id":385110146,"highway":"service","name":"Rose Cottage","oneway":null,"junction":null},"geometry":{"type":"LineString","coordinates":[[-1.5917767,52.4182634],[-1.5916549,52.4183218],[-1.5915535,52.4183136],[-1.5912108,52.4182517],[-1.5907892,52.4181747],[-1.5907283,52.4181541],[-1.5907148,52.4181259],[-1.5907088,52.4180638]]}},{"type":"Feature","properties":{"id":422196349,"highway":"residential","name":"William Bree Road","oneway":null,"junction":null},"geometry":{"type":"LineString","coordinates":[[-1.5980068,52.4183398],[-1.5979113,52.4182804],[-1.5977841,52.4183277]]}},{"type":"Feature","properties":{"id":422196451,"highway":"service","name":null,"oneway":null,"junction":null},"geometry":{"type":"LineString","coordinates":[[-1.5972318,52.4186042],[-1.5973342,52.4183652],[-1.5975076,52.4183722],[-1.5977841,52.4183277]]}},{"type":"Feature","properties":{"id":422410295,"highway":"residential","name":"Despard Road","oneway":null,"junction":null},"geometry":{"type":"LineString","coordinates":[[-1.5958468,52.4171989],[-1.5958413,52.4171302],[-1.5958528,52.4170627]]}},{"type":"Feature","properties":{"id":422578404,"highway":"residential","name":"Kenthurst Close","oneway":null,"junction":null},"geometry":{"type":"LineString","coordinates":[[-1.5979563,52.4156566],[-1.597944,52.4155838],[-1.5979373,52.4154998]]}},{"type":"Feature","properties":{"id":422899427,"highway":"residential","name":"Stonebury Avenue","oneway":null,"junction":null},"geometry":{"type":"LineString","coordinates":[[-1.5905757,52.4146634],[-1.5903915,52.41465]]}},{"type":"Feature","properties":{"id":422899428,"highway":"residential","name":"Stonebury Avenue","oneway":null,"junction":null},"geometry":{"type":"LineString","coordinates":[[-1.5895761,52.4144464],[-1.5893965,52.4144465]]}},{"type":"Feature","properties":{"id":422899429,"highway":"residential","name":"Stonebury Avenue","oneway":null,"junction":null},"geometry":{"type":"LineString","coordinates":[[-1.5914879,52.4147935],[-1.5915845,52.4147643],[-1.5916765,52.4147962]]}},{"type":"Feature","properties":{"id":422899430,"highway":"residential","name":"Stonebury Avenue","oneway":null,"junction":null},"geometry":{"type":"LineString","coordinates":[[-1.5885407,52.4146854],[-1.5884857,52.4146705],[-1.5883737,52.4147001]]}},{"type":"Feature","properties":{"id":468714181,"highway":"service","name":null,"oneway":null,"junction":null},"geometry":{"type":"LineString","coordinates":[[-1.5842285,52.417698],[-1.5842862,52.4176236],[-1.5843532,52.4175557],[-1.5843827,52.4175074],[-1.5843868,52.4174673]]}},{"type":"Feature","properties":{"id":468714182,"highway":"service","name":null,"oneway":null,"junction":null},"geometry":{"type":"LineString","coordinates":[[-1.583607,52.4169628],[-1.5836733,52.4172776],[-1.5836693,52.417469],[-1.5837122,52.4175287],[-1.5838061,52.417563],[-1.5839428,52.4175917],[-1.5840971,52.4176105],[-1.5842862,52.4176236]]}},{"type":"Feature","properties":{"id":468730196,"highway":"residential","name":"Grizebeck Drive","oneway":null,"junction":null},"geometry":{"type":"LineString","coordinates":[[-1.5712539,52.4191489],[-1.5714173,52.419164]]}},{"type":"Feature","properties":{"id":468730197,"highway":"residential","name":"Grizebeck Drive","oneway":null,"junction":null},"geometry":{"type":"LineString","coordinates":[[-1.5714173,52.419164],[-1.571578,52.419155]]}},{"type":"Feature","properties":{"id":468837777,"highway":"residential","name":"Centora Walk","oneway":null,"junction":null},"geometry":{"type":"LineString","coordinates":[[-1.6041048,52.4150644],[-1.6039625,52.4150606],[-1.6039407,52.4148449],[-1.6039461,52.4146878]]}},{"type":"Feature","properties":{"id":468837778,"highway":"residential","name":"Centora Walk","oneway":null,"junction":null},"geometry":{"type":"LineString","coordinates":[[-1.6033399,52.4148122],[-1.6038334,52.4148416],[-1.6039407,52.4148449]]}},{"type":"Feature","properties":{"id":469043804,"highway":"service","name":null,"oneway":null,"junction":null},"geometry":{"type":"LineString","coordinates":[[-1.5706034,52.4169122],[-1.5706262,52.4170076],[-1.5706622,52.4171586],[-1.5710611,52.4171232]]}},{"type":"Feature","properties":{"id":469043805,"highway":"service","name":null,"oneway":null,"junction":null},"geometry":{"type":"LineString","coordinates":[[-1.5700728,52.4170568],[-1.5706262,52.4170076]]}},{"type":"Feature","properties":{"id":469047976,"highway":"residential","name":"Appledore Drive","oneway":null,"junction":null},"geometry":{"type":"LineString","coordinates":[[-1.5769655,52.4172494],[-1.5770621,52.4171588]]}},{"type":"Feature","properties":{"id":469141011,"highway":"service","name":null,"oneway":null,"junction":null},"geometry":{"type":"LineString","coordinates":[[-1.5770075,52.4196671],[-1.5769366,52.4196736],[-1.5768256,52.4196857],[-1.5767675,52.4196447],[-1.5767229,52.4196155]]}},{"type":"Feature","properties":{"id":469424507,"highway":"residential","name":"Fingest Close","oneway":null,"junction":null},"geometry":{"type":"LineString","coordinates":[[-1.563835,52.4130722],[-1.5637572,52.4129912]]}},{"type":"Feature","properties":{"id":474928398,"highway":"service","name":null,"oneway":null,"junction":null},"geometry":{"type":"LineString","coordinates":[[-1.5872417,52.4124027],[-1.5870493,52.4123811]]}},{"type":"Feature","properties":{"id":474928399,"highway":"service","name":null,"oneway":null,"junction":null},"geometry":{"type":"LineString","coordinates":[[-1.587119,52.4128784],[-1.5871292,52.4128386],[-1.5871535,52.4127446],[-1.5872417,52.4124027],[-1.5872572,52.4123426]]}},{"type":"Feature","properties":{"id":499807994,"highway":"residential","name":"Stonebury Avenue","oneway":null,"junction":null},"geometry":{"type":"LineString","coordinates":[[-1.5865479,52.4147637],[-1.5864719,52.4147452],[-1.586355,52.4147576]]}},{"type":"Feature","properties":{"id":499808013,"highway":"residential","name":"Stonebury Avenue","oneway":null,"junction":null},"geometry":{"type":"LineString","coordinates":[[-1.5875574,52.4145902],[-1.5874898,52.4145725],[-1.5874183,52.4145837]]}},{"type":"Feature","properties":{"id":499907875,"highway":"service","name":null,"oneway":null,"junction":null},"geometry":{"type":"LineString","coordinates":[[-1.5707324,52.4160991],[-1.5703809,52.4161417]]}},{"type":"Feature","properties":{"id":499907876,"highway":"service","name":null,"oneway":null,"junction":null},"geometry":{"type":"LineString","coordinates":[[-1.5698607,52.4164214],[-1.5704133,52.4163551],[-1.5703771,52.4161866],[-1.5703809,52.4161417],[-1.5703905,52.4160287],[-1.5705313,52.4159797]]}},{"type":"Feature","properties":{"id":500629742,"highway":"residential","name":"Hopton Close","oneway":null,"junction":null},"geometry":{"type":"LineString","coordinates":[[-1.573884,52.4140525],[-1.5737425,52.4139998],[-1.5735984,52.413969]]}},{"type":"Feature","properties":{"id":500629745,"highway":"residential","name":"Tiber Close","oneway":null,"junction":null},"geometry":{"type":"LineString","coordinates":[[-1.5763208,52.4143911],[-1.5764576,52.4143985]]}},{"type":"Feature","properties":{"id":500629825,"highway":"residential","name":"Angus Close","oneway":null,"junction":null},"geometry":{"type":"LineString","coordinates":[[-1.5728983,52.4154127],[-1.5728201,52.4154014]]}},{"type":"Feature","properties":{"id":500629838,"highway":"residential","name":"Shetland Close","oneway":null,"junction":null},"geometry":{"type":"LineString","coordinates":[[-1.5737969,52.4154472],[-1.5739551,52.4154815]]}},{"type":"Feature","properties":{"id":500629839,"highway":"residential","name":"Chiel Close","oneway":null,"junction":null},"geometry":{"type":"LineString","coordinates":[[-1.5746016,52.4156306],[-1.5746162,52.4155696],[-1.5746243,52.4155357],[-1.5746336,52.4154967]]}},{"type":"Feature","properties":{"id":501576915,"highway":"residential","name":"Dunhill Avenue","oneway":null,"junction":null},"geometry":{"type":"LineString","coordinates":[[-1.5824282,52.4098743],[-1.5823503,52.4098239],[-1.5822452,52.4098359]]}},{"type":"Feature","properties":{"id":501576929,"highway":"residential","name":"Dunhill Avenue","oneway":null,"junction":null},"geometry":{"type":"LineString","coordinates":[[-1.5841368,52.4102535],[-1.5840632,52.4102069],[-1.5839504,52.4102126]]}},{"type":"Feature","properties":{"id":503811201,"highway":"tertiary","name":null,"oneway":"yes","junction":"roundabout"},"geometry":{"type":"LineString","coordinates":[[-1.5971805,52.4136497],[-1.5972017,52.4136749],[-1.5972074,52.413703],[-1.5971971,52.4137306],[-1.5971749,52.4137523]]}},{"type":"Feature","properties":{"id":506112392,"highway":"residential","name":"Delta Close","oneway":null,"junction":null},"geometry":{"type":"LineString","coordinates":[[-1.6019393,52.4147804],[-1.6019178,52.4146756]]}},{"type":"Feature","properties":{"id":506112396,"highway":"residential","name":"Delta Close","oneway":null,"junction":null},"geometry":{"type":"LineString","coordinates":[[-1.6026957,52.4147836],[-1.6028137,52.4143484],[-1.602862,52.414283],[-1.6029585,52.4142503],[-1.6030765,52.4142372],[-1.6031546,52.4142168]]}},{"type":"Feature","properties":{"id":506112400,"highway":"residential","name":"Delta Close","oneway":null,"junction":null},"geometry":{"type":"LineString","coordinates":[[-1.6028459,52.4148],[-1.6026957,52.4147836],[-1.6024006,52.4147574],[-1.6022826,52.4147542],[-1.6019393,52.4147804],[-1.6017515,52.4148033]]}},{"type":"Feature","properties":{"id":506112403,"highway":"service","name":null,"oneway":null,"junction":null},"geometry":{"type":"LineString","coordinates":[[-1.6025884,52.4136351],[-1.6025937,52.4135075],[-1.6030469,52.4134877]]}},{"type":"Feature","properties":{"id":520503560,"highway":"residential","name":"Lime Tree Avenue","oneway":null,"junction":null},"geometry":{"type":"LineString","coordinates":[[-1.5668754,52.4052883],[-1.5666608,52.4048596]]}},{"type":"Feature","properties":{"id":525520217,"highway":"residential","name":"Joshua Close","oneway":null,"junction":null},"geometry":{"type":"LineString","coordinates":[[-1.5747396,52.4071919],[-1.5747009,52.4070836],[-1.5746725,52.4069658]]}},{"type":"Feature","properties":{"id":525520247,"highway":"residential","name":"Goode Croft","oneway":null,"junction":null},"geometry":{"type":"LineString","coordinates":[[-1.5762782,52.4078417],[-1.5761749,52.4078557],[-1.57611,52.4078089]]}},{"type":"Feature","properties":{"id":525520248,"highway":"service","name":null,"oneway":null,"junction":null},"geometry":{"type":"LineString","coordinates":[[-1.5782077,52.40801],[-1.5776889,52.4079432]]}},{"type":"Feature","properties":{"id":525520258,"highway":"service","name":null,"oneway":null,"junction":null},"geometry":{"type":"LineString","coordinates":[[-1.5796024,52.4087148],[-1.5790065,52.4086269]]}},{"type":"Feature","properties":{"id":525520303,"highway":"service","name":null,"oneway":null,"junction":null},"geometry":{"type":"LineString","coordinates":[[-1.5835792,52.4081848],[-1.5835464,52.4084631],[-1.5835177,52.4085111],[-1.5832402,52.4084762],[-1.583276,52.4083702]]}},{"type":"Feature","properties":{"id":525541531,"highway":"residential","name":"Pebworth Close","oneway":null,"junction":null},"geometry":{"type":"LineString","coordinates":[[-1.5666126,52.4107333],[-1.5665373,52.4106316]]}},{"type":"Feature","properties":{"id":525541532,"highway":"residential","name":"Cantlow Close","oneway":null,"junction":null},"geometry":{"type":"LineString","coordinates":[[-1.5673287,52.4112349],[-1.567257,52.4111342]]}},{"type":"Feature","properties":{"id":525755437,"highway":"service","name":null,"oneway":null,"junction":null},"geometry":{"type":"LineString","coordinates":[[-1.5752536,52.4140937],[-1.5751068,52.4140721],[-1.5750255,52.4140602],[-1.5747622,52.4140018],[-1.5743601,52.4138542]]}},{"type":"Feature","properties":{"id":525757378,"highway":"residential","name":"Sundorne Close","oneway":null,"junction":null},"geometry":{"type":"LineString","coordinates":[[-1.5738694,52.4128311],[-1.5739162,52.4127355]]}},{"type":"Feature","properties":{"id":525765868,"highway":"residential","name":"Ferndown Close","oneway":null,"junction":null},"geometry":{"type":"LineString","coordinates":[[-1.5752781,52.4098636],[-1.5751836,52.409995]]}},{"type":"Feature","properties":{"id":525766435,"highway":"service","name":null,"oneway":null,"junction":null},"geometry":{"type":"LineString","coordinates":[[-1.5754909,52.4085469],[-1.5755229,52.4089347],[-1.5759829,52.4091049]]}},{"type":"Feature","properties":{"id":526177116,"highway":"service","name":null,"oneway":null,"junction":null},"geometry":{"type":"LineString","coordinates":[[-1.5641177,52.4084987],[-1.5642336,52.4085164],[-1.5643173,52.4085144],[-1.5643956,52.4084974],[-1.5644568,52.4084679],[-1.5644868,52.4084365],[-1.5645104,52.4084012],[-1.5645201,52.408339],[-1.5645222,52.4082591],[-1.5645147,52.4081786],[-1.5645018,52.4081616],[-1.5644847,52.4081433],[-1.564402,52.4081089]]}},{"type":"Feature","properties":{"id":526181149,"highway":"residential","name":"Ashcombe Drive","oneway":null,"junction":null},"geometry":{"type":"LineString","coordinates":[[-1.5759721,52.4093456],[-1.5758694,52.4094388]]}},{"type":"Feature","properties":{"id":526390465,"highway":"service","name":null,"oneway":null,"junction":null},"geometry":{"type":"LineString","coordinates":[[-1.5728537,52.4083429],[-1.5730669,52.4083264],[-1.5740415,52.4083081]]}},{"type":"Feature","properties":{"id":526390466,"highway":"service","name":null,"oneway":null,"junction":null},"geometry":{"type":"LineString","coordinates":[[-1.5740873,52.408463],[-1.5727492,52.4084941],[-1.5727492,52.4085664]]}},{"type":"Feature","properties":{"id":526390478,"highway":"residential","name":"The Oaklands","oneway":null,"junction":null},"geometry":{"type":"LineString","coordinates":[[-1.5731483,52.4075788],[-1.573133,52.4075072],[-1.5731134,52.4074187]]}},{"type":"Feature","properties":{"id":526474773,"highway":"residential","name":"Broadmere Rise","oneway":null,"junction":null},"geometry":{"type":"LineString","coordinates":[[-1.569979,52.407913],[-1.5700089,52.4078557],[-1.5700387,52.4077978]]}},{"type":"Feature","properties":{"id":572850379,"highway":"tertiary","name":null,"oneway":"yes","junction":"roundabout"},"geometry":{"type":"LineString","coordinates":[[-1.596945,52.4137196],[-1.5969411,52.4136914],[-1.5969533,52.4136641],[-1.5969706,52.4136475]]}},{"type":"Feature","properties":{"id":673608388,"highway":"residential","name":"Forrest Court","oneway":null,"junction":null},"geometry":{"type":"LineString","coordinates":[[-1.5726287,52.4147421],[-1.5726433,52.4146037],[-1.5723572,52.4145936]]}},{"type":"Feature","properties":{"id":686129019,"highway":"service","name":null,"oneway":null,"junction":null},"geometry":{"type":"LineString","coordinates":[[-1.5657219,52.4092862],[-1.5657193,52.4093579]]}},{"type":"Feature","properties":{"id":691918121,"highway":"service","name":null,"oneway":null,"junction":null},"geometry":{"type":"LineString","coordinates":[[-1.584775,52.4125572],[-1.5848284,52.4123099],[-1.5848892,52.4121271],[-1.584901,52.4120842],[-1.5848939,52.4120528],[-1.5848588,52.4120285],[-1.5845778,52.4119842]]}},{"type":"Feature","properties":{"id":704290448,"highway":"service","name":"Forrest Court","oneway":null,"junction":null},"geometry":{"type":"LineString","coordinates":[[-1.5716173,52.4149292],[-1.5716906,52.4146549]]}},{"type":"Feature","properties":{"id":715384090,"highway":"service","name":null,"oneway":null,"junction":null},"geometry":{"type":"LineString","coordinates":[[-1.6009549,52.4159384],[-1.600694,52.4163989]]}},{"type":"Feature","properties":{"id":737826883,"highway":"service","name":null,"oneway":null,"junction":null},"geometry":{"type":"LineString","coordinates":[[-1.6007511,52.420207],[-1.6007261,52.4202708],[-1.6007163,52.4203237],[-1.6007228,52.4203656],[-1.6007457,52.4204056],[-1.6007899,52.4204465],[-1.600875,52.4205014],[-1.600999,52.420523]]}},{"type":"Feature","properties":{"id":790252829,"highway":"service","name":null,"oneway":null,"junction":null},"geometry":{"type":"LineString","coordinates":[[-1.5774275,52.4074567],[-1.577424,52.4074357],[-1.5774339,52.407407],[-1.5774579,52.4073695],[-1.577476,52.4073571],[-1.5775029,52.4073491],[-1.5775354,52.4073501],[-1.5775717,52.4073593],[-1.5777975,52.4074256],[-1.5778981,52.4074573],[-1.5779442,52.4074821],[-1.5779618,52.4075156],[-1.5779664,52.4075352],[-1.5779685,52.4075529],[-1.5779652,52.4075781],[-1.5779596,52.4075994],[-1.5779123,52.4075998],[-1.5778601,52.4075901],[-1.5778079,52.4075804],[-1.5775248,52.4075048],[-1.5774764,52.4074893],[-1.5774477,52.4074753],[-1.5774275,52.4074567]]}},{"type":"Feature","properties":{"id":792421501,"highway":"residential","name":null,"oneway":"no","junction":null},"geometry":{"type":"LineString","coordinates":[[-1.5792093,52.406464],[-1.57918,52.4063398],[-1.579138,52.4061617],[-1.5791451,52.4061006],[-1.5791624,52.4060351],[-1.5791623,52.4059883],[-1.5791143,52.40575]]}},{"type":"Feature","properties":{"id":805286868,"highway":"service","name":null,"oneway":null,"junction":null},"geometry":{"type":"LineString","coordinates":[[-1.5782514,52.4088622],[-1.5782192,52.4089063],[-1.5781826,52.4089838],[-1.5781762,52.409077],[-1.5781891,52.409224]]}},{"type":"Feature","properties":{"id":805286869,"highway":"service","name":null,"oneway":null,"junction":null},"geometry":{"type":"LineString","coordinates":[[-1.5789204,52.41027],[-1.5788486,52.4102509],[-1.5787762,52.4102042],[-1.5787927,52.4100956],[-1.5788176,52.409949],[-1.5788107,52.4098088]]}},{"type":"Feature","properties":{"id":805288213,"highway":"service","name":null,"oneway":null,"junction":null},"geometry":{"type":"LineString","coordinates":[[-1.5780922,52.4152728],[-1.5778685,52.4153153],[-1.5778251,52.4153496],[-1.5778052,52.4154172],[-1.5778143,52.4154752]]}},{"type":"Feature","properties":{"id":806647148,"highway":"service","name":null,"oneway":null,"junction":null},"geometry":{"type":"LineString","coordinates":[[-1.5978746,52.4197282],[-1.5975865,52.4201608]]}},{"type":"Feature","properties":{"id":851415770,"highway":"service","name":null,"oneway":null,"junction":null},"geometry":{"type":"LineString","coordinates":[[-1.5975222,52.4174703],[-1.5974309,52.4175802],[-1.597395,52.4176234],[-1.5972246,52.4178239],[-1.5970704,52.4180021]]}},{"type":"Feature","properties":{"id":857450869,"highway":"service","name":null,"oneway":null,"junction":null},"geometry":{"type":"LineString","coordinates":[[-1.5786611,52.4092253],[-1.5781891,52.409224]]}},{"type":"Feature","properties":{"id":857450870,"highway":"service","name":null,"oneway":null,"junction":null},"geometry":{"type":"LineString","coordinates":[[-1.5790985,52.4124329],[-1.5790985,52.4122549],[-1.5785108,52.4122371]]}},{"type":"Feature","properties":{"id":857973946,"highway":"service","name":null,"oneway":"no","junction":null},"geometry":{"type":"LineString","coordinates":[[-1.5778251,52.4153496],[-1.5773804,52.4153302],[-1.5773663,52.4154503],[-1.5773417,52.4156592]]}},{"type":"Feature","properties":{"id":884999515,"highway":"service","name":null,"oneway":null,"junction":null},"geometry":{"type":"LineString","coordinates":[[-1.5829986,52.4122333],[-1.5830987,52.4120701],[-1.5831208,52.4120383],[-1.5831455,52.4120233],[-1.5832322,52.4120245],[-1.5842002,52.4122203]]}},{"type":"Feature","properties":{"id":886065172,"highway":"service","name":null,"oneway":null,"junction":null},"geometry":{"type":"LineString","coordinates":[[-1.5899372,52.4179213],[-1.5898418,52.4181374],[-1.5897804,52.4181686],[-1.5897577,52.418204]]}},{"type":"Feature","properties":{"id":886070408,"highway":"service","name":null,"oneway":null,"junction":null},"geometry":{"type":"LineString","coordinates":[[-1.600999,52.420523],[-1.6010854,52.4205281],[-1.6011877,52.42054],[-1.6012974,52.4205576],[-1.6013077,52.4205854],[-1.6012733,52.4206671]]}},{"type":"Feature","properties":{"id":886070409,"highway":"service","name":null,"oneway":null,"junction":null},"geometry":{"type":"LineString","coordinates":[[-1.5994968,52.418181],[-1.5990371,52.4181168]]}},{"type":"Feature","properties":{"id":886070410,"highway":"service","name":null,"oneway":null,"junction":null},"geometry":{"type":"LineString","coordinates":[[-1.5992739,52.4187938],[-1.599205,52.4187801],[-1.5991599,52.418774],[-1.599085,52.4187446]]}},{"type":"Feature","properties":{"id":886077071,"highway":"service","name":null,"oneway":null,"junction":null},"geometry":{"type":"LineString","coordinates":[[-1.6040249,52.4139338],[-1.6038306,52.4139381],[-1.6036855,52.4139414]]}},{"type":"Feature","properties":{"id":886077072,"highway":"service","name":null,"oneway":null,"junction":null},"geometry":{"type":"LineString","coordinates":[[-1.6038306,52.4139381],[-1.603831,52.4140386]]}},{"type":"Feature","properties":{"id":886149988,"highway":"service","name":null,"oneway":null,"junction":null},"geometry":{"type":"LineString","coordinates":[[-1.593205,52.4170305],[-1.5932231,52.416993],[-1.5932231,52.4169743],[-1.5932064,52.4169624],[-1.5931659,52.4169556],[-1.5930766,52.4169488],[-1.5930058,52.4169472],[-1.5929527,52.4169526],[-1.5926074,52.4170296]]}},{"type":"Feature","properties":{"id":902570430,"highway":"service","name":null,"oneway":null,"junction":null},"geometry":{"type":"LineString","coordinates":[[-1.5932505,52.4144225],[-1.5927723,52.4143738]]}},{"type":"Feature","properties":{"id":902911710,"highway":"service","name":null,"oneway":null,"junction":null},"geometry":{"type":"LineString","coordinates":[[-1.5747396,52.4071919],[-1.5748153,52.4074008]]}},{"type":"Feature","properties":{"id":902928484,"highway":"service","name":null,"oneway":null,"junction":null},"geometry":{"type":"LineString","coordinates":[[-1.598382,52.4117456],[-1.5985862,52.4117396],[-1.598728,52.4117366],[-1.5987579,52.4117283],[-1.5987585,52.411703],[-1.5987199,52.4115757]]}},{"type":"Feature","properties":{"id":902928485,"highway":"service","name":null,"oneway":null,"junction":null},"geometry":{"type":"LineString","coordinates":[[-1.5985862,52.4117396],[-1.5985579,52.4115808]]}},{"type":"Feature","properties":{"id":903704345,"highway":"service","name":null,"oneway":null,"junction":null},"geometry":{"type":"LineString","coordinates":[[-1.5851498,52.4087262],[-1.5844555,52.4086304]]}},{"type":"Feature","properties":{"id":910456657,"highway":"service","name":null,"oneway":null,"junction":null},"geometry":{"type":"LineString","coordinates":[[-1.5618827,52.4045178],[-1.5619267,52.4046275]]}},{"type":"Feature","properties":{"id":947279963,"highway":"service","name":null,"oneway":null,"junction":null},"geometry":{"type":"LineString","coordinates":[[-1.5747438,52.4064345],[-1.5747329,52.4066472],[-1.5747434,52.4066809],[-1.5747945,52.4067104],[-1.5750517,52.4067539],[-1.5752083,52.4067802]]}},{"type":"Feature","properties":{"id":947629012,"highway":"service","name":null,"oneway":null,"junction":null},"geometry":{"type":"LineString","coordinates":[[-1.5651217,52.4160053],[-1.5653754,52.416066],[-1.5655709,52.4161119],[-1.5656616,52.4161326],[-1.5657693,52.4160303],[-1.5658648,52.4159421],[-1.5659555,52.4158557]]}},{"type":"Feature","properties":{"id":951917291,"highway":"service","name":null,"oneway":null,"junction":null},"geometry":{"type":"LineString","coordinates":[[-1.5717544,52.4110352],[-1.5719876,52.4111776],[-1.5722195,52.4113204],[-1.5722302,52.4113405],[-1.5718503,52.4115804]]}},{"type":"Feature","properties":{"id":951996410,"highway":"service","name":null,"oneway":null,"junction":null},"geometry":{"type":"LineString","coordinates":[[-1.5702657,52.4149392],[-1.5703393,52.4149808],[-1.5703523,52.4149933],[-1.5703467,52.4150075],[-1.5701065,52.4151751],[-1.5700841,52.4151813],[-1.5700608,52.4151762],[-1.5699882,52.4151415]]}},{"type":"Feature","properties":{"id":951996411,"highway":"service","name":null,"oneway":null,"junction":null},"geometry":{"type":"LineString","coordinates":[[-1.5700251,52.4168998],[-1.5696465,52.4169496],[-1.5695998,52.4169552],[-1.5695499,52.4169584],[-1.5694671,52.4169604],[-1.5693955,52.4169612],[-1.5692825,52.4169584]]}},{"type":"Feature","properties":{"id":952244676,"highway":"service","name":null,"oneway":null,"junction":null},"geometry":{"type":"LineString","coordinates":[[-1.59877,52.4138223],[-1.5995514,52.4137965],[-1.5995744,52.4138129],[-1.5995746,52.4139252],[-1.5995375,52.4139407],[-1.5990802,52.4139527]]}},{"type":"Feature","properties":{"id":969845675,"highway":"service","name":null,"oneway":null,"junction":null},"geometry":{"type":"LineString","coordinates":[[-1.5755061,52.4126637],[-1.5755845,52.4126998],[-1.5757763,52.4127656],[-1.5760647,52.4128414],[-1.5762157,52.4128811]]}},{"type":"Feature","properties":{"id":969845676,"highway":"service","name":null,"oneway":null,"junction":null},"geometry":{"type":"LineString","coordinates":[[-1.5751985,52.41344],[-1.5753762,52.4134694],[-1.5759378,52.413555]]}},{"type":"Feature","properties":{"id":975541129,"highway":"service","name":null,"oneway":null,"junction":null},"geometry":{"type":"LineString","coordinates":[[-1.5787762,52.4102042],[-1.5787099,52.4102851],[-1.5785655,52.4106206]]}},{"type":"Feature","properties":{"id":975541130,"highway":"service","name":null,"oneway":null,"junction":null},"geometry":{"type":"LineString","coordinates":[[-1.5806976,52.4116726],[-1.5807845,52.4115376],[-1.5808082,52.4115081],[-1.5812657,52.4116332],[-1.5814552,52.4116846],[-1.5815959,52.4114684]]}},{"type":"Feature","properties":{"id":975541131,"highway":"service","name":null,"oneway":null,"junction":null},"geometry":{"type":"LineString","coordinates":[[-1.5814552,52.4116846],[-1.5814329,52.411717],[-1.5813968,52.4117708],[-1.5813411,52.4118532]]}},{"type":"Feature","properties":{"id":975541132,"highway":"service","name":null,"oneway":null,"junction":null},"geometry":{"type":"LineString","coordinates":[[-1.5871535,52.4127446],[-1.5866019,52.4126873]]}},{"type":"Feature","properties":{"id":975541133,"highway":"service","name":null,"oneway":null,"junction":null},"geometry":{"type":"LineString","coordinates":[[-1.5871535,52.4127446],[-1.5875285,52.4127821]]}},{"type":"Feature","properties":{"id":975541134,"highway":"residential","name":"Thirlmere Close","oneway":null,"junction":null},"geometry":{"type":"LineString","coordinates":[[-1.5857566,52.412018],[-1.5857793,52.4117561],[-1.5857956,52.411545]]}},{"type":"Feature","properties":{"id":976556157,"highway":"service","name":null,"oneway":null,"junction":null},"geometry":{"type":"LineString","coordinates":[[-1.5844555,52.4086304],[-1.5844073,52.4086182],[-1.5843711,52.4085989],[-1.5843507,52.4085754],[-1.5843304,52.4085602],[-1.5842851,52.4085464],[-1.584215,52.4085437],[-1.5838826,52.4085478]]}},{"type":"Feature","properties":{"id":976556158,"highway":"service","name":null,"oneway":null,"junction":null},"geometry":{"type":"LineString","coordinates":[[-1.5752083,52.4067802],[-1.5753329,52.4067962],[-1.5756166,52.4068328],[-1.5758521,52.4068598]]}},{"type":"Feature","properties":{"id":999050245,"highway":"residential","name":"Joshua Close","oneway":null,"junction":null},"geometry":{"type":"LineString","coordinates":[[-1.5736793,52.4071216],[-1.5738044,52.4071136],[-1.5740544,52.4071156]]}},{"type":"Feature","properties":{"id":1037707425,"highway":"service","name":null,"oneway":null,"junction":null},"geometry":{"type":"LineString","coordinates":[[-1.60259,52.4138644],[-1.6025901,52.4138002],[-1.6030721,52.4137841]]}},{"type":"Feature","properties":{"id":1037707426,"highway":"service","name":null,"oneway":null,"junction":null},"geometry":{"type":"LineString","coordinates":[[-1.6025891,52.4137369],[-1.6025901,52.4138002]]}},{"type":"Feature","properties":{"id":1037711981,"highway":"service","name":null,"oneway":null,"junction":null},"geometry":{"type":"LineString","coordinates":[[-1.603234,52.4151929],[-1.6036864,52.4152465]]}},{"type":"Feature","properties":{"id":1037711982,"highway":"service","name":null,"oneway":null,"junction":null},"geometry":{"type":"LineString","coordinates":[[-1.5979392,52.4128126],[-1.5979475,52.4130678]]}},{"type":"Feature","properties":{"id":1039721775,"highway":"service","name":null,"oneway":null,"junction":null},"geometry":{"type":"LineString","coordinates":[[-1.598522,52.4122218],[-1.5984912,52.4125488],[-1.5986259,52.4125452]]}},{"type":"Feature","properties":{"id":1039721776,"highway":"service","name":null,"oneway":null,"junction":null},"geometry":{"type":"LineString","coordinates":[[-1.5984912,52.4125488],[-1.5984532,52.4125517]]}},{"type":"Feature","properties":{"id":1039721777,"highway":"service","name":null,"oneway":null,"junction":null},"geometry":{"type":"LineString","coordinates":[[-1.5993689,52.4122476],[-1.5993473,52.4125433],[-1.599132,52.4125419]]}},{"type":"Feature","properties":{"id":1039721778,"highway":"service","name":null,"oneway":null,"junction":null},"geometry":{"type":"LineString","coordinates":[[-1.5993473,52.4125433],[-1.5994492,52.4125428]]}},{"type":"Feature","properties":{"id":1041681885,"highway":"residential","name":"Dennis Davison Place","oneway":null,"junction":null},"geometry":{"type":"LineString","coordinates":[[-1.5987762,52.4108029],[-1.5986886,52.410802],[-1.5978415,52.4108008]]}},{"type":"Feature","properties":{"id":1041681886,"highway":"residential","name":"Dennis Davison Place","oneway":null,"junction":null},"geometry":{"type":"LineString","coordinates":[[-1.5978415,52.4104326],[-1.5978414,52.4105259],[-1.5978412,52.4107477],[-1.5978415,52.4108008],[-1.5978388,52.4109973],[-1.5978374,52.4111128]]}},{"type":"Feature","properties":{"id":1041681889,"highway":"service","name":null,"oneway":null,"junction":null},"geometry":{"type":"LineString","coordinates":[[-1.5983565,52.4111154],[-1.5980118,52.4111137]]}},{"type":"Feature","properties":{"id":1041681890,"highway":"service","name":null,"oneway":null,"junction":null},"geometry":{"type":"LineString","coordinates":[[-1.5978388,52.4109973],[-1.5976162,52.4109985],[-1.5973963,52.4109997]]}},{"type":"Feature","properties":{"id":1041681891,"highway":"service","name":null,"oneway":null,"junction":null},"geometry":{"type":"LineString","coordinates":[[-1.5974016,52.411362],[-1.5973963,52.4109997],[-1.5973896,52.4105273],[-1.5976216,52.4105266],[-1.5978414,52.4105259]]}},{"type":"Feature","properties":{"id":1101021483,"highway":"trunk","name":"Dunchurch Highway","oneway":"yes","junction":null},"geometry":{"type":"LineString","coordinates":[[-1.5690292,52.4183573],[-1.5686608,52.417237]]}},{"type":"Feature","properties":{"id":1103721981,"highway":"residential","name":"Olton Avenue","oneway":"yes","junction":null},"geometry":{"type":"LineString","coordinates":[[-1.5824557,52.4139884],[-1.5823473,52.4139742],[-1.5822905,52.4139433],[-1.5822554,52.4138995],[-1.5822069,52.4136792]]}},{"type":"Feature","properties":{"id":1212602450,"highway":"service","name":null,"oneway":"no","junction":null},"geometry":{"type":"LineString","coordinates":[[-1.5867072,52.4176831],[-1.5868086,52.417699],[-1.5869119,52.4177152]]}},{"type":"Feature","properties":{"id":1212602451,"highway":"service","name":null,"oneway":"no","junction":null},"geometry":{"type":"LineString","coordinates":[[-1.5868086,52.417699],[-1.5869032,52.4175108],[-1.5869873,52.4173554]]}},{"type":"Feature","properties":{"id":1212602516,"highway":"service","name":null,"oneway":"no","junction":null},"geometry":{"type":"LineString","coordinates":[[-1.5796611,52.4122731],[-1.5792664,52.4122584],[-1.5790985,52.4122549]]}},{"type":"Feature","properties":{"id":1212603208,"highway":"service","name":null,"oneway":"no","junction":null},"geometry":{"type":"LineString","coordinates":[[-1.5800849,52.4108734],[-1.579875,52.4108175],[-1.5797157,52.4107751]]}},{"type":"Feature","properties":{"id":1212603209,"highway":"service","name":null,"oneway":"no","junction":null},"geometry":{"type":"LineString","coordinates":[[-1.5796814,52.4108784],[-1.5796772,52.4108448],[-1.5797157,52.4107751]]}},{"type":"Feature","properties":{"id":1212603210,"highway":"service","name":null,"oneway":"no","junction":null},"geometry":{"type":"LineString","coordinates":[[-1.5796814,52.4108784],[-1.5796939,52.4109012],[-1.5797386,52.4109234],[-1.5798383,52.4109487]]}},{"type":"Feature","properties":{"id":1212603211,"highway":"service","name":null,"oneway":"no","junction":null},"geometry":{"type":"LineString","coordinates":[[-1.579643,52.4104575],[-1.5797583,52.4105633],[-1.579778,52.4105976],[-1.5797573,52.4106559],[-1.5797334,52.4107193],[-1.5797157,52.4107751]]}},{"type":"Feature","properties":{"id":1212603212,"highway":"service","name":null,"oneway":"no","junction":null},"geometry":{"type":"LineString","coordinates":[[-1.579875,52.4108175],[-1.5799911,52.4106274]]}},{"type":"Feature","properties":{"id":1212754248,"highway":"service","name":null,"oneway":"no","junction":null},"geometry":{"type":"LineString","coordinates":[[-1.5684187,52.4116203],[-1.5681983,52.411327]]}},{"type":"Feature","properties":{"id":1212754249,"highway":"service","name":null,"oneway":"no","junction":null},"geometry":{"type":"LineString","coordinates":[[-1.5677619,52.4114527],[-1.5678092,52.4114399],[-1.5681983,52.411327],[-1.5687287,52.411173]]}},{"type":"Feature","properties":{"id":1212791761,"highway":"service","name":null,"oneway":"no","junction":null},"geometry":{"type":"LineString","coordinates":[[-1.5853872,52.4174846],[-1.5853058,52.4174707],[-1.5852913,52.4174599],[-1.5853017,52.4174244],[-1.585338,52.4173566],[-1.5854025,52.4172318],[-1.5854347,52.417162],[-1.5854451,52.4171399],[-1.5854789,52.4170711]]}},{"type":"Feature","properties":{"id":1212793363,"highway":"service","name":null,"oneway":null,"junction":null},"geometry":{"type":"LineString","coordinates":[[-1.6021269,52.4153167],[-1.6021664,52.4152705],[-1.602236,52.4151891],[-1.6022825,52.4150986],[-1.6022997,52.4150652]]}},{"type":"Feature","properties":{"id":1212793364,"highway":"service","name":null,"oneway":null,"junction":null},"geometry":{"type":"LineString","coordinates":[[-1.6021664,52.4152705],[-1.6020632,52.4152467],[-1.6018595,52.415144],[-1.6022825,52.4150986]]}},{"type":"Feature","properties":{"id":1212795328,"highway":"service","name":null,"oneway":"no","junction":null},"geometry":{"type":"LineString","coordinates":[[-1.5884423,52.4180113],[-1.5883467,52.417993],[-1.5882406,52.4179726]]}},{"type":"Feature","properties":{"id":1212795329,"highway":"service","name":null,"oneway":"no","junction":null},"geometry":{"type":"LineString","coordinates":[[-1.5883467,52.417993],[-1.5884313,52.4178253],[-1.5885194,52.4176537]]}},{"type":"Feature","properties":{"id":1212802659,"highway":"service","name":null,"oneway":"no","junction":null},"geometry":{"type":"LineString","coordinates":[[-1.5948523,52.4187055],[-1.5948106,52.418672],[-1.5947156,52.4185919],[-1.5946464,52.4185238],[-1.594595,52.4184837],[-1.5945692,52.4184724]]}},{"type":"Feature","properties":{"id":1212802660,"highway":"service","name":null,"oneway":"no","junction":null},"geometry":{"type":"LineString","coordinates":[[-1.5945692,52.4184724],[-1.5945151,52.4184572],[-1.5944539,52.4184404],[-1.5944317,52.4184318],[-1.5944007,52.418408],[-1.5943501,52.4183809],[-1.5942729,52.4183603],[-1.5942312,52.4183533]]}},{"type":"Feature","properties":{"id":1212804252,"highway":"service","name":null,"oneway":"no","junction":null},"geometry":{"type":"LineString","coordinates":[[-1.5857768,52.4142966],[-1.5855118,52.4143048],[-1.5852126,52.4143504],[-1.584907,52.4144195],[-1.5847188,52.4144703]]}},{"type":"Feature","properties":{"id":1212804253,"highway":"service","name":null,"oneway":"no","junction":null},"geometry":{"type":"LineString","coordinates":[[-1.5855118,52.4143048],[-1.5855628,52.4141989]]}},{"type":"Feature","properties":{"id":1212824758,"highway":"service","name":null,"oneway":"no","junction":null},"geometry":{"type":"LineString","coordinates":[[-1.5734066,52.4088686],[-1.5737553,52.4088524],[-1.5741911,52.4088284]]}},{"type":"Feature","properties":{"id":1212824759,"highway":"service","name":null,"oneway":"no","junction":null},"geometry":{"type":"LineString","coordinates":[[-1.5734181,52.4089449],[-1.5734066,52.4088686],[-1.5733986,52.4088042]]}},{"type":"Feature","properties":{"id":1212829764,"highway":"service","name":null,"oneway":"no","junction":null},"geometry":{"type":"LineString","coordinates":[[-1.5700198,52.4149311],[-1.5702058,52.4147898],[-1.5699228,52.4146512],[-1.5698702,52.4146254],[-1.5695987,52.4148316]]}},{"type":"Feature","properties":{"id":1212829765,"highway":"service","name":null,"oneway":"no","junction":null},"geometry":{"type":"LineString","coordinates":[[-1.5700662,52.4145443],[-1.5700089,52.4145867],[-1.5699228,52.4146512]]}},{"type":"Feature","properties":{"id":1212837112,"highway":"service","name":null,"oneway":"no","junction":null},"geometry":{"type":"LineString","coordinates":[[-1.5752479,52.4164827],[-1.5750424,52.416461]]}},{"type":"Feature","properties":{"id":1212837113,"highway":"service","name":null,"oneway":"no","junction":null},"geometry":{"type":"LineString","coordinates":[[-1.5752479,52.4164827],[-1.5754291,52.4165006]]}},{"type":"Feature","properties":{"id":1212837114,"highway":"service","name":null,"oneway":"no","junction":null},"geometry":{"type":"LineString","coordinates":[[-1.5745195,52.4168904],[-1.57482,52.4169179],[-1.5748417,52.4169107],[-1.5748914,52.4168451]]}},{"type":"Feature","properties":{"id":1212843030,"highway":"service","name":null,"oneway":null,"junction":null},"geometry":{"type":"LineString","coordinates":[[-1.5779296,52.406699],[-1.5779129,52.4066587],[-1.5778773,52.4066227],[-1.5778053,52.4065885],[-1.5777053,52.4065547]]}},{"type":"Feature","properties":{"id":1213248680,"highway":"service","name":null,"oneway":"no","junction":null},"geometry":{"type":"LineString","coordinates":[[-1.5847943,52.4173984],[-1.5849282,52.4174206],[-1.5849548,52.4174239],[-1.5849735,52.4174147],[-1.5850161,52.4173459],[-1.5850782,52.4172144],[-1.5851279,52.4171073],[-1.5851693,52.4170288]]}},{"type":"Feature","properties":{"id":1213248681,"highway":"service","name":null,"oneway":"no","junction":null},"geometry":{"type":"LineString","coordinates":[[-1.584702,52.4173876],[-1.5845671,52.4173676],[-1.5844952,52.4173557],[-1.5844553,52.4173438],[-1.5844482,52.4173167],[-1.5844624,52.4172041],[-1.5844757,52.4170781],[-1.5844802,52.4170239],[-1.584487,52.416959]]}},{"type":"Feature","properties":{"id":1213407658,"highway":"service","name":null,"oneway":"no","junction":null},"geometry":{"type":"LineString","coordinates":[[-1.5919485,52.4173044],[-1.5920488,52.417174],[-1.5921516,52.4170252],[-1.5921691,52.4169989],[-1.5921681,52.4169186]]}},{"type":"Feature","properties":{"id":1214330808,"highway":"service","name":null,"oneway":"no","junction":null},"geometry":{"type":"LineString","coordinates":[[-1.5985627,52.4162139],[-1.5984754,52.4161936],[-1.5983587,52.4161701],[-1.5982925,52.4161538],[-1.5982589,52.4161177],[-1.598243,52.4160568],[-1.5982272,52.4160001]]}},{"type":"Feature","properties":{"id":1214374664,"highway":"service","name":null,"oneway":"no","junction":null},"geometry":{"type":"LineString","coordinates":[[-1.5729605,52.4171869],[-1.5724304,52.417057]]}},{"type":"Feature","properties":{"id":1214376261,"highway":"service","name":null,"oneway":"no","junction":null},"geometry":{"type":"LineString","coordinates":[[-1.586148,52.4176022],[-1.5860808,52.4175912],[-1.5859378,52.4175678]]}},{"type":"Feature","properties":{"id":1214376262,"highway":"service","name":null,"oneway":"no","junction":null},"geometry":{"type":"LineString","coordinates":[[-1.5860808,52.4175912],[-1.5862533,52.4172091]]}},{"type":"Feature","properties":{"id":1214535178,"highway":"service","name":null,"oneway":"no","junction":null},"geometry":{"type":"LineString","coordinates":[[-1.5910746,52.4118042],[-1.5910314,52.4117571],[-1.5909148,52.4117053],[-1.5907457,52.411654],[-1.5906538,52.4116437],[-1.5904689,52.4116462],[-1.5903249,52.4116497]]}},{"type":"Feature","properties":{"id":1214535179,"highway":"service","name":null,"oneway":"no","junction":null},"geometry":{"type":"LineString","coordinates":[[-1.5903278,52.4114541],[-1.590451,52.4114555],[-1.5906253,52.4115091],[-1.5907132,52.4115945],[-1.5907457,52.411654]]}},{"type":"Feature","properties":{"id":1214535180,"highway":"service","name":null,"oneway":"no","junction":null},"geometry":{"type":"LineString","coordinates":[[-1.5898632,52.4116472],[-1.5903249,52.4116497],[-1.5903278,52.4114541],[-1.5898599,52.4114515]]}},{"type":"Feature","properties":{"id":1214536861,"highway":"service","name":null,"oneway":"no","junction":null},"geometry":{"type":"LineString","coordinates":[[-1.5790682,52.4161305],[-1.5781852,52.4160795]]}},{"type":"Feature","properties":{"id":1214537835,"highway":"service","name":null,"oneway":"no","junction":null},"geometry":{"type":"LineString","coordinates":[[-1.592931,52.4124287],[-1.5921531,52.4124301]]}},{"type":"Feature","properties":{"id":1214537836,"highway":"service","name":null,"oneway":"no","junction":null},"geometry":{"type":"LineString","coordinates":[[-1.5921531,52.4124301],[-1.5916691,52.4124264]]}},{"type":"Feature","properties":{"id":1214572601,"highway":"service","name":null,"oneway":"no","junction":null},"geometry":{"type":"LineString","coordinates":[[-1.5873302,52.4177999],[-1.587257,52.4177864],[-1.5870814,52.4177541]]}},{"type":"Feature","properties":{"id":1214572602,"highway":"service","name":null,"oneway":"no","junction":null},"geometry":{"type":"LineString","coordinates":[[-1.587233,52.4178525],[-1.587257,52.4177864],[-1.5873364,52.4175884],[-1.5874063,52.4174354]]}},{"type":"Feature","properties":{"id":1214572603,"highway":"service","name":null,"oneway":"no","junction":null},"geometry":{"type":"LineString","coordinates":[[-1.5876994,52.4178649],[-1.5876122,52.4178491],[-1.5874978,52.4178281]]}},{"type":"Feature","properties":{"id":1214572604,"highway":"service","name":null,"oneway":"no","junction":null},"geometry":{"type":"LineString","coordinates":[[-1.5876122,52.4178491],[-1.5876715,52.4177028],[-1.587772,52.4175063]]}},{"type":"Feature","properties":{"id":1214572605,"highway":"service","name":null,"oneway":"no","junction":null},"geometry":{"type":"LineString","coordinates":[[-1.5880767,52.4179388],[-1.5879761,52.4179216],[-1.5878642,52.4179025]]}},{"type":"Feature","properties":{"id":1214572606,"highway":"service","name":null,"oneway":"no","junction":null},"geometry":{"type":"LineString","coordinates":[[-1.5879761,52.4179216],[-1.5881503,52.4175818]]}},{"type":"Feature","properties":{"id":1214572607,"highway":"service","name":null,"oneway":"no","junction":null},"geometry":{"type":"LineString","coordinates":[[-1.5886342,52.4180561],[-1.5887727,52.4180807],[-1.5888131,52.4180666],[-1.5889734,52.4177413]]}},{"type":"Feature","properties":{"id":1214575533,"highway":"service","name":null,"oneway":"no","junction":null},"geometry":{"type":"LineString","coordinates":[[-1.5723937,52.4179448],[-1.5724076,52.4179123],[-1.5724442,52.4178936],[-1.5725262,52.4178839],[-1.5726587,52.4178743],[-1.5727319,52.4178689]]}},{"type":"Feature","properties":{"id":1214575684,"highway":"service","name":null,"oneway":"no","junction":null},"geometry":{"type":"LineString","coordinates":[[-1.5680819,52.4167609],[-1.5676483,52.416574],[-1.5675345,52.4165],[-1.5674058,52.4164164]]}},{"type":"Feature","properties":{"id":1214841129,"highway":"service","name":null,"oneway":"no","junction":null},"geometry":{"type":"LineString","coordinates":[[-1.5778143,52.4154752],[-1.5773663,52.4154503],[-1.5771669,52.4154391],[-1.5771313,52.4154371],[-1.5771018,52.415634]]}},{"type":"Feature","properties":{"id":1214841130,"highway":"service","name":null,"oneway":"no","junction":null},"geometry":{"type":"LineString","coordinates":[[-1.5778143,52.4154752],[-1.5778023,52.4156096]]}},{"type":"Feature","properties":{"id":1214905453,"highway":"service","name":null,"oneway":"no","junction":null},"geometry":{"type":"LineString","coordinates":[[-1.579138,52.4061617],[-1.5795489,52.4061277]]}},{"type":"Feature","properties":{"id":1214905454,"highway":"service","name":null,"oneway":"no","junction":null},"geometry":{"type":"LineString","coordinates":[[-1.57918,52.4063398],[-1.5790787,52.4063609],[-1.5789973,52.4063869],[-1.5788967,52.4064038],[-1.5786871,52.4064223]]}},{"type":"Feature","properties":{"id":1214906228,"highway":"service","name":null,"oneway":"no","junction":null},"geometry":{"type":"LineString","coordinates":[[-1.5623788,52.4104013],[-1.5624287,52.4104303],[-1.5625754,52.4107767]]}},{"type":"Feature","properties":{"id":1214906229,"highway":"service","name":null,"oneway":"no","junction":null},"geometry":{"type":"LineString","coordinates":[[-1.5628385,52.410387],[-1.5624964,52.4104211],[-1.5624287,52.4104303]]}},{"type":"Feature","properties":{"id":1214906230,"highway":"service","name":null,"oneway":"no","junction":null},"geometry":{"type":"LineString","coordinates":[[-1.562406,52.4102293],[-1.5625186,52.4102366],[-1.5626147,52.4102529]]}},{"type":"Feature","properties":{"id":1214907162,"highway":"service","name":null,"oneway":"no","junction":null},"geometry":{"type":"LineString","coordinates":[[-1.5898632,52.4116472],[-1.5898614,52.4115391],[-1.5898599,52.4114515]]}},{"type":"Feature","properties":{"id":1215122494,"highway":"service","name":null,"oneway":"no","junction":null},"geometry":{"type":"LineString","coordinates":[[-1.5857786,52.4175386],[-1.5856976,52.4175254],[-1.585555,52.4175021]]}},{"type":"Feature","properties":{"id":1215122495,"highway":"service","name":null,"oneway":"no","junction":null},"geometry":{"type":"LineString","coordinates":[[-1.5856976,52.4175254],[-1.5858419,52.4172044],[-1.5858724,52.4171343]]}},{"type":"Feature","properties":{"id":1215122758,"highway":"residential","name":null,"oneway":"no","junction":null},"geometry":{"type":"LineString","coordinates":[[-1.5968256,52.4199947],[-1.597104,52.4195497]]}},{"type":"Feature","properties":{"id":1215565093,"highway":"service","name":null,"oneway":"no","junction":null},"geometry":{"type":"LineString","coordinates":[[-1.5708876,52.4125497],[-1.5709797,52.4125333],[-1.5710826,52.4125175]]}},{"type":"Feature","properties":{"id":1215565094,"highway":"service","name":null,"oneway":"no","junction":null},"geometry":{"type":"LineString","coordinates":[[-1.5709797,52.4125333],[-1.5709738,52.412492],[-1.5709336,52.4124052],[-1.5708893,52.4123853],[-1.5708416,52.4123822],[-1.5706549,52.4124108],[-1.5702611,52.41247]]}},{"type":"Feature","properties":{"id":1215630461,"highway":"service","name":null,"oneway":"no","junction":null},"geometry":{"type":"LineString","coordinates":[[-1.5865302,52.4176531],[-1.5864512,52.4176407],[-1.5863295,52.4176216]]}},{"type":"Feature","properties":{"id":1215630462,"highway":"service","name":null,"oneway":"no","junction":null},"geometry":{"type":"LineString","coordinates":[[-1.5864512,52.4176407],[-1.5865011,52.4175399],[-1.5865764,52.4173995],[-1.5866352,52.4172864]]}},{"type":"Feature","properties":{"id":1215630859,"highway":"service","name":null,"oneway":"no","junction":null},"geometry":{"type":"LineString","coordinates":[[-1.5770075,52.4196671],[-1.5771328,52.41967]]}},{"type":"Feature","properties":{"id":1215630860,"highway":"service","name":null,"oneway":"no","junction":null},"geometry":{"type":"LineString","coordinates":[[-1.5767229,52.4196155],[-1.5767012,52.4195777],[-1.5767044,52.4195333],[-1.5767367,52.4194362],[-1.5767504,52.4193902]]}},{"type":"Feature","properties":{"id":1216029499,"highway":"service","name":null,"oneway":"no","junction":null},"geometry":{"type":"LineString","coordinates":[[-1.5914035,52.4174671],[-1.5914712,52.4173138],[-1.5915354,52.4171835],[-1.5915494,52.4171529],[-1.591665,52.41717],[-1.5916988,52.4170803],[-1.5917537,52.4169635],[-1.5917933,52.416894]]}},{"type":"Feature","properties":{"id":1216029500,"highway":"service","name":null,"oneway":"no","junction":null},"geometry":{"type":"LineString","coordinates":[[-1.591665,52.41717],[-1.5918308,52.4172056]]}},{"type":"Feature","properties":{"id":1216029501,"highway":"service","name":null,"oneway":"no","junction":null},"geometry":{"type":"LineString","coordinates":[[-1.5915494,52.4171529],[-1.5913789,52.4171258]]}},{"type":"Feature","properties":{"id":1216029505,"highway":"service","name":null,"oneway":"no","junction":null},"geometry":{"type":"LineString","coordinates":[[-1.5913498,52.4171387],[-1.5912809,52.4171308],[-1.5912458,52.4171322],[-1.5912097,52.4171344],[-1.5911373,52.4170803]]}},{"type":"Feature","properties":{"id":1216029506,"highway":"service","name":null,"oneway":"no","junction":null},"geometry":{"type":"LineString","coordinates":[[-1.5912097,52.4171344],[-1.5910792,52.4174118]]}},{"type":"Feature","properties":{"id":1216037229,"highway":"service","name":null,"oneway":"no","junction":null},"geometry":{"type":"LineString","coordinates":[[-1.568817,52.4101413],[-1.5693202,52.4102966],[-1.5695947,52.4103826],[-1.5696996,52.4104155]]}},{"type":"Feature","properties":{"id":1216037230,"highway":"service","name":null,"oneway":"no","junction":null},"geometry":{"type":"LineString","coordinates":[[-1.5695947,52.4103826],[-1.5692999,52.4107193]]}},{"type":"Feature","properties":{"id":1216038078,"highway":"service","name":null,"oneway":"no","junction":null},"geometry":{"type":"LineString","coordinates":[[-1.5933413,52.4158152],[-1.5930242,52.415814],[-1.5929599,52.4158068],[-1.592693,52.415805]]}},{"type":"Feature","properties":{"id":1235014667,"highway":"residential","name":"Langley Croft","oneway":null,"junction":null},"geometry":{"type":"LineString","coordinates":[[-1.5750629,52.4076881],[-1.5749232,52.4077027]]}},{"type":"Feature","properties":{"id":1241679114,"highway":"residential","name":"Hollyberry Way","oneway":"no","junction":null},"geometry":{"type":"LineString","coordinates":[[-1.5963487,52.4202207],[-1.5971723,52.4203978],[-1.5972666,52.420414],[-1.5973311,52.4204189],[-1.5973842,52.4204182],[-1.5974198,52.4204245],[-1.5974566,52.4204345],[-1.5974876,52.4204463],[-1.5975173,52.4204627],[-1.5975331,52.4204789],[-1.5975498,52.4205034],[-1.5975594,52.4205298],[-1.5975513,52.4205575],[-1.5974287,52.4207815],[-1.5973583,52.4209119],[-1.5973538,52.4209303],[-1.5973499,52.4209524],[-1.5973531,52.4209846],[-1.5973629,52.4210178],[-1.5973815,52.4210434],[-1.5974045,52.4210681],[-1.5974467,52.4210959],[-1.5976156,52.4211825],[-1.5976707,52.4212063],[-1.5977147,52.4212226],[-1.5977725,52.421238],[-1.5980867,52.4212943],[-1.5983288,52.4213302]]}},{"type":"Feature","properties":{"id":1241681861,"highway":"residential","name":null,"oneway":null,"junction":null},"geometry":{"type":"LineString","coordinates":[[-1.5965821,52.4199325],[-1.5965285,52.4200091],[-1.5964292,52.4200944],[-1.5963487,52.4202207],[-1.5962401,52.4203876],[-1.5961134,52.4206018],[-1.5961087,52.4206538],[-1.596051,52.4207565]]}},{"type":"Feature","properties":{"id":1241681862,"highway":"residential","name":null,"oneway":null,"junction":null},"geometry":{"type":"LineString","coordinates":[[-1.5955816,52.4202238],[-1.5962401,52.4203876]]}},{"type":"Feature","properties":{"id":1241681863,"highway":"residential","name":"Watermill Lane","oneway":null,"junction":null},"geometry":{"type":"LineString","coordinates":[[-1.5953376,52.420567],[-1.5953992,52.4204852],[-1.595464,52.4203815],[-1.5955816,52.4202238],[-1.595646,52.4201293],[-1.5957403,52.4200214],[-1.5958659,52.4198182]]}},{"type":"Feature","properties":{"id":1244769365,"highway":"tertiary","name":"Alderminster Road","oneway":null,"junction":null},"geometry":{"type":"LineString","coordinates":[[-1.5718829,52.4154289],[-1.5717677,52.4153633],[-1.5716774,52.4153081],[-1.5716068,52.4152529],[-1.571522,52.4151767],[-1.5714387,52.4150918],[-1.5713606,52.4150061]]}},{"type":"Feature","properties":{"id":1244769366,"highway":"residential","name":"Unicorn Lane","oneway":null,"junction":null},"geometry":{"type":"LineString","coordinates":[[-1.572952,52.4148558],[-1.5728855,52.4147222]]}},{"type":"Feature","properties":{"id":1244769367,"highway":"residential","name":"Unicorn Lane","oneway":null,"junction":null},"geometry":{"type":"LineString","coordinates":[[-1.5743295,52.4149098],[-1.5741302,52.4152182],[-1.5740235,52.4152505],[-1.5733797,52.4151081]]}},{"type":"Feature","properties":{"id":1245333683,"highway":"tertiary","name":"Broad Lane","oneway":null,"junction":null},"geometry":{"type":"LineString","coordinates":[[-1.5655528,52.40789],[-1.5648423,52.4077894],[-1.5645261,52.4077463]]}},{"type":"Feature","properties":{"id":1245333688,"highway":"tertiary","name":"Broad Lane","oneway":null,"junction":null},"geometry":{"type":"LineString","coordinates":[[-1.578804,52.4111939],[-1.5789938,52.4112239],[-1.5792484,52.4112667],[-1.5794979,52.4113127],[-1.5796115,52.411336],[-1.5797317,52.411366]]}},{"type":"Feature","properties":{"id":1245333689,"highway":"residential","name":"Empire Road","oneway":null,"junction":null},"geometry":{"type":"LineString","coordinates":[[-1.5827961,52.4080776],[-1.5829299,52.4078346],[-1.5830218,52.4076768],[-1.5831001,52.4075365],[-1.5831406,52.4074349],[-1.5831599,52.4073824],[-1.5831651,52.4073105],[-1.5831673,52.4071422],[-1.5831758,52.4071143],[-1.5832026,52.4070822],[-1.5832304,52.4070601],[-1.5832699,52.407043],[-1.5833213,52.4070312],[-1.5833797,52.4070232],[-1.5837244,52.4069961]]}},{"type":"Feature","properties":{"id":1245333690,"highway":"residential","name":"Roosevelt Drive","oneway":null,"junction":null},"geometry":{"type":"LineString","coordinates":[[-1.583444,52.4054995],[-1.5826317,52.4055461],[-1.582358,52.4055611],[-1.5822619,52.4055624],[-1.5820448,52.4055493],[-1.5817416,52.4055136],[-1.5814894,52.405473]]}},{"type":"Feature","properties":{"id":1275952474,"highway":"service","name":null,"oneway":null,"junction":null},"geometry":{"type":"LineString","coordinates":[[-1.5708104,52.4162267],[-1.5707363,52.4159982],[-1.571314,52.4159347]]}},{"type":"Feature","properties":{"id":1276722186,"highway":"service","name":null,"oneway":null,"junction":null},"geometry":{"type":"LineString","coordinates":[[-1.5674946,52.4137414],[-1.5677507,52.4139524]]}},{"type":"Feature","properties":{"id":1276722187,"highway":"service","name":null,"oneway":null,"junction":null},"geometry":{"type":"LineString","coordinates":[[-1.5674946,52.4137414],[-1.5673825,52.4136399],[-1.5671545,52.4134807]]}},{"type":"Feature","properties":{"id":1276722188,"highway":"service","name":null,"oneway":null,"junction":null},"geometry":{"type":"LineString","coordinates":[[-1.5666122,52.4131952],[-1.56698,52.4133759]]}},{"type":"Feature","properties":{"id":1276722931,"highway":"service","name":null,"oneway":null,"junction":null},"geometry":{"type":"LineString","coordinates":[[-1.5666122,52.4131952],[-1.5663673,52.4130675]]}},{"type":"Feature","properties":{"id":1276722932,"highway":"service","name":null,"oneway":null,"junction":null},"geometry":{"type":"LineString","coordinates":[[-1.5658694,52.4128316],[-1.5661233,52.4129538]]}},{"type":"Feature","properties":{"id":1276722933,"highway":"service","name":null,"oneway":null,"junction":null},"geometry":{"type":"LineString","coordinates":[[-1.5658694,52.4128316],[-1.5655077,52.4126642]]}},{"type":"Feature","properties":{"id":1276722934,"highway":"service","name":null,"oneway":null,"junction":null},"geometry":{"type":"LineString","coordinates":[[-1.5650797,52.4124603],[-1.5653602,52.4125873]]}},{"type":"Feature","properties":{"id":1276722935,"highway":"service","name":null,"oneway":null,"junction":null},"geometry":{"type":"LineString","coordinates":[[-1.5650684,52.412469],[-1.5647647,52.4123174]]}},{"type":"Feature","properties":{"id":1276722936,"highway":"service","name":null,"oneway":null,"junction":null},"geometry":{"type":"LineString","coordinates":[[-1.5643585,52.4121001],[-1.5645931,52.4122184]]}},{"type":"Feature","properties":{"id":1276722937,"highway":"service","name":null,"oneway":null,"junction":null},"geometry":{"type":"LineString","coordinates":[[-1.5643585,52.4121001],[-1.5639306,52.4118822]]}},{"type":"Feature","properties":{"id":1276722938,"highway":"service","name":null,"oneway":null,"junction":null},"geometry":{"type":"LineString","coordinates":[[-1.5633462,52.4115959],[-1.5637187,52.4117816]]}},{"type":"Feature","properties":{"id":1276722939,"highway":"service","name":null,"oneway":null,"junction":null},"geometry":{"type":"LineString","coordinates":[[-1.5682104,52.4142215],[-1.5680437,52.4141604],[-1.5679472,52.4141072],[-1.5678305,52.4140189]]}},{"type":"Feature","properties":{"id":1278066812,"highway":"service","name":null,"oneway":null,"junction":null},"geometry":{"type":"LineString","coordinates":[[-1.5718351,52.4148843],[-1.571881,52.4149652],[-1.5723064,52.4152659],[-1.5729323,52.4151779],[-1.5731255,52.4151507]]}},{"type":"Feature","properties":{"id":1278066814,"highway":"service","name":null,"oneway":null,"junction":null},"geometry":{"type":"LineString","coordinates":[[-1.5747844,52.4149952],[-1.5746325,52.4152332]]}},{"type":"Feature","properties":{"id":1278723512,"highway":"service","name":null,"oneway":null,"junction":null},"geometry":{"type":"LineString","coordinates":[[-1.5736822,52.4127898],[-1.5736115,52.4127944],[-1.5733219,52.4127245],[-1.5733991,52.4123729]]}},{"type":"Feature","properties":{"id":1279614488,"highway":"service","name":null,"oneway":null,"junction":null},"geometry":{"type":"LineString","coordinates":[[-1.5654023,52.4096664],[-1.5654865,52.4096934],[-1.5654912,52.4098912],[-1.5656335,52.4099012],[-1.5655518,52.4100491]]}},{"type":"Feature","properties":{"id":1280476556,"highway":"service","name":null,"oneway":null,"junction":null},"geometry":{"type":"LineString","coordinates":[[-1.5725076,52.4107361],[-1.5723706,52.4106974],[-1.572196,52.4106852],[-1.5720857,52.4106759],[-1.5719891,52.41066],[-1.5718635,52.410617],[-1.5717532,52.4105684]]}},{"type":"Feature","properties":{"id":1280480235,"highway":"service","name":null,"oneway":null,"junction":null},"geometry":{"type":"LineString","coordinates":[[-1.5722302,52.4113405],[-1.5725008,52.4111796]]}},{"type":"Feature","properties":{"id":1307927717,"highway":"service","name":null,"oneway":null,"junction":null},"geometry":{"type":"LineString","coordinates":[[-1.599596,52.4179192],[-1.6004284,52.418048],[-1.6005859,52.4176322]]}},{"type":"Feature","properties":{"id":1307927718,"highway":"service","name":null,"oneway":null,"junction":null},"geometry":{"type":"LineString","coordinates":[[-1.6004284,52.418048],[-1.6001405,52.4188334],[-1.6000981,52.4188538],[-1.6000284,52.4188611],[-1.5999647,52.4188575],[-1.5992884,52.4187517]]}},{"type":"Feature","properties":{"id":1308752840,"highway":"service","name":null,"oneway":null,"junction":null},"geometry":{"type":"LineString","coordinates":[[-1.6004174,52.4197705],[-1.6003373,52.4197643],[-1.6002128,52.4197435]]}},{"type":"Feature","properties":{"id":1335172577,"highway":"service","name":null,"oneway":null,"junction":null},"geometry":{"type":"LineString","coordinates":[[-1.5976095,52.4106731],[-1.5976162,52.4109985]]}},{"type":"Feature","properties":{"id":1335172580,"highway":"residential","name":"Dennis Davison Place","oneway":null,"junction":null},"geometry":{"type":"LineString","coordinates":[[-1.5980118,52.4111137],[-1.5978374,52.4111128],[-1.5976296,52.4111117]]}},{"type":"Feature","properties":{"id":1335172581,"highway":"service","name":null,"oneway":null,"junction":null},"geometry":{"type":"LineString","coordinates":[[-1.5976202,52.4102739],[-1.5976216,52.4105266]]}},{"type":"Feature","properties":{"id":1335172583,"highway":"service","name":null,"oneway":null,"junction":null},"geometry":{"type":"LineString","coordinates":[[-1.5983512,52.4102772],[-1.5979542,52.4102746],[-1.5978728,52.4102858],[-1.5978415,52.4103112],[-1.5978404,52.4103409],[-1.5978415,52.4104326]]}},{"type":"Feature","properties":{"id":1350750176,"highway":"service","name":null,"oneway":null,"junction":null},"geometry":{"type":"LineString","coordinates":[[-1.5998121,52.4200527],[-1.5996522,52.4204205],[-1.5992671,52.420363]]}},{"type":"Feature","properties":{"id":1350750177,"highway":"service","name":null,"oneway":null,"junction":null},"geometry":{"type":"LineString","coordinates":[[-1.5972454,52.4193043],[-1.5973748,52.4193285],[-1.5977501,52.4193788]]}},{"type":"Feature","properties":{"id":1350750178,"highway":"service","name":null,"oneway":null,"junction":null},"geometry":{"type":"LineString","coordinates":[[-1.5980867,52.4212943],[-1.5979681,52.4216006],[-1.5979198,52.4217921],[-1.5979146,52.4218615]]}},{"type":"Feature","properties":{"id":1350750179,"highway":"service","name":null,"oneway":null,"junction":null},"geometry":{"type":"LineString","coordinates":[[-1.5985415,52.4208168],[-1.5983895,52.420781],[-1.5982557,52.4210049],[-1.5981674,52.4211015]]}},{"type":"Feature","properties":{"id":1364778174,"highway":"residential","name":"Astoria Drive","oneway":"yes","junction":null},"geometry":{"type":"LineString","coordinates":[[-1.5970448,52.412221],[-1.5972488,52.4122254],[-1.5975466,52.4122318],[-1.5972557,52.4122892],[-1.5970601,52.4123278]]}},{"type":"Feature","properties":{"id":1364778175,"highway":"tertiary","name":"Banner Lane","oneway":"yes","junction":null},"geometry":{"type":"LineString","coordinates":[[-1.5969706,52.4136475],[-1.5970869,52.4134802],[-1.597099,52.4134489],[-1.5971322,52.4133629],[-1.5971303,52.4131697],[-1.5970699,52.4129926],[-1.597019,52.412766],[-1.5969894,52.41258],[-1.5969794,52.4125176],[-1.5969457,52.4123376]]}},{"type":"Feature","properties":{"id":1364778176,"highway":"tertiary","name":"Banner Lane","oneway":"yes","junction":null},"geometry":{"type":"LineString","coordinates":[[-1.5969084,52.4115494],[-1.5969685,52.4116278],[-1.5970071,52.4119988],[-1.5970103,52.4120376]]}},{"type":"Feature","properties":{"id":1364778177,"highway":"residential","name":"Banner Lane","oneway":"yes","junction":null},"geometry":{"type":"LineString","coordinates":[[-1.5970601,52.4123278],[-1.5970036,52.4123327]]}},{"type":"Feature","properties":{"id":1364778178,"highway":"tertiary","name":"Banner Lane","oneway":"yes","junction":null},"geometry":{"type":"LineString","coordinates":[[-1.5970601,52.4123278],[-1.5970763,52.4124414],[-1.5971078,52.4125729]]}},{"type":"Feature","properties":{"id":1364778179,"highway":"residential","name":"Banner Lane","oneway":"yes","junction":null},"geometry":{"type":"LineString","coordinates":[[-1.5969894,52.41258],[-1.5970285,52.412498],[-1.5970036,52.4123327]]}},{"type":"Feature","properties":{"id":1364778180,"highway":"tertiary","name":"Banner Lane","oneway":"yes","junction":null},"geometry":{"type":"LineString","coordinates":[[-1.5970448,52.412221],[-1.5970601,52.4123278]]}},{"type":"Feature","properties":{"id":1364778181,"highway":"tertiary","name":"Banner Lane","oneway":"yes","junction":null},"geometry":{"type":"LineString","coordinates":[[-1.5969457,52.4123376],[-1.5969411,52.4123027]]}},{"type":"Feature","properties":{"id":1364778182,"highway":"tertiary","name":"Banner Lane","oneway":"yes","junction":null},"geometry":{"type":"LineString","coordinates":[[-1.5969411,52.4123027],[-1.5969323,52.4122531],[-1.5968871,52.4120725],[-1.5968857,52.4120405],[-1.5968833,52.4119851],[-1.5968795,52.4116458],[-1.5969084,52.4115494]]}},{"type":"Feature","properties":{"id":1364778183,"highway":"tertiary","name":"Banner Lane","oneway":"yes","junction":null},"geometry":{"type":"LineString","coordinates":[[-1.5972065,52.4133962],[-1.5972022,52.413454],[-1.5971963,52.4135826],[-1.5971805,52.4136497]]}},{"type":"Feature","properties":{"id":1364778184,"highway":"residential","name":"Banner Lane","oneway":"yes","junction":null},"geometry":{"type":"LineString","coordinates":[[-1.5970036,52.4123327],[-1.596993,52.4122618],[-1.5970448,52.412221]]}},{"type":"Feature","properties":{"id":1364778185,"highway":"residential","name":"Banner Lane","oneway":"yes","junction":null},"geometry":{"type":"LineString","coordinates":[[-1.5970036,52.4123327],[-1.5969457,52.4123376]]}},{"type":"Feature","properties":{"id":1370027683,"highway":"service","name":null,"oneway":null,"junction":null},"geometry":{"type":"LineString","coordinates":[[-1.5983648,52.411804],[-1.5982494,52.4118056]]}},{"type":"Feature","properties":{"id":1371623463,"highway":"residential","name":null,"oneway":"no","junction":null},"geometry":{"type":"LineString","coordinates":[[-1.5965848,52.4207321],[-1.5962488,52.4206873],[-1.5961087,52.4206538]]}},{"type":"Feature","properties":{"id":1443675696,"highway":"unclassified","name":"Jardine Crescent","oneway":null,"junction":null},"geometry":{"type":"LineString","coordinates":[[-1.5811207,52.408193],[-1.5812396,52.4080936],[-1.581402,52.4079784],[-1.5817533,52.4077576],[-1.5818529,52.4077152],[-1.5818986,52.4076771],[-1.5819436,52.4076319],[-1.5820099,52.4075449],[-1.5820799,52.4074413],[-1.5821168,52.4073548],[-1.5821308,52.407271],[-1.5821304,52.4072414],[-1.5821296,52.4071767],[-1.5820935,52.4070452],[-1.5820446,52.4069474],[-1.5819518,52.4068432],[-1.5818249,52.4067469],[-1.5816912,52.4066721],[-1.5815652,52.4066196],[-1.5813873,52.4065687],[-1.5812029,52.4065239],[-1.5811635,52.4065155],[-1.5810472,52.4064806]]}},{"type":"Feature","properties":{"id":1458527959,"highway":"service","name":null,"oneway":null,"junction":null},"geometry":{"type":"LineString","coordinates":[[-1.5759809,52.4182177],[-1.5761099,52.4181028]]}},{"type":"Feature","properties":{"id":1474684396,"highway":"service","name":null,"oneway":"no","junction":null},"geometry":{"type":"LineString","coordinates":[[-1.5702205,52.4122136],[-1.5700609,52.4121681],[-1.5700186,52.4121561],[-1.5699747,52.4121527]]}},{"type":"Feature","properties":{"id":1475068945,"highway":"residential","name":"Farriers Way","oneway":null,"junction":null},"geometry":{"type":"LineString","coordinates":[[-1.5902442,52.4222956],[-1.5905656,52.4222884],[-1.5914136,52.4222694],[-1.591537,52.4222727],[-1.5916604,52.4222858],[-1.5917219,52.4222992],[-1.5918106,52.4223187],[-1.5922364,52.4224161],[-1.592465,52.4224684],[-1.59297,52.422579],[-1.5936854,52.4227356],[-1.594061,52.422821],[-1.5942258,52.4228576],[-1.5942487,52.4228632],[-1.5943047,52.4228806],[-1.5943506,52.4228993],[-1.5943972,52.4229257],[-1.5944445,52.4229597],[-1.594525,52.4230333],[-1.5945637,52.4230668],[-1.5946189,52.4231069],[-1.5946918,52.4231483],[-1.5947771,52.4231887],[-1.5948659,52.4232178],[-1.5949595,52.4232427],[-1.5950373,52.4232573],[-1.5951231,52.4232672],[-1.5952357,52.4232738],[-1.5953538,52.4232754],[-1.5954473,52.4232723],[-1.5955335,52.4232656],[-1.5957694,52.4232313],[-1.5965472,52.4230964],[-1.5969053,52.4230484],[-1.5979695,52.4229486],[-1.5983684,52.4229074]]}},{"type":"Feature","properties":{"id":1475068947,"highway":"residential","name":"Henry Bostock Road","oneway":null,"junction":null},"geometry":{"type":"LineString","coordinates":[[-1.595469,52.4225158],[-1.5957694,52.4232313],[-1.5957768,52.4232904],[-1.5957855,52.4233558],[-1.5957776,52.423452],[-1.5957695,52.4235256],[-1.5957372,52.4236315],[-1.5956829,52.4237574]]}},{"type":"Feature","properties":{"id":1475068949,"highway":"residential","name":"Wagon Road","oneway":null,"junction":null},"geometry":{"type":"LineString","coordinates":[[-1.5942863,52.4220142],[-1.5948844,52.4222711],[-1.5947825,52.4223839],[-1.5946966,52.4225279],[-1.594647,52.4225927],[-1.5946189,52.422618],[-1.5945826,52.4226376],[-1.5945491,52.4226538],[-1.5944687,52.4226761],[-1.594408,52.4226959],[-1.5943587,52.4227179],[-1.5943238,52.4227392],[-1.5942922,52.4227658],[-1.5942648,52.4227978],[-1.5942258,52.4228576]]}},{"type":"Feature","properties":{"id":1475068953,"highway":"residential","name":"Flints Green Lane","oneway":null,"junction":null},"geometry":{"type":"LineString","coordinates":[[-1.5917219,52.4222992],[-1.591771,52.4222071],[-1.5917897,52.4221693],[-1.5918025,52.4221353],[-1.5918087,52.422104],[-1.5918079,52.42206],[-1.5917704,52.4218948],[-1.5917677,52.4217934],[-1.5917891,52.4217394],[-1.5919324,52.4215147],[-1.5919423,52.4215035],[-1.5919548,52.4214953],[-1.5919729,52.4214874],[-1.591992,52.4214824],[-1.5920154,52.4214797],[-1.5920382,52.4214794],[-1.592062,52.4214811],[-1.5920937,52.4214857],[-1.5923175,52.4215317],[-1.5925133,52.4215873],[-1.5928164,52.4216626],[-1.5930042,52.4216969],[-1.5932536,52.4217525],[-1.593546,52.421849],[-1.5935603,52.4218573],[-1.5935718,52.4218687],[-1.5935782,52.4218786],[-1.5935811,52.4218888],[-1.5935812,52.4219],[-1.593578,52.4219101],[-1.5935717,52.4219194],[-1.5935644,52.421928],[-1.5931249,52.4223433],[-1.59297,52.422579]]}},{"type":"Feature","properties":{"id":1475068954,"highway":"residential","name":"Flints Green Lane","oneway":null,"junction":null},"geometry":{"type":"LineString","coordinates":[[-1.5922364,52.4224161],[-1.5923846,52.4221778],[-1.5924029,52.4221608],[-1.592425,52.4221493],[-1.5924772,52.4221246],[-1.5924984,52.4221108],[-1.5925187,52.4220944],[-1.5928164,52.4216626]]}},{"type":"Feature","properties":{"id":1475073410,"highway":"residential","name":null,"oneway":"no","junction":null},"geometry":{"type":"LineString","coordinates":[[-1.59688,52.4208038],[-1.5973583,52.4209119]]}},{"type":"Feature","properties":{"id":1475073411,"highway":"residential","name":null,"oneway":"no","junction":null},"geometry":{"type":"LineString","coordinates":[[-1.5976806,52.4203136],[-1.5976149,52.4204472],[-1.5975498,52.4205034]]}},{"type":"Feature","properties":{"id":1475073412,"highway":"service","name":null,"oneway":null,"junction":null},"geometry":{"type":"LineString","coordinates":[[-1.5984598,52.4206271],[-1.5984592,52.4206846],[-1.5983895,52.420781]]}},{"type":"Feature","properties":{"id":1500123761,"highway":"tertiary","name":null,"oneway":"yes","junction":"roundabout"},"geometry":{"type":"LineString","coordinates":[[-1.597049,52.4136189],[-1.5971001,52.4136182],[-1.5971466,52.4136305],[-1.5971805,52.4136497]]}},{"type":"Feature","properties":{"id":1500123762,"highway":"tertiary","name":null,"oneway":"yes","junction":"roundabout"},"geometry":{"type":"LineString","coordinates":[[-1.5969706,52.4136475],[-1.5970056,52.413629],[-1.597049,52.4136189]]}},{"type":"Feature","properties":{"id":1500123763,"highway":"tertiary","name":null,"oneway":"yes","junction":"roundabout"},"geometry":{"type":"LineString","coordinates":[[-1.5971749,52.4137523],[-1.5971389,52.4137701],[-1.597095,52.4137793],[-1.5970487,52.4137789],[-1.5970054,52.4137687],[-1.5969644,52.4137453],[-1.596945,52.4137196]]}},{"type":"Feature","properties":{"id":1547943331,"highway":"unclassified","name":"Hawthorn Lane","oneway":null,"junction":null},"geometry":{"type":"LineString","coordinates":[[-1.5862602,52.412356],[-1.586224,52.4125143],[-1.5861787,52.4127124],[-1.5861661,52.4127677]]}},{"type":"Feature","properties":{"id":1550777266,"highway":"service","name":null,"oneway":null,"junction":null},"geometry":{"type":"LineString","coordinates":[[-1.586397,52.4125033],[-1.5864388,52.4123738],[-1.5864764,52.4122577]]}},{"type":"Feature","properties":{"id":1550777267,"highway":"service","name":null,"oneway":"no","junction":null},"geometry":{"type":"LineString","coordinates":[[-1.5864388,52.4123738],[-1.5863298,52.4123624],[-1.5862602,52.412356]]}},{"type":"Feature","properties":{"id":4038618,"highway":"residential","name":"Hawthorn Lane","oneway":null,"junction":null},"geometry":{"type":"LineString","coordinates":[[-1.5856796,52.4053067],[-1.585683,52.405282],[-1.5856504,52.4050292],[-1.5855884,52.4044918],[-1.5855736,52.4043683],[-1.5855473,52.4041292],[-1.58552,52.4039266],[-1.585493,52.4035895],[-1.585425,52.4033122],[-1.5853733,52.4031428],[-1.585275,52.4028602],[-1.5850912,52.4019403],[-1.5850775,52.4018719]]}},{"type":"Feature","properties":{"id":4404422,"highway":"residential","name":"Nutbrook Avenue","oneway":null,"junction":null},"geometry":{"type":"LineString","coordinates":[[-1.5856504,52.4050292],[-1.5857148,52.4050263],[-1.5873334,52.4049522],[-1.5885257,52.4049012],[-1.5890401,52.4048644],[-1.5891311,52.4048476],[-1.5891835,52.4048187],[-1.5892257,52.4047791],[-1.5892354,52.4047327],[-1.5892123,52.4046718],[-1.5890408,52.4044812],[-1.588967,52.4043445],[-1.5889325,52.4041977],[-1.5889247,52.4041646],[-1.5889009,52.4041315],[-1.5888473,52.4040915],[-1.5887864,52.4040638],[-1.588709,52.4040507],[-1.587416,52.4041045],[-1.5872721,52.4040992],[-1.5869636,52.4040682],[-1.5867597,52.4040695],[-1.58561,52.4041261],[-1.5855473,52.4041292]]}},{"type":"Feature","properties":{"id":4411031,"highway":"unclassified","name":"Tilehurst Drive","oneway":null,"junction":null},"geometry":{"type":"LineString","coordinates":[[-1.5963087,52.4056325],[-1.5961643,52.4056434],[-1.5960441,52.4056505],[-1.5959206,52.4056533],[-1.5957264,52.4056577],[-1.5954828,52.4056071],[-1.5954634,52.4056031],[-1.595047,52.4055173],[-1.5947862,52.4054378],[-1.5945657,52.4053392],[-1.5945425,52.4053259],[-1.594365,52.4052241],[-1.5943024,52.4051791],[-1.5942397,52.4051103],[-1.5942011,52.4050355],[-1.594187,52.4049954],[-1.5941834,52.4049425],[-1.5942176,52.4048526],[-1.594289,52.4046862],[-1.5943144,52.4045775],[-1.5943127,52.4044603],[-1.5942414,52.4042344],[-1.5941344,52.4041393],[-1.5941118,52.4041182],[-1.5940384,52.4040575],[-1.5938476,52.4038995],[-1.5937421,52.4038184],[-1.593636,52.4036917],[-1.5935716,52.4035829],[-1.5935312,52.4034768],[-1.5935281,52.4033428],[-1.5935228,52.4031374],[-1.5935119,52.4030727],[-1.5934806,52.4029386],[-1.5933736,52.4028197],[-1.5932312,52.402736]]}},{"type":"Feature","properties":{"id":4630169,"highway":"unclassified","name":null,"oneway":null,"junction":"roundabout"},"geometry":{"type":"LineString","coordinates":[[-1.5978276,52.4071709],[-1.5977968,52.4071582],[-1.5977753,52.4071406],[-1.5977672,52.407121],[-1.5977706,52.407101],[-1.597785,52.4070828],[-1.5978096,52.4070684],[-1.5978399,52.4070604],[-1.5978729,52.4070592],[-1.5978932,52.407062],[-1.5979221,52.4070718],[-1.5979437,52.407087],[-1.5979556,52.4071058],[-1.5979573,52.4071172],[-1.5979514,52.407137],[-1.5979347,52.4071544],[-1.597899,52.4071704],[-1.5978667,52.4071748],[-1.5978276,52.4071709]]}},{"type":"Feature","properties":{"id":4630170,"highway":"residential","name":"Wickmans Drive","oneway":null,"junction":null},"geometry":{"type":"LineString","coordinates":[[-1.6030773,52.4071826],[-1.6030719,52.4072804],[-1.6030715,52.4073111],[-1.602913,52.4073079],[-1.6023421,52.4073029],[-1.6019836,52.4072998],[-1.6018641,52.4072949],[-1.6017951,52.4072674],[-1.6017393,52.4071994],[-1.60158,52.4071589],[-1.6012216,52.4071427],[-1.6009991,52.4071495]]}},{"type":"Feature","properties":{"id":8317906,"highway":"unclassified","name":"Wickmans Drive","oneway":null,"junction":null},"geometry":{"type":"LineString","coordinates":[[-1.5976885,52.4071357],[-1.5967138,52.4071788]]}},{"type":"Feature","properties":{"id":8317909,"highway":"residential","name":"Glendale Way","oneway":null,"junction":null},"geometry":{"type":"LineString","coordinates":[[-1.5979428,52.4069021],[-1.5980268,52.4068404],[-1.5981526,52.4067393],[-1.5982145,52.4067075],[-1.598343,52.4066413],[-1.5984968,52.4065947],[-1.5986026,52.4065711],[-1.5987642,52.4065469],[-1.5995035,52.4064971],[-1.6002059,52.4064373],[-1.6009568,52.4063775],[-1.6010588,52.4063664],[-1.6015067,52.4062908]]}},{"type":"Feature","properties":{"id":8317916,"highway":"residential","name":"Fow Oak","oneway":null,"junction":null},"geometry":{"type":"LineString","coordinates":[[-1.6034388,52.4068633],[-1.6032513,52.4068305],[-1.6030441,52.4068006],[-1.6028292,52.4067998],[-1.6023349,52.4068039],[-1.602241,52.4068113],[-1.6020769,52.4068297],[-1.6020074,52.4068283],[-1.6019402,52.4068198],[-1.601874,52.4067983],[-1.6018259,52.4067741],[-1.6017756,52.4067387],[-1.6017373,52.4066898],[-1.6016991,52.4066117],[-1.6016373,52.4065274],[-1.6015948,52.4064682],[-1.6015067,52.4062908],[-1.6014391,52.4061358],[-1.6013452,52.4060078],[-1.60125,52.4058882],[-1.6012281,52.4058368],[-1.6012193,52.4057591],[-1.601278,52.405451]]}},{"type":"Feature","properties":{"id":8317930,"highway":"residential","name":"Pheasant Oak","oneway":null,"junction":null},"geometry":{"type":"LineString","coordinates":[[-1.6028292,52.4067998],[-1.6028268,52.4065814],[-1.6028191,52.4063759],[-1.6027859,52.406302],[-1.6027154,52.406235],[-1.6026262,52.406166],[-1.6025115,52.4061104],[-1.602431,52.4060666],[-1.6023718,52.4060261],[-1.6022959,52.40593],[-1.6021865,52.4057138],[-1.6021549,52.4056827],[-1.6021402,52.4056682],[-1.6020645,52.405626],[-1.6019719,52.4055928],[-1.6018945,52.4055769],[-1.6017602,52.4055596],[-1.6016734,52.4055444],[-1.6015826,52.405517],[-1.6014617,52.4054861],[-1.601278,52.405451],[-1.6010262,52.405412],[-1.6009108,52.4053903],[-1.600808,52.4053759],[-1.6006961,52.4053712],[-1.6004832,52.4053869],[-1.6002512,52.4054068],[-1.6001408,52.4054344],[-1.6000522,52.4054846],[-1.6000082,52.4055495],[-1.599998,52.4056017],[-1.6000538,52.4058182],[-1.6000561,52.4058722],[-1.6000581,52.4059198],[-1.6000628,52.4060262],[-1.600064,52.406052],[-1.6000903,52.4061277],[-1.6001523,52.4062359],[-1.600192,52.4063247],[-1.6002059,52.4064373]]}},{"type":"Feature","properties":{"id":8438129,"highway":"unclassified","name":"Wickmans Drive","oneway":"yes","junction":null},"geometry":{"type":"LineString","coordinates":[[-1.5981551,52.407159],[-1.597899,52.4071704]]}},{"type":"Feature","properties":{"id":8438130,"highway":"unclassified","name":"Wickmans Drive","oneway":"yes","junction":null},"geometry":{"type":"LineString","coordinates":[[-1.5979573,52.4071172],[-1.5981551,52.407159]]}},{"type":"Feature","properties":{"id":8438131,"highway":"unclassified","name":"Glendale Way","oneway":"yes","junction":null},"geometry":{"type":"LineString","coordinates":[[-1.5978096,52.4070684],[-1.5978903,52.4069662],[-1.5979428,52.4069021]]}},{"type":"Feature","properties":{"id":8438132,"highway":"unclassified","name":"Glendale Way","oneway":"yes","junction":null},"geometry":{"type":"LineString","coordinates":[[-1.5979428,52.4069021],[-1.5979225,52.4069744],[-1.5978932,52.407062]]}},{"type":"Feature","properties":{"id":8438133,"highway":"unclassified","name":"Glendale Way","oneway":"yes","junction":null},"geometry":{"type":"LineString","coordinates":[[-1.5976885,52.4071357],[-1.597785,52.4070828]]}},{"type":"Feature","properties":{"id":8438134,"highway":"unclassified","name":"Wickmans Drive","oneway":"yes","junction":null},"geometry":{"type":"LineString","coordinates":[[-1.5978276,52.4071709],[-1.5976885,52.4071357]]}},{"type":"Feature","properties":{"id":8438143,"highway":"residential","name":"Feinbank","oneway":null,"junction":null},"geometry":{"type":"LineString","coordinates":[[-1.6033834,52.4063418],[-1.6031466,52.4063544],[-1.6029636,52.406364],[-1.6028191,52.4063759]]}},{"type":"Feature","properties":{"id":14048650,"highway":"residential","name":"Jeliff Street","oneway":null,"junction":null},"geometry":{"type":"LineString","coordinates":[[-1.5808937,52.4046976],[-1.5809716,52.4043776],[-1.5810195,52.4040459],[-1.5809883,52.4034519]]}},{"type":"Feature","properties":{"id":14265911,"highway":"residential","name":"Frisby Road","oneway":null,"junction":null},"geometry":{"type":"LineString","coordinates":[[-1.5855736,52.4043683],[-1.584273,52.4044193],[-1.5838716,52.4044485],[-1.5835431,52.4044823],[-1.5831644,52.4045373],[-1.5827965,52.4046101],[-1.5825535,52.4046502],[-1.5821999,52.4046451],[-1.5818137,52.4046297]]}},{"type":"Feature","properties":{"id":14265914,"highway":"residential","name":"Howlette Road","oneway":null,"junction":null},"geometry":{"type":"LineString","coordinates":[[-1.5831644,52.4045373],[-1.5830891,52.4043587],[-1.5830853,52.4042263],[-1.5830592,52.4038512],[-1.5830589,52.4035984]]}},{"type":"Feature","properties":{"id":14480046,"highway":"residential","name":"Greenways","oneway":null,"junction":null},"geometry":{"type":"LineString","coordinates":[[-1.6022959,52.40593],[-1.6025879,52.4058763],[-1.6032258,52.4058046]]}},{"type":"Feature","properties":{"id":15092708,"highway":"residential","name":"Lawley Court","oneway":null,"junction":null},"geometry":{"type":"LineString","coordinates":[[-1.5732562,52.4040072],[-1.5733641,52.4042848],[-1.5733789,52.404316],[-1.5734031,52.4043443],[-1.5734443,52.4043711],[-1.5735194,52.4044109],[-1.5735662,52.4044388],[-1.5735965,52.4044759],[-1.5737004,52.4047665]]}},{"type":"Feature","properties":{"id":15545439,"highway":"residential","name":"Ballingham Close","oneway":null,"junction":null},"geometry":{"type":"LineString","coordinates":[[-1.5726044,52.4043964],[-1.5711953,52.4047518]]}},{"type":"Feature","properties":{"id":15545449,"highway":"residential","name":"Oakway","oneway":null,"junction":null},"geometry":{"type":"LineString","coordinates":[[-1.5954729,52.4050357],[-1.5954783,52.4049541],[-1.5954846,52.4047077],[-1.5952682,52.4047023],[-1.5949612,52.4046964],[-1.5948078,52.4046374],[-1.594613,52.4045901],[-1.5943144,52.4045775]]}},{"type":"Feature","properties":{"id":15545450,"highway":"residential","name":"Beechnut Close","oneway":null,"junction":null},"geometry":{"type":"LineString","coordinates":[[-1.5934737,52.4049443],[-1.5935977,52.4049797],[-1.5936692,52.404973]]}},{"type":"Feature","properties":{"id":39743060,"highway":"service","name":null,"oneway":null,"junction":null},"geometry":{"type":"LineString","coordinates":[[-1.5967563,52.4074483],[-1.5966578,52.4073455],[-1.5966204,52.407153],[-1.5965892,52.4070007],[-1.5966516,52.4068961]]}},{"type":"Feature","properties":{"id":108512536,"highway":"residential","name":"Beechnut Close","oneway":null,"junction":null},"geometry":{"type":"LineString","coordinates":[[-1.5937719,52.4049275],[-1.5938279,52.4049148],[-1.5941285,52.4049296],[-1.5941834,52.4049425]]}},{"type":"Feature","properties":{"id":108512544,"highway":"residential","name":"Beechnut Close","oneway":null,"junction":null},"geometry":{"type":"LineString","coordinates":[[-1.5936692,52.404973],[-1.5937719,52.4049275]]}},{"type":"Feature","properties":{"id":148827749,"highway":"tertiary","name":"Banner Lane","oneway":null,"junction":null},"geometry":{"type":"LineString","coordinates":[[-1.5964194,52.4061088],[-1.5963724,52.4058847]]}},{"type":"Feature","properties":{"id":148827750,"highway":"tertiary","name":"Banner Lane","oneway":null,"junction":null},"geometry":{"type":"LineString","coordinates":[[-1.5963724,52.4058847],[-1.5963087,52.4056325],[-1.5960156,52.4047549],[-1.5958798,52.4043648],[-1.5956777,52.4038072],[-1.5955586,52.4034981],[-1.5954913,52.4033126],[-1.5953752,52.4029558],[-1.5953486,52.4027206],[-1.5953556,52.4025279]]}},{"type":"Feature","properties":{"id":153226976,"highway":"residential","name":"Brockhurst Drive","oneway":null,"junction":null},"geometry":{"type":"LineString","coordinates":[[-1.5933768,52.4043005],[-1.5933475,52.4043919],[-1.5934907,52.4045043],[-1.5935419,52.4045433],[-1.5935623,52.404612]]}},{"type":"Feature","properties":{"id":153226989,"highway":"residential","name":"Frisby Road","oneway":null,"junction":null},"geometry":{"type":"LineString","coordinates":[[-1.5836524,52.404922],[-1.5839382,52.4049]]}},{"type":"Feature","properties":{"id":153226992,"highway":"living_street","name":"Heronbank","oneway":null,"junction":null},"geometry":{"type":"LineString","coordinates":[[-1.599771,52.4048299],[-1.5995613,52.4048002]]}},{"type":"Feature","properties":{"id":153226993,"highway":"residential","name":"Heronbank","oneway":null,"junction":null},"geometry":{"type":"LineString","coordinates":[[-1.6004832,52.4053869],[-1.6004151,52.4050825],[-1.6004295,52.4048903]]}},{"type":"Feature","properties":{"id":153226994,"highway":"living_street","name":"Heronbank","oneway":null,"junction":null},"geometry":{"type":"LineString","coordinates":[[-1.6009812,52.4050249],[-1.6009135,52.4049106],[-1.6008451,52.4049191],[-1.6007067,52.404922],[-1.6004295,52.4048903],[-1.6001987,52.4048618],[-1.599771,52.4048299],[-1.5997454,52.4049469],[-1.599771,52.4050952]]}},{"type":"Feature","properties":{"id":153227004,"highway":"residential","name":"Oakway","oneway":null,"junction":null},"geometry":{"type":"LineString","coordinates":[[-1.5954846,52.4047077],[-1.5956755,52.4047082]]}},{"type":"Feature","properties":{"id":153227014,"highway":"residential","name":"Tilehurst Drive","oneway":null,"junction":null},"geometry":{"type":"LineString","coordinates":[[-1.595047,52.4055173],[-1.5950309,52.4055539]]}},{"type":"Feature","properties":{"id":153227015,"highway":"residential","name":"Tilehurst Drive","oneway":null,"junction":null},"geometry":{"type":"LineString","coordinates":[[-1.5941868,52.4051279],[-1.5940871,52.4051654]]}},{"type":"Feature","properties":{"id":153227016,"highway":"residential","name":"Tilehurst Drive","oneway":null,"junction":null},"geometry":{"type":"LineString","coordinates":[[-1.5950309,52.4055539],[-1.5950028,52.4056101]]}},{"type":"Feature","properties":{"id":153227017,"highway":"residential","name":"Tilehurst Drive","oneway":null,"junction":null},"geometry":{"type":"LineString","coordinates":[[-1.594479,52.4054268],[-1.5945399,52.4053662]]}},{"type":"Feature","properties":{"id":153227018,"highway":"residential","name":"Tilehurst Drive","oneway":null,"junction":null},"geometry":{"type":"LineString","coordinates":[[-1.5942397,52.4051103],[-1.5941868,52.4051279]]}},{"type":"Feature","properties":{"id":153227020,"highway":"residential","name":"Tilehurst Drive","oneway":null,"junction":null},"geometry":{"type":"LineString","coordinates":[[-1.5943966,52.4055446],[-1.5943761,52.4055196],[-1.5943966,52.4054806],[-1.594479,52.4054268]]}},{"type":"Feature","properties":{"id":153227021,"highway":"residential","name":"Tilehurst Drive","oneway":null,"junction":null},"geometry":{"type":"LineString","coordinates":[[-1.5940871,52.4051654],[-1.5940154,52.4051825],[-1.5938952,52.4052091],[-1.5938799,52.4052403],[-1.5938927,52.4052699]]}},{"type":"Feature","properties":{"id":153227022,"highway":"residential","name":"Tilehurst Drive","oneway":null,"junction":null},"geometry":{"type":"LineString","coordinates":[[-1.5950028,52.4056101],[-1.5949644,52.4056569],[-1.594967,52.4057209],[-1.5950053,52.405763],[-1.5950642,52.4058099]]}},{"type":"Feature","properties":{"id":153249766,"highway":"residential","name":"Jefferson Way","oneway":null,"junction":null},"geometry":{"type":"LineString","coordinates":[[-1.6030166,52.4092107],[-1.6030129,52.4096105],[-1.6031264,52.4097385],[-1.6032121,52.4098075],[-1.6032242,52.4098172],[-1.6032487,52.4098749],[-1.6033568,52.4103417],[-1.6032716,52.4103557],[-1.6026986,52.4103785],[-1.6021518,52.4104003],[-1.6021074,52.4103922],[-1.6020593,52.4103571],[-1.6020406,52.4103235],[-1.6020488,52.4101872],[-1.6020313,52.4101605],[-1.6019939,52.4101417],[-1.6019109,52.4101298],[-1.6017668,52.4101268],[-1.6016832,52.4101386],[-1.6014317,52.4101754],[-1.6012644,52.4101887],[-1.6011729,52.4101877],[-1.6010547,52.4101765],[-1.6009954,52.4101619],[-1.6009833,52.4101364],[-1.6009684,52.4101008],[-1.6009284,52.4099463],[-1.6009119,52.4098728],[-1.600906,52.4097754],[-1.6008872,52.4097206],[-1.6008662,52.4096943],[-1.6008296,52.4095931],[-1.600825,52.4093497],[-1.6008155,52.4091786],[-1.6007603,52.40915],[-1.6007369,52.4091429],[-1.6007104,52.4091348],[-1.6003689,52.4091383],[-1.5999498,52.4091205],[-1.5997939,52.4091048],[-1.5992678,52.4090542]]}},{"type":"Feature","properties":{"id":153249770,"highway":"residential","name":"Mohawk Bend","oneway":null,"junction":null},"geometry":{"type":"LineString","coordinates":[[-1.5999498,52.4091205],[-1.5999251,52.4093415],[-1.599935,52.4094092],[-1.5999502,52.4094782],[-1.5999612,52.4095265],[-1.5999683,52.409647],[-1.5999667,52.4098066],[-1.5999436,52.4098431],[-1.5998977,52.4098675],[-1.5997435,52.4098839],[-1.5995141,52.4098964],[-1.5994025,52.4098972],[-1.5989015,52.4099008]]}},{"type":"Feature","properties":{"id":153249774,"highway":"residential","name":"Niagra Close","oneway":null,"junction":null},"geometry":{"type":"LineString","coordinates":[[-1.6008625,52.4108718],[-1.6008637,52.4107151],[-1.6008079,52.410533],[-1.60078,52.4104238],[-1.6007736,52.4103843],[-1.6008123,52.4103172],[-1.6008691,52.410256],[-1.6009436,52.4102003],[-1.6009954,52.4101619]]}},{"type":"Feature","properties":{"id":153249775,"highway":"residential","name":"Pelham Bend","oneway":null,"junction":null},"geometry":{"type":"LineString","coordinates":[[-1.6008155,52.4091786],[-1.6012636,52.4091271],[-1.6014824,52.4091372],[-1.6016199,52.4091483],[-1.6019106,52.4091651],[-1.6019802,52.4091375],[-1.6019958,52.4091068],[-1.6019715,52.4087864],[-1.6019466,52.4085199]]}},{"type":"Feature","properties":{"id":153249780,"highway":"residential","name":"Summerhill Lane","oneway":null,"junction":null},"geometry":{"type":"LineString","coordinates":[[-1.6037859,52.4090284],[-1.6037,52.4090376],[-1.60364,52.4090825],[-1.603597,52.4091192],[-1.6035712,52.4091584],[-1.6035369,52.409182],[-1.6034989,52.4092015],[-1.6034396,52.4092134],[-1.6030166,52.4092107],[-1.6026302,52.4092076],[-1.6023537,52.4092095],[-1.6020754,52.409177],[-1.6019802,52.4091375]]}},{"type":"Feature","properties":{"id":153249783,"highway":"residential","name":null,"oneway":null,"junction":"roundabout"},"geometry":{"type":"LineString","coordinates":[[-1.5988212,52.4091193],[-1.5987805,52.4091318],[-1.5987259,52.4091372],[-1.598681,52.4091334],[-1.5986382,52.4091218],[-1.5986073,52.4091067],[-1.5985816,52.409086],[-1.5985659,52.4090631],[-1.5985602,52.4090272],[-1.5985707,52.4089989],[-1.598588,52.4089787],[-1.5986153,52.4089595],[-1.5986481,52.4089456],[-1.5986873,52.4089365],[-1.5987291,52.4089337],[-1.5987759,52.4089382],[-1.5988187,52.4089506],[-1.5988493,52.4089666],[-1.5988726,52.4089862],[-1.598888,52.4090099],[-1.5988933,52.4090325],[-1.5988879,52.4090612],[-1.5988718,52.4090856],[-1.5988497,52.4091041],[-1.5988212,52.4091193]]}},{"type":"Feature","properties":{"id":153249791,"highway":"residential","name":"Jefferson Way","oneway":"yes","junction":null},"geometry":{"type":"LineString","coordinates":[[-1.5982456,52.4090062],[-1.5984534,52.4090018],[-1.5984802,52.4090012],[-1.5985707,52.4089989]]}},{"type":"Feature","properties":{"id":154511181,"highway":"residential","name":"Meadow House Drive","oneway":"no","junction":null},"geometry":{"type":"LineString","coordinates":[[-1.5960156,52.4047549],[-1.5965246,52.404696],[-1.5965829,52.4046892],[-1.5968866,52.4046541]]}},{"type":"Feature","properties":{"id":154524029,"highway":"service","name":null,"oneway":null,"junction":null},"geometry":{"type":"LineString","coordinates":[[-1.5985681,52.407208],[-1.5985699,52.4076179]]}},{"type":"Feature","properties":{"id":154524031,"highway":"service","name":null,"oneway":null,"junction":null},"geometry":{"type":"LineString","coordinates":[[-1.5993057,52.4072091],[-1.5993048,52.4071662],[-1.5993021,52.4070443],[-1.5992159,52.4067531]]}},{"type":"Feature","properties":{"id":154524033,"highway":"service","name":null,"oneway":null,"junction":null},"geometry":{"type":"LineString","coordinates":[[-1.6005758,52.4071876],[-1.6005571,52.4071414],[-1.600494,52.4069852],[-1.6004806,52.4069313],[-1.6004134,52.4066605]]}},{"type":"Feature","properties":{"id":155880050,"highway":"residential","name":"Ellenburg Close","oneway":null,"junction":null},"geometry":{"type":"LineString","coordinates":[[-1.6021074,52.4103922],[-1.6020795,52.4104459],[-1.6020753,52.4105417],[-1.6020949,52.4108519],[-1.6018938,52.4108565]]}},{"type":"Feature","properties":{"id":155880051,"highway":"residential","name":"Buchanan Close","oneway":null,"junction":null},"geometry":{"type":"LineString","coordinates":[[-1.6033568,52.4103417],[-1.6033694,52.4104125],[-1.6033943,52.4105656],[-1.6034023,52.4106352],[-1.6033988,52.4108446],[-1.6037422,52.4108402]]}},{"type":"Feature","properties":{"id":156600850,"highway":"service","name":"Savannah Close","oneway":null,"junction":null},"geometry":{"type":"LineString","coordinates":[[-1.6029301,52.4090077],[-1.6029053,52.4088416],[-1.6028864,52.4087292],[-1.6028606,52.4087043]]}},{"type":"Feature","properties":{"id":156600855,"highway":"residential","name":"Philmont Court","oneway":null,"junction":null},"geometry":{"type":"LineString","coordinates":[[-1.5984088,52.4079016],[-1.5982503,52.4079079],[-1.5980034,52.4079206],[-1.5978891,52.4079491],[-1.5978865,52.4079776],[-1.5979257,52.4080888],[-1.5980084,52.4081996]]}},{"type":"Feature","properties":{"id":156600856,"highway":"residential","name":"Placid Close","oneway":null,"junction":null},"geometry":{"type":"LineString","coordinates":[[-1.6000138,52.4083675],[-1.5999217,52.4085034],[-1.5999117,52.4086866],[-1.5998921,52.4087947],[-1.599908,52.4088607],[-1.5998884,52.4089618]]}},{"type":"Feature","properties":{"id":156600857,"highway":"residential","name":"Philmont Court","oneway":null,"junction":null},"geometry":{"type":"LineString","coordinates":[[-1.597523,52.4082811],[-1.5977279,52.4082759],[-1.5978141,52.4082608],[-1.5979948,52.4082117],[-1.5980084,52.4081996],[-1.5981697,52.4081639],[-1.5983682,52.4081371],[-1.5984973,52.408116]]}},{"type":"Feature","properties":{"id":156600859,"highway":"residential","name":"Placid Close","oneway":null,"junction":null},"geometry":{"type":"LineString","coordinates":[[-1.6000536,52.4088677],[-1.599908,52.4088607]]}},{"type":"Feature","properties":{"id":156600864,"highway":"residential","name":"Manhattan Way","oneway":"yes","junction":null},"geometry":{"type":"LineString","coordinates":[[-1.5986992,52.4087734],[-1.5987182,52.408869],[-1.5987296,52.4088888],[-1.5987759,52.4089382]]}},{"type":"Feature","properties":{"id":157001409,"highway":"residential","name":"Hudson Vale","oneway":null,"junction":null},"geometry":{"type":"LineString","coordinates":[[-1.5990719,52.408502],[-1.5990509,52.4083522],[-1.5990071,52.4081212],[-1.5989915,52.4080389]]}},{"type":"Feature","properties":{"id":165843751,"highway":"residential","name":"Madison Close","oneway":null,"junction":null},"geometry":{"type":"LineString","coordinates":[[-1.6017668,52.4101268],[-1.6017764,52.4099765],[-1.6018075,52.4098774],[-1.601872,52.409798],[-1.6019326,52.4097047]]}},{"type":"Feature","properties":{"id":169759989,"highway":"service","name":null,"oneway":null,"junction":null},"geometry":{"type":"LineString","coordinates":[[-1.6040065,52.4210731],[-1.605185,52.4215748]]}},{"type":"Feature","properties":{"id":189704384,"highway":"residential","name":"Williamsbridge Road","oneway":null,"junction":null},"geometry":{"type":"LineString","coordinates":[[-1.60282,52.4114801],[-1.602973,52.4114787]]}},{"type":"Feature","properties":{"id":213865886,"highway":"service","name":null,"oneway":null,"junction":null},"geometry":{"type":"LineString","coordinates":[[-1.5894991,52.4046479],[-1.5892416,52.4041562],[-1.5892053,52.4040013],[-1.5891646,52.403808],[-1.5891604,52.4037463],[-1.5891688,52.4036988],[-1.589189,52.4036484],[-1.5894717,52.4032034],[-1.5894913,52.4031843],[-1.5895238,52.4031718],[-1.5897099,52.4031437],[-1.5897278,52.4031306],[-1.5897316,52.4031135],[-1.5896726,52.4028335],[-1.5895521,52.4022407],[-1.5894701,52.4019161],[-1.5894766,52.4018835],[-1.5894995,52.4018545],[-1.5895337,52.4018304],[-1.5895873,52.4018038]]}},{"type":"Feature","properties":{"id":240408260,"highway":"residential","name":"Hudson Vale","oneway":null,"junction":null},"geometry":{"type":"LineString","coordinates":[[-1.599168,52.4083492],[-1.5990509,52.4083522]]}},{"type":"Feature","properties":{"id":240408261,"highway":"residential","name":"Jefferson Way","oneway":"yes","junction":null},"geometry":{"type":"LineString","coordinates":[[-1.5992678,52.4090542],[-1.599017,52.4090579],[-1.5989607,52.4090587],[-1.5988879,52.4090612]]}},{"type":"Feature","properties":{"id":240408262,"highway":"residential","name":"Jefferson Way","oneway":"yes","junction":null},"geometry":{"type":"LineString","coordinates":[[-1.5985816,52.409086],[-1.5984575,52.4090581],[-1.5984227,52.4090503],[-1.5982456,52.4090062]]}},{"type":"Feature","properties":{"id":240408263,"highway":"residential","name":"Jefferson Way","oneway":"yes","junction":null},"geometry":{"type":"LineString","coordinates":[[-1.5988726,52.4089862],[-1.5989683,52.4089943],[-1.5990041,52.4090015],[-1.5992678,52.4090542]]}},{"type":"Feature","properties":{"id":240408264,"highway":"residential","name":"Jefferson Way","oneway":null,"junction":null},"geometry":{"type":"LineString","coordinates":[[-1.5982456,52.4090062],[-1.5978213,52.4089579],[-1.5973807,52.4089412],[-1.597186,52.4089424],[-1.5969512,52.4089438]]}},{"type":"Feature","properties":{"id":240408265,"highway":"residential","name":"Manhattan Way","oneway":"yes","junction":null},"geometry":{"type":"LineString","coordinates":[[-1.5986153,52.4089595],[-1.5986356,52.4088841],[-1.5986371,52.4088623],[-1.5986992,52.4087734]]}},{"type":"Feature","properties":{"id":240408266,"highway":"residential","name":"Manhattan Way","oneway":null,"junction":null},"geometry":{"type":"LineString","coordinates":[[-1.5986992,52.4087734],[-1.5986361,52.4085026],[-1.5984973,52.408116],[-1.5989915,52.4080389],[-1.598986,52.4079358],[-1.599005,52.4079081],[-1.5990272,52.4078954],[-1.5990592,52.4078837],[-1.5991133,52.4078751],[-1.5998476,52.4078689],[-1.599899,52.4078736],[-1.5999395,52.4078896],[-1.5999578,52.4079056],[-1.5999625,52.4079217],[-1.5999675,52.4082752],[-1.5999793,52.408331],[-1.5999934,52.4083584],[-1.6000138,52.4083675],[-1.600102,52.4083748],[-1.6003831,52.4083653],[-1.600589,52.4083594],[-1.600782,52.4083533],[-1.6008369,52.4083516],[-1.6011329,52.4083422],[-1.6012152,52.4083531],[-1.6012563,52.4083782],[-1.6012788,52.4084325],[-1.601293,52.4084905],[-1.601322,52.4085182],[-1.6013685,52.4085324],[-1.6014212,52.4085386],[-1.6019466,52.4085199],[-1.6021474,52.4085149],[-1.6026038,52.408491],[-1.6027257,52.4084596],[-1.6029401,52.4084024],[-1.6030574,52.4083813],[-1.6032308,52.4083633],[-1.6034414,52.4083151]]}},{"type":"Feature","properties":{"id":240408267,"highway":"residential","name":"Monticello Way","oneway":"yes","junction":null},"geometry":{"type":"LineString","coordinates":[[-1.5988522,52.4093358],[-1.5987872,52.4092458],[-1.598681,52.4091334]]}},{"type":"Feature","properties":{"id":240408268,"highway":"residential","name":"Monticello Way","oneway":"yes","junction":null},"geometry":{"type":"LineString","coordinates":[[-1.5988497,52.4091041],[-1.5988582,52.409206],[-1.5988522,52.4093358]]}},{"type":"Feature","properties":{"id":240408269,"highway":"residential","name":"Philmont Court","oneway":null,"junction":null},"geometry":{"type":"LineString","coordinates":[[-1.5981301,52.4086427],[-1.5980803,52.4084888],[-1.5979948,52.4082117]]}},{"type":"Feature","properties":{"id":240408270,"highway":"residential","name":"Philmont Court","oneway":null,"junction":null},"geometry":{"type":"LineString","coordinates":[[-1.5977769,52.4084239],[-1.5975331,52.4084262],[-1.597523,52.4082811],[-1.5975012,52.4080907],[-1.5974544,52.4080131],[-1.5974369,52.4079784],[-1.5974179,52.4078882]]}},{"type":"Feature","properties":{"id":240408271,"highway":"unclassified","name":"Wickmans Drive","oneway":null,"junction":null},"geometry":{"type":"LineString","coordinates":[[-1.6009991,52.4071495],[-1.6005758,52.4071876],[-1.6002719,52.4072154],[-1.5993057,52.4072091],[-1.5985681,52.407208],[-1.5981551,52.407159]]}},{"type":"Feature","properties":{"id":240408273,"highway":"service","name":null,"oneway":null,"junction":null},"geometry":{"type":"LineString","coordinates":[[-1.5983193,52.4095818],[-1.5983185,52.4094343],[-1.598286,52.4093863],[-1.5981639,52.4093499],[-1.5980721,52.4093476],[-1.5979712,52.409345],[-1.5977976,52.409345],[-1.5977162,52.409345],[-1.5975751,52.4093698],[-1.5975398,52.4094018],[-1.5975394,52.4096888],[-1.5975407,52.4099362]]}},{"type":"Feature","properties":{"id":240408274,"highway":"service","name":null,"oneway":null,"junction":null},"geometry":{"type":"LineString","coordinates":[[-1.5982113,52.4084769],[-1.5980803,52.4084888]]}},{"type":"Feature","properties":{"id":240408275,"highway":"service","name":null,"oneway":null,"junction":null},"geometry":{"type":"LineString","coordinates":[[-1.6031185,52.4082019],[-1.6033322,52.4081598]]}},{"type":"Feature","properties":{"id":240408276,"highway":"service","name":null,"oneway":null,"junction":null},"geometry":{"type":"LineString","coordinates":[[-1.5978017,52.4099352],[-1.5977994,52.4096885],[-1.5977976,52.409345]]}},{"type":"Feature","properties":{"id":240408278,"highway":"service","name":null,"oneway":null,"junction":null},"geometry":{"type":"LineString","coordinates":[[-1.5986278,52.4095816],[-1.5983193,52.4095818]]}},{"type":"Feature","properties":{"id":240408279,"highway":"service","name":null,"oneway":null,"junction":null},"geometry":{"type":"LineString","coordinates":[[-1.6021343,52.4082356],[-1.6021474,52.4085149]]}},{"type":"Feature","properties":{"id":240408280,"highway":"service","name":null,"oneway":null,"junction":null},"geometry":{"type":"LineString","coordinates":[[-1.6031104,52.4080728],[-1.6032794,52.4080578]]}},{"type":"Feature","properties":{"id":240408281,"highway":"service","name":null,"oneway":null,"junction":null},"geometry":{"type":"LineString","coordinates":[[-1.6026166,52.4082102],[-1.602527,52.4082268]]}},{"type":"Feature","properties":{"id":240408282,"highway":"service","name":null,"oneway":null,"junction":null},"geometry":{"type":"LineString","coordinates":[[-1.6011084,52.4086674],[-1.6011875,52.4086663]]}},{"type":"Feature","properties":{"id":240408283,"highway":"service","name":null,"oneway":null,"junction":null},"geometry":{"type":"LineString","coordinates":[[-1.6005756,52.4080794],[-1.600589,52.4083594]]}},{"type":"Feature","properties":{"id":240408284,"highway":"service","name":null,"oneway":null,"junction":null},"geometry":{"type":"LineString","coordinates":[[-1.5991161,52.4087644],[-1.5990719,52.408502]]}},{"type":"Feature","properties":{"id":240408285,"highway":"service","name":null,"oneway":null,"junction":null},"geometry":{"type":"LineString","coordinates":[[-1.5975407,52.4099362],[-1.5978017,52.4099352],[-1.5980697,52.4099374],[-1.5980708,52.4096897],[-1.5980721,52.4093476]]}},{"type":"Feature","properties":{"id":240408286,"highway":"service","name":null,"oneway":null,"junction":null},"geometry":{"type":"LineString","coordinates":[[-1.6007849,52.4086491],[-1.600782,52.4083533]]}},{"type":"Feature","properties":{"id":240408287,"highway":"service","name":null,"oneway":null,"junction":null},"geometry":{"type":"LineString","coordinates":[[-1.600264,52.4075639],[-1.6002719,52.4072154]]}},{"type":"Feature","properties":{"id":240408288,"highway":"service","name":null,"oneway":null,"junction":null},"geometry":{"type":"LineString","coordinates":[[-1.5983185,52.4094343],[-1.5986387,52.4094327]]}},{"type":"Feature","properties":{"id":240408290,"highway":"residential","name":"Wryneck Walk","oneway":null,"junction":null},"geometry":{"type":"LineString","coordinates":[[-1.6017473,52.4079157],[-1.6017555,52.4077403],[-1.6017951,52.4072674]]}},{"type":"Feature","properties":{"id":240408291,"highway":"service","name":null,"oneway":null,"junction":null},"geometry":{"type":"LineString","coordinates":[[-1.5986387,52.4094327],[-1.5987546,52.4094326],[-1.5988606,52.4094324]]}},{"type":"Feature","properties":{"id":240408292,"highway":"service","name":null,"oneway":null,"junction":null},"geometry":{"type":"LineString","coordinates":[[-1.6008797,52.4086481],[-1.6007849,52.4086491],[-1.6006869,52.4086488]]}},{"type":"Feature","properties":{"id":240408293,"highway":"service","name":null,"oneway":null,"junction":null},"geometry":{"type":"LineString","coordinates":[[-1.6022521,52.4082318],[-1.6021343,52.4082356],[-1.6018921,52.40824]]}},{"type":"Feature","properties":{"id":240408294,"highway":"service","name":null,"oneway":null,"junction":null},"geometry":{"type":"LineString","coordinates":[[-1.5995272,52.4085695],[-1.5995287,52.4085125],[-1.5995217,52.4084454]]}},{"type":"Feature","properties":{"id":240408295,"highway":"service","name":null,"oneway":null,"junction":null},"geometry":{"type":"LineString","coordinates":[[-1.5995017,52.4083095],[-1.5995017,52.4082466],[-1.5995017,52.4081771]]}},{"type":"Feature","properties":{"id":240408296,"highway":"service","name":null,"oneway":null,"junction":null},"geometry":{"type":"LineString","coordinates":[[-1.6005452,52.4086416],[-1.6004018,52.4086432],[-1.6002197,52.4086455]]}},{"type":"Feature","properties":{"id":240408297,"highway":"residential","name":"Monticello Way","oneway":null,"junction":null},"geometry":{"type":"LineString","coordinates":[[-1.5980708,52.4096897],[-1.5987739,52.4096909],[-1.5988807,52.4096923]]}},{"type":"Feature","properties":{"id":240408298,"highway":"service","name":null,"oneway":null,"junction":null},"geometry":{"type":"LineString","coordinates":[[-1.6015946,52.4087971],[-1.6019715,52.4087864],[-1.6022679,52.4087773]]}},{"type":"Feature","properties":{"id":240408299,"highway":"residential","name":"Wryneck Walk","oneway":null,"junction":null},"geometry":{"type":"LineString","coordinates":[[-1.6017555,52.4077403],[-1.6021987,52.4077355],[-1.6023872,52.4077145]]}},{"type":"Feature","properties":{"id":240408300,"highway":"service","name":null,"oneway":null,"junction":null},"geometry":{"type":"LineString","coordinates":[[-1.5995287,52.4085125],[-1.5997704,52.4085057],[-1.5999217,52.4085034]]}},{"type":"Feature","properties":{"id":240408301,"highway":"service","name":null,"oneway":null,"junction":null},"geometry":{"type":"LineString","coordinates":[[-1.5994013,52.4081903],[-1.5993989,52.4081523],[-1.5993959,52.4081043]]}},{"type":"Feature","properties":{"id":240408302,"highway":"service","name":null,"oneway":null,"junction":null},"geometry":{"type":"LineString","coordinates":[[-1.6004018,52.4086432],[-1.6003831,52.4083653]]}},{"type":"Feature","properties":{"id":240408303,"highway":"service","name":null,"oneway":null,"junction":null},"geometry":{"type":"LineString","coordinates":[[-1.6011768,52.4087936],[-1.6011875,52.4086663],[-1.601322,52.4085182]]}},{"type":"Feature","properties":{"id":240408304,"highway":"service","name":null,"oneway":null,"junction":null},"geometry":{"type":"LineString","coordinates":[[-1.6004025,52.4080844],[-1.6005756,52.4080794],[-1.6006847,52.4080778]]}},{"type":"Feature","properties":{"id":240408305,"highway":"service","name":null,"oneway":null,"junction":null},"geometry":{"type":"LineString","coordinates":[[-1.6008964,52.4080645],[-1.6008026,52.4080687],[-1.6008076,52.4081285],[-1.6008369,52.4083516]]}},{"type":"Feature","properties":{"id":240408306,"highway":"residential","name":"Wryneck Walk","oneway":null,"junction":null},"geometry":{"type":"LineString","coordinates":[[-1.6024483,52.4078246],[-1.6023872,52.4077145],[-1.6023713,52.4076529],[-1.6023421,52.4073029]]}},{"type":"Feature","properties":{"id":240408308,"highway":"service","name":null,"oneway":null,"junction":null},"geometry":{"type":"LineString","coordinates":[[-1.5993989,52.4081523],[-1.5992874,52.4081341],[-1.5991327,52.4081192],[-1.5990071,52.4081212]]}},{"type":"Feature","properties":{"id":240408309,"highway":"residential","name":"Manhattan Way","oneway":null,"junction":null},"geometry":{"type":"LineString","coordinates":[[-1.6034414,52.4083151],[-1.6033696,52.4082078]]}},{"type":"Feature","properties":{"id":240408310,"highway":"service","name":null,"oneway":null,"junction":null},"geometry":{"type":"LineString","coordinates":[[-1.5995017,52.4082466],[-1.5995831,52.4082665],[-1.5997501,52.4082821],[-1.5999675,52.4082752]]}},{"type":"Feature","properties":{"id":240408311,"highway":"service","name":null,"oneway":null,"junction":null},"geometry":{"type":"LineString","coordinates":[[-1.6025108,52.408149],[-1.602527,52.4082268],[-1.6025596,52.408384],[-1.6026038,52.408491]]}},{"type":"Feature","properties":{"id":290530044,"highway":"service","name":"Summerhill Lane","oneway":null,"junction":null},"geometry":{"type":"LineString","coordinates":[[-1.6026302,52.4092076],[-1.6026328,52.4094105],[-1.6026016,52.4094422],[-1.6025374,52.4094718],[-1.6024004,52.4094771]]}},{"type":"Feature","properties":{"id":290531886,"highway":"residential","name":"Manhattan Way","oneway":null,"junction":null},"geometry":{"type":"LineString","coordinates":[[-1.6035175,52.4083999],[-1.6034414,52.4083151]]}},{"type":"Feature","properties":{"id":290531893,"highway":"residential","name":"Savannah Close","oneway":null,"junction":null},"geometry":{"type":"LineString","coordinates":[[-1.6028606,52.4087043],[-1.6027257,52.4084596]]}},{"type":"Feature","properties":{"id":290531924,"highway":"service","name":null,"oneway":null,"junction":null},"geometry":{"type":"LineString","coordinates":[[-1.6033696,52.4082078],[-1.6033322,52.4081598],[-1.6032794,52.4080578],[-1.6032879,52.407988]]}},{"type":"Feature","properties":{"id":329373122,"highway":"residential","name":"Buchanan Close","oneway":null,"junction":null},"geometry":{"type":"LineString","coordinates":[[-1.6033988,52.4108446],[-1.6031256,52.4108468]]}},{"type":"Feature","properties":{"id":329373123,"highway":"residential","name":"Ellenburg Close","oneway":null,"junction":null},"geometry":{"type":"LineString","coordinates":[[-1.6020949,52.4108519],[-1.6022543,52.4108524],[-1.6027819,52.4108475]]}},{"type":"Feature","properties":{"id":329373128,"highway":"service","name":null,"oneway":null,"junction":null},"geometry":{"type":"LineString","coordinates":[[-1.6031264,52.4097385],[-1.6035116,52.4096978]]}},{"type":"Feature","properties":{"id":329373130,"highway":"service","name":null,"oneway":null,"junction":null},"geometry":{"type":"LineString","coordinates":[[-1.5994326,52.4094756],[-1.5994326,52.409415]]}},{"type":"Feature","properties":{"id":329373132,"highway":"service","name":null,"oneway":null,"junction":null},"geometry":{"type":"LineString","coordinates":[[-1.6012138,52.4105187],[-1.6011992,52.4104685]]}},{"type":"Feature","properties":{"id":329373134,"highway":"service","name":null,"oneway":null,"junction":null},"geometry":{"type":"LineString","coordinates":[[-1.5998462,52.4101376],[-1.6003606,52.4101086]]}},{"type":"Feature","properties":{"id":329373136,"highway":"service","name":null,"oneway":null,"junction":null},"geometry":{"type":"LineString","coordinates":[[-1.6016562,52.4105484],[-1.6016531,52.4104915]]}},{"type":"Feature","properties":{"id":329373137,"highway":"service","name":null,"oneway":null,"junction":null},"geometry":{"type":"LineString","coordinates":[[-1.5999251,52.4093415],[-1.5992959,52.4093202],[-1.5993053,52.4092842]]}},{"type":"Feature","properties":{"id":329373138,"highway":"service","name":null,"oneway":null,"junction":null},"geometry":{"type":"LineString","coordinates":[[-1.5999502,52.4094782],[-1.5994326,52.4094756],[-1.5994326,52.4098092]]}},{"type":"Feature","properties":{"id":329373139,"highway":"service","name":null,"oneway":null,"junction":null},"geometry":{"type":"LineString","coordinates":[[-1.5999612,52.4095265],[-1.6003742,52.4095198]]}},{"type":"Feature","properties":{"id":329373140,"highway":"service","name":null,"oneway":null,"junction":null},"geometry":{"type":"LineString","coordinates":[[-1.6016199,52.4091483],[-1.6016331,52.4094683]]}},{"type":"Feature","properties":{"id":329373141,"highway":"service","name":"Romulus Walk","oneway":null,"junction":null},"geometry":{"type":"LineString","coordinates":[[-1.5999498,52.4103044],[-1.6001977,52.4102937],[-1.6007124,52.4104087],[-1.60078,52.4104238]]}},{"type":"Feature","properties":{"id":329373142,"highway":"service","name":null,"oneway":null,"junction":null},"geometry":{"type":"LineString","coordinates":[[-1.6012636,52.4091271],[-1.6012858,52.4094033],[-1.6013693,52.4094019]]}},{"type":"Feature","properties":{"id":329373143,"highway":"service","name":null,"oneway":null,"junction":null},"geometry":{"type":"LineString","coordinates":[[-1.6020753,52.4105417],[-1.6016562,52.4105484],[-1.6016562,52.4106014]]}},{"type":"Feature","properties":{"id":329373144,"highway":"service","name":null,"oneway":null,"junction":null},"geometry":{"type":"LineString","coordinates":[[-1.6008079,52.410533],[-1.6012138,52.4105187],[-1.6012249,52.4106505]]}},{"type":"Feature","properties":{"id":329373145,"highway":"service","name":null,"oneway":null,"junction":null},"geometry":{"type":"LineString","coordinates":[[-1.6032487,52.4098749],[-1.6028872,52.4099271],[-1.6026278,52.409929]]}},{"type":"Feature","properties":{"id":329373146,"highway":"service","name":null,"oneway":null,"junction":null},"geometry":{"type":"LineString","coordinates":[[-1.601872,52.409798],[-1.6020774,52.4098635],[-1.6021675,52.4098839],[-1.6022487,52.4099023],[-1.6024552,52.409905]]}},{"type":"Feature","properties":{"id":329373149,"highway":"service","name":null,"oneway":null,"junction":null},"geometry":{"type":"LineString","coordinates":[[-1.6023537,52.4092095],[-1.6023578,52.4093322],[-1.6023292,52.4093564],[-1.6022765,52.4093577]]}},{"type":"Feature","properties":{"id":330825410,"highway":"residential","name":"Massey Close","oneway":null,"junction":null},"geometry":{"type":"LineString","coordinates":[[-1.6037399,52.4120776],[-1.6037345,52.4119441]]}},{"type":"Feature","properties":{"id":330825411,"highway":"living_street","name":"Massey Close","oneway":null,"junction":null},"geometry":{"type":"LineString","coordinates":[[-1.603713,52.411746],[-1.6037264,52.4118206],[-1.6037345,52.4119441]]}},{"type":"Feature","properties":{"id":330825413,"highway":"living_street","name":"Williamsbridge Road","oneway":null,"junction":null},"geometry":{"type":"LineString","coordinates":[[-1.6025156,52.4114902],[-1.60282,52.4114801]]}},{"type":"Feature","properties":{"id":330825414,"highway":"living_street","name":"Williamsbridge Road","oneway":null,"junction":null},"geometry":{"type":"LineString","coordinates":[[-1.6037851,52.4114583],[-1.6033765,52.4114696]]}},{"type":"Feature","properties":{"id":336074202,"highway":"service","name":null,"oneway":null,"junction":null},"geometry":{"type":"LineString","coordinates":[[-1.5975394,52.4096888],[-1.5977994,52.4096885],[-1.5980708,52.4096897]]}},{"type":"Feature","properties":{"id":336074203,"highway":"service","name":null,"oneway":null,"junction":null},"geometry":{"type":"LineString","coordinates":[[-1.5980697,52.4099374],[-1.5983021,52.4099386],[-1.5983054,52.4097472]]}},{"type":"Feature","properties":{"id":468846376,"highway":"residential","name":"Fow Oak","oneway":null,"junction":null},"geometry":{"type":"LineString","coordinates":[[-1.6034817,52.4069628],[-1.6034388,52.4068633],[-1.6035944,52.4068262]]}},{"type":"Feature","properties":{"id":468981778,"highway":"service","name":null,"oneway":null,"junction":null},"geometry":{"type":"LineString","coordinates":[[-1.6030246,52.4106188],[-1.6027081,52.4106213],[-1.6026209,52.4106245]]}},{"type":"Feature","properties":{"id":468981780,"highway":"service","name":null,"oneway":null,"junction":null},"geometry":{"type":"LineString","coordinates":[[-1.6026986,52.4103785],[-1.6027081,52.4106213]]}},{"type":"Feature","properties":{"id":468987973,"highway":"service","name":null,"oneway":null,"junction":null},"geometry":{"type":"LineString","coordinates":[[-1.6008872,52.4097206],[-1.6009474,52.4097197],[-1.6019326,52.4097047]]}},{"type":"Feature","properties":{"id":474928312,"highway":"service","name":null,"oneway":null,"junction":null},"geometry":{"type":"LineString","coordinates":[[-1.5994133,52.4102069],[-1.5994025,52.4098972]]}},{"type":"Feature","properties":{"id":520500657,"highway":"residential","name":"Tilehurst Drive","oneway":null,"junction":null},"geometry":{"type":"LineString","coordinates":[[-1.5947409,52.4051242],[-1.5947534,52.405166],[-1.5948654,52.405157]]}},{"type":"Feature","properties":{"id":520500658,"highway":"residential","name":"Tilehurst Drive","oneway":null,"junction":null},"geometry":{"type":"LineString","coordinates":[[-1.5945657,52.4053392],[-1.5945399,52.4053662]]}},{"type":"Feature","properties":{"id":520500659,"highway":"residential","name":"Tilehurst Drive","oneway":null,"junction":null},"geometry":{"type":"LineString","coordinates":[[-1.5945425,52.4053259],[-1.594594,52.4052879],[-1.5947534,52.405166]]}},{"type":"Feature","properties":{"id":696825628,"highway":"service","name":null,"oneway":null,"junction":null},"geometry":{"type":"LineString","coordinates":[[-1.5982145,52.4067075],[-1.598086,52.4066299],[-1.5976193,52.4065376],[-1.5971139,52.4064725],[-1.596829,52.4064403],[-1.5967457,52.4064074]]}},{"type":"Feature","properties":{"id":852618500,"highway":"service","name":null,"oneway":null,"junction":null},"geometry":{"type":"LineString","coordinates":[[-1.6000561,52.4058722],[-1.6003279,52.4058647],[-1.6004494,52.4058596]]}},{"type":"Feature","properties":{"id":856603523,"highway":"residential","name":"Wickmans Drive","oneway":null,"junction":null},"geometry":{"type":"LineString","coordinates":[[-1.6030715,52.4073111],[-1.6031266,52.4073682],[-1.6032521,52.4075382]]}},{"type":"Feature","properties":{"id":860979266,"highway":"service","name":null,"oneway":null,"junction":null},"geometry":{"type":"LineString","coordinates":[[-1.6004806,52.4069313],[-1.6002979,52.4069845],[-1.5995302,52.4070418],[-1.5993021,52.4070443]]}},{"type":"Feature","properties":{"id":885847084,"highway":"service","name":null,"oneway":null,"junction":null},"geometry":{"type":"LineString","coordinates":[[-1.6004806,52.4069313],[-1.6006147,52.4069324],[-1.600746,52.4069511],[-1.600872,52.4069928],[-1.6009386,52.4070049],[-1.6009962,52.4070093],[-1.6011779,52.4069785]]}},{"type":"Feature","properties":{"id":886063960,"highway":"service","name":null,"oneway":null,"junction":null},"geometry":{"type":"LineString","coordinates":[[-1.6004977,52.4088743],[-1.6000536,52.4088677]]}},{"type":"Feature","properties":{"id":1039723234,"highway":"service","name":null,"oneway":null,"junction":null},"geometry":{"type":"LineString","coordinates":[[-1.5999439,52.4104641],[-1.6000088,52.4104996],[-1.6002725,52.4104882],[-1.6002993,52.410547],[-1.6002003,52.4106491]]}},{"type":"Feature","properties":{"id":1039723235,"highway":"service","name":null,"oneway":null,"junction":null},"geometry":{"type":"LineString","coordinates":[[-1.6009284,52.4099463],[-1.6004787,52.4099541],[-1.6004747,52.4099035]]}},{"type":"Feature","properties":{"id":1039723236,"highway":"service","name":null,"oneway":null,"junction":null},"geometry":{"type":"LineString","coordinates":[[-1.6017025,52.4102441],[-1.601713,52.410333],[-1.6016113,52.4103412]]}},{"type":"Feature","properties":{"id":1039723237,"highway":"service","name":null,"oneway":null,"junction":null},"geometry":{"type":"LineString","coordinates":[[-1.6034023,52.4106352],[-1.6038081,52.410636]]}},{"type":"Feature","properties":{"id":1039723238,"highway":"service","name":null,"oneway":null,"junction":null},"geometry":{"type":"LineString","coordinates":[[-1.6021675,52.4098839],[-1.602286,52.4097075]]}},{"type":"Feature","properties":{"id":1039723239,"highway":"service","name":null,"oneway":null,"junction":null},"geometry":{"type":"LineString","coordinates":[[-1.6035175,52.4083999],[-1.6035685,52.4084923],[-1.6036408,52.4086074],[-1.6036368,52.4086695],[-1.6036167,52.4087798],[-1.6036569,52.4089023],[-1.603693,52.4089684]]}},{"type":"Feature","properties":{"id":1039723240,"highway":"service","name":null,"oneway":null,"junction":null},"geometry":{"type":"LineString","coordinates":[[-1.6036569,52.4089023],[-1.6035056,52.40893]]}},{"type":"Feature","properties":{"id":1213541516,"highway":"service","name":null,"oneway":"no","junction":null},"geometry":{"type":"LineString","coordinates":[[-1.601742,52.4080354],[-1.6017473,52.4079157]]}},{"type":"Feature","properties":{"id":1245333691,"highway":"residential","name":"Roosevelt Drive","oneway":null,"junction":null},"geometry":{"type":"LineString","coordinates":[[-1.5856796,52.4053067],[-1.5856249,52.4053386],[-1.5855574,52.4053592],[-1.5851022,52.4053915]]}},{"type":"Feature","properties":{"id":1245443098,"highway":"service","name":null,"oneway":null,"junction":null},"geometry":{"type":"LineString","coordinates":[[-1.6016933,52.4101931],[-1.6017025,52.4102441]]}},{"type":"Feature","properties":{"id":1245443099,"highway":"service","name":null,"oneway":null,"junction":null},"geometry":{"type":"LineString","coordinates":[[-1.6016832,52.4101386],[-1.6016933,52.4101931]]}},{"type":"Feature","properties":{"id":1361121128,"highway":"service","name":null,"oneway":null,"junction":null},"geometry":{"type":"LineString","coordinates":[[-1.6037859,52.4090284],[-1.6041136,52.4089995],[-1.6046637,52.4089704],[-1.6049681,52.4089643],[-1.6051677,52.4089922],[-1.6053945,52.4089824],[-1.6055153,52.4089568],[-1.6058258,52.4089553],[-1.6060711,52.4089365],[-1.6061746,52.4089057],[-1.6066959,52.4088095]]}},{"type":"Feature","properties":{"id":1465336362,"highway":"residential","name":"Meadow House Drive","oneway":null,"junction":null},"geometry":{"type":"LineString","coordinates":[[-1.5965829,52.4046892],[-1.596734,52.4050669],[-1.5967648,52.4050869],[-1.5968216,52.4050903],[-1.5970253,52.4050543],[-1.597795,52.4049366],[-1.5986439,52.4047977],[-1.5987447,52.4048493],[-1.598839,52.4052521],[-1.5988,52.4053374],[-1.5985105,52.4053771],[-1.5982633,52.4054624],[-1.5973657,52.4055636],[-1.5971738,52.4054981],[-1.5970253,52.4050543]]}},{"type":"Feature","properties":{"id":1465336363,"highway":"service","name":null,"oneway":"no","junction":null},"geometry":{"type":"LineString","coordinates":[[-1.5965246,52.404696],[-1.5964647,52.4045269],[-1.5962619,52.4045439]]}}]}