{"type":"FeatureCollection","properties":{"center":[26.192393,91.695123],"radius_km":5.0,"source":"OpenStreetMap contributors (ODbL)"},"features":[{"type":"Feature","properties":{"id":38719482,"highway":"trunk","name":"Saraighat Bridge","oneway":"yes","junction":null},"geometry":{"type":"LineString","coordinates":[[91.6719197,26.1809872],[91.6725847,26.1698282]]}},{"type":"Feature","properties":{"id":44638826,"highway":"secondary","name":"Assam Engineering College Road","oneway":null,"junction":null},"geometry":{"type":"LineString","coordinates":[[91.6543108,26.1515992],[91.6536401,26.14999],[91.6534598,26.1496279],[91.6528164,26.1483001],[91.6521442,26.1478443],[91.6515946,26.1474206],[91.6510283,26.1463416],[91.6504837,26.1454028],[91.6504742,26.1451891],[91.650617,26.1448216],[91.6505123,26.1435139],[91.6502647,26.1423088],[91.6502457,26.1418387],[91.6503028,26.1388386],[91.6504266,26.1384797],[91.6505477,26.1383947],[91.6507313,26.138266],[91.6512549,26.138172],[91.6516072,26.1382745],[91.651988,26.1385053],[91.6523117,26.1388557],[91.6524259,26.1389887],[91.6527592,26.1393771],[91.6529972,26.139567],[91.653102,26.1396506],[91.6535357,26.1397732],[91.6536542,26.1398045],[91.6541555,26.1398495],[91.6543294,26.1398651],[91.6544159,26.1398729],[91.6549491,26.1400011],[91.6552252,26.1401635],[91.6555394,26.1405652],[91.6557869,26.1408387],[91.6560249,26.1409071],[91.6563391,26.1408729],[91.656487,26.1408667],[91.6566217,26.1408611],[91.6567485,26.1408558],[91.6572951,26.1410356],[91.6579607,26.1413385],[91.6580046,26.141356],[91.6584269,26.1415157],[91.6588262,26.1416832],[91.6591721,26.1418155],[91.6593711,26.1418889],[91.6606123,26.1422983],[91.6607569,26.1423515],[91.661728,26.1428302],[91.6618773,26.1429607],[91.6632585,26.1442317],[91.6636815,26.1446209],[91.6640606,26.1448686],[91.6642416,26.1450267],[91.6644034,26.1452831],[91.6646129,26.1456421],[91.6647486,26.1459866],[91.6648273,26.1461863],[91.6649427,26.1464792],[91.6650549,26.146764],[91.6651651,26.1470438],[91.6653951,26.1478007],[91.6655108,26.1481817],[91.6655364,26.1482659],[91.6656507,26.1485138],[91.6657194,26.1485588],[91.666003,26.1487445],[91.6663056,26.1488635],[91.6667421,26.1490352],[91.6687329,26.1498184],[91.6689209,26.1498923],[91.6692631,26.1499916],[91.6693828,26.1499673],[91.6695876,26.1499257],[91.6700543,26.1497989],[91.6702821,26.1497352],[91.6705686,26.1496684],[91.6707451,26.149691],[91.6709645,26.1497873],[91.6711592,26.1499269],[91.6714438,26.1501495],[91.6716179,26.1502857],[91.6717981,26.1505069],[91.6720354,26.1507982],[91.6727609,26.151498],[91.6733361,26.151852],[91.6737261,26.1520852],[91.6738131,26.1521374],[91.6740511,26.1522804],[91.6743178,26.1524675],[91.6744603,26.152634],[91.6746936,26.1529066],[91.6750932,26.1535349],[91.6758962,26.1547317],[91.6761249,26.1550235],[91.6762385,26.1551683],[91.6763311,26.155304]]}},{"type":"Feature","properties":{"id":44639059,"highway":"trunk_link","name":null,"oneway":"yes","junction":null},"geometry":{"type":"LineString","coordinates":[[91.6712925,26.1614423],[91.6715312,26.1610836],[91.6719711,26.1603421],[91.6723659,26.1596655],[91.6730685,26.1584615],[91.6731127,26.1583858],[91.6733538,26.1580946],[91.6736528,26.1577198]]}},{"type":"Feature","properties":{"id":44639138,"highway":"unclassified","name":null,"oneway":null,"junction":null},"geometry":{"type":"LineString","coordinates":[[91.7000487,26.2203882],[91.6997741,26.220342]]}},{"type":"Feature","properties":{"id":44639139,"highway":"unclassified","name":null,"oneway":null,"junction":null},"geometry":{"type":"LineString","coordinates":[[91.7164007,26.1947695],[91.7161907,26.195684],[91.7161532,26.1958472],[91.7160925,26.1961117],[91.7159952,26.1965356],[91.7156368,26.1980966],[91.7156124,26.1982074],[91.7153422,26.1994318],[91.7152263,26.1999566],[91.7151082,26.2004918],[91.7150135,26.2009212],[91.7149502,26.2012079],[91.7148202,26.2015442],[91.714727,26.2017854],[91.7146068,26.2020011],[91.7142807,26.2024323],[91.7139974,26.2027404],[91.713637,26.2031177],[91.713481,26.2032501],[91.7133194,26.2033873],[91.7128902,26.203626],[91.7124878,26.203872],[91.7108354,26.2048825],[91.7108125,26.2048965],[91.7101951,26.205274],[91.7099462,26.2054434],[91.7098175,26.2055974],[91.7097231,26.2057823],[91.7096887,26.2060672],[91.7098543,26.2081805],[91.7098776,26.2084775],[91.7099662,26.2097159],[91.709995,26.2101186],[91.7100578,26.2109956],[91.7100876,26.2113115],[91.7101304,26.2117659],[91.7101608,26.2120891],[91.7101436,26.2124125],[91.7100407,26.2127898],[91.7095943,26.2141374],[91.7095208,26.214435],[91.7090089,26.2165081],[91.7089592,26.2167092],[91.7088476,26.2170481],[91.7086255,26.2177641],[91.7085729,26.2179336],[91.7081524,26.2199048],[91.7079144,26.2207294],[91.7079035,26.2209288],[91.7078176,26.2210905],[91.7076374,26.2212137],[91.7075001,26.2212907],[91.7073027,26.2213523],[91.7069398,26.2212971],[91.7056239,26.221117],[91.705011,26.2210135],[91.7047994,26.2209868],[91.704572,26.220958],[91.7042795,26.2209363],[91.7036365,26.2208887],[91.7017174,26.2206381],[91.7010701,26.2205422],[91.7000487,26.2203882]]}},{"type":"Feature","properties":{"id":44639254,"highway":"unclassified","name":null,"oneway":null,"junction":null},"geometry":{"type":"LineString","coordinates":[[91.688965,26.2357639],[91.6891427,26.2353994],[91.6892741,26.2349399],[91.6893499,26.2348587],[91.6893774,26.2347811],[91.6894109,26.2347366],[91.6897113,26.2344803],[91.6898396,26.2343807],[91.6899479,26.234348],[91.6909376,26.234501],[91.6909881,26.2345236],[91.6910404,26.2345797],[91.6910841,26.2346473],[91.6912327,26.2350919],[91.691267,26.2351925],[91.6913424,26.2352622],[91.6914736,26.2352781],[91.6916216,26.235257],[91.6921849,26.2351332],[91.6923552,26.2351075],[91.692474,26.2351395],[91.6926633,26.2352536],[91.6927717,26.2353176],[91.6929327,26.2354692],[91.693099,26.2356448],[91.6933108,26.2358137],[91.6934788,26.235881],[91.693644,26.235909],[91.6938629,26.2359234],[91.6941772,26.235883],[91.6944481,26.2358397],[91.6947539,26.2357531],[91.6953387,26.235682],[91.6953574,26.2357434],[91.6953869,26.2358541],[91.6954082,26.2359152],[91.6954593,26.2359756],[91.6955545,26.2360429],[91.6957463,26.2361308],[91.695836,26.2361582],[91.6959489,26.2361705],[91.696103,26.236162],[91.6961887,26.2361835],[91.6962559,26.2362126],[91.6964249,26.2363714],[91.6964514,26.2364071],[91.6965161,26.2364941],[91.6966288,26.236648],[91.6968875,26.2370113],[91.6969654,26.2371941],[91.6970874,26.2373915],[91.6972162,26.2374997],[91.6972898,26.237574],[91.6973503,26.2376753],[91.6975553,26.2381683],[91.6975835,26.2382248],[91.6976197,26.2382669],[91.6977111,26.2383622],[91.6977578,26.2384293],[91.697784,26.2384726],[91.6978009,26.2385198],[91.6978559,26.2387099],[91.6979082,26.2388879],[91.697951,26.2389899],[91.6980369,26.2391189],[91.6981253,26.2392533],[91.6982044,26.2393435],[91.6983132,26.2394075],[91.6984581,26.2395013],[91.6986108,26.2396262],[91.6987772,26.2398021],[91.6990132,26.2400908],[91.6991742,26.2403987],[91.6992922,26.2406634],[91.6993512,26.2408402],[91.6993685,26.2409242],[91.6993727,26.241058],[91.6993868,26.2411723],[91.6994102,26.2414958],[91.6994093,26.2416087],[91.6994062,26.2420171],[91.6996033,26.2421621],[91.700011,26.2423715],[91.7003007,26.2426409],[91.7004402,26.2429007],[91.7004669,26.2429991],[91.7004643,26.2431245],[91.7003866,26.2433963],[91.700381,26.2436102],[91.7004161,26.2437981],[91.7005153,26.244094],[91.7005681,26.2442314],[91.7008112,26.244811],[91.7008156,26.2450103],[91.7007728,26.2452295],[91.7006762,26.2455374],[91.7005768,26.2457152],[91.7004858,26.2458502],[91.7003435,26.2459654],[91.7000754,26.2461437],[91.6997321,26.246365],[91.6994074,26.2467208],[91.6993564,26.2468001],[91.6993001,26.2469132],[91.6992733,26.2470984],[91.6992089,26.2478514],[91.6991767,26.2479885],[91.6991124,26.2481714],[91.6990077,26.2483013],[91.6988549,26.2484336],[91.6986564,26.248602],[91.6983023,26.2487271],[91.6978249,26.2488281],[91.6976532,26.2488425],[91.6974279,26.2488113],[91.6971414,26.2486956],[91.696811,26.2485274],[91.6965428,26.2483951],[91.6961753,26.2482748],[91.6957113,26.248205],[91.6953787,26.2482411],[91.6950273,26.2483109],[91.6949174,26.2483807],[91.6948611,26.2484264],[91.6947861,26.2485782],[91.6947579,26.248828],[91.6947101,26.2493823],[91.6946934,26.2495073],[91.6946686,26.2496689],[91.6946586,26.2497672],[91.6946363,26.2499081],[91.6946516,26.2500699],[91.6946886,26.250222],[91.6947237,26.2504289],[91.6949504,26.2511298],[91.6949732,26.2515413],[91.6949709,26.2515794],[91.6949644,26.2516892],[91.6949252,26.2518153],[91.6948381,26.2520099],[91.6946773,26.252236],[91.694456,26.2524627],[91.6943926,26.2525212],[91.6941729,26.2526529],[91.6939335,26.2527697],[91.6935592,26.2529367],[91.6925875,26.2533823],[91.692189,26.2535598]]}},{"type":"Feature","properties":{"id":44641071,"highway":"trunk","name":null,"oneway":null,"junction":null},"geometry":{"type":"LineString","coordinates":[[91.6668072,26.1844797],[91.6667683,26.1844594],[91.6666979,26.1844225],[91.6664243,26.1842974],[91.6661467,26.1841758],[91.6659363,26.1840946],[91.6656974,26.1840025],[91.6654976,26.1839267],[91.6652763,26.18384],[91.6649544,26.1837378],[91.6646661,26.1836499],[91.6644354,26.1835933],[91.6642503,26.183562],[91.6640438,26.1835416],[91.6638145,26.183532],[91.6636509,26.1835247],[91.6634899,26.1835271],[91.6633478,26.1835332],[91.6632673,26.183544],[91.6631024,26.1835837],[91.6629656,26.1836186],[91.6628087,26.1836704],[91.6623688,26.1838461],[91.6619155,26.1840338],[91.6614515,26.1842408],[91.6611591,26.184366],[91.6608855,26.1844647],[91.6604966,26.1845994],[91.6600218,26.1847607],[91.6591957,26.1850207],[91.6587397,26.1851651],[91.6583267,26.1852951],[91.6576454,26.1855045],[91.6570982,26.1856778],[91.6567549,26.1857861],[91.6560253,26.1860195],[91.6556069,26.1861615],[91.6553161,26.1862743],[91.6548157,26.1864781],[91.6543087,26.1867055],[91.6539305,26.186874],[91.6535309,26.1870786],[91.6532251,26.187235],[91.652932,26.1873825],[91.6526753,26.1875046],[91.6520275,26.1877832],[91.6519645,26.1878103],[91.6513503,26.1881015],[91.6508943,26.1883302],[91.6506715,26.1884547],[91.6504356,26.1885865],[91.6502514,26.1886892],[91.6501097,26.1887682],[91.6499339,26.1888701],[91.6498333,26.1889287],[91.6497637,26.1889692],[91.6495932,26.1890737],[91.6495753,26.1890844],[91.6493297,26.1892309],[91.6492984,26.1892496],[91.6487238,26.1895957],[91.6485313,26.1897117],[91.6479814,26.1900559],[91.6477392,26.1902056],[91.6476806,26.1902418],[91.6476542,26.1902581],[91.6476191,26.1902801],[91.6474155,26.1904073],[91.647213,26.1905372],[91.6469823,26.1907045],[91.6468629,26.1907863],[91.6467476,26.190861],[91.6466483,26.1908971],[91.6465344,26.1909199],[91.6464163,26.1909308],[91.6463238,26.1909247],[91.6462366,26.1909043],[91.6461387,26.1908682],[91.6460153,26.1908092],[91.6457149,26.1906456],[91.6452992,26.1904217],[91.6450551,26.1903086],[91.6448137,26.1901955],[91.644626,26.1901329],[91.6443416,26.1900824],[91.6440225,26.1900619],[91.6439125,26.1900655],[91.64382,26.1900824],[91.6437462,26.1901209],[91.6436765,26.1901762],[91.6436121,26.1902424],[91.6435759,26.1903074],[91.643541,26.1904133],[91.6434565,26.1907153],[91.6433747,26.1910607],[91.6433197,26.191299],[91.6432647,26.1915012],[91.6432218,26.1916251],[91.6431668,26.1917599],[91.6431011,26.1918947],[91.6430354,26.1920271],[91.6428279,26.1923951],[91.642786,26.1924663],[91.6427149,26.1925915],[91.6426626,26.1927022],[91.6426116,26.1928201],[91.6425137,26.193074],[91.6424306,26.1932858],[91.6422965,26.1936444],[91.6422066,26.1938839],[91.6420779,26.1942341],[91.641984,26.1944964],[91.6419052,26.1947106],[91.6418526,26.1948538],[91.6417332,26.1951643],[91.641634,26.1954194],[91.6415785,26.1955585],[91.6414207,26.1959537],[91.6412544,26.1963809],[91.6411149,26.1967274],[91.6411017,26.1967596],[91.6410036,26.1969994],[91.6409731,26.1970761],[91.6408792,26.1973357],[91.64084,26.1974206],[91.6407722,26.1976075],[91.6406523,26.1979188],[91.6406065,26.1980339],[91.6405423,26.1981955],[91.6404046,26.1985548],[91.6402939,26.1988062],[91.640258,26.1988862],[91.640203,26.1989729],[91.6401198,26.1990872],[91.6400193,26.1992147],[91.6397873,26.1995011],[91.6396224,26.1997187],[91.6395378,26.1998573],[91.639464,26.1999777],[91.6394205,26.2000679],[91.6393809,26.2001533],[91.6393273,26.2002701],[91.6392535,26.2004253]]}},{"type":"Feature","properties":{"id":44641091,"highway":"unclassified","name":null,"oneway":null,"junction":null},"geometry":{"type":"LineString","coordinates":[[91.6800361,26.1810867],[91.680116,26.1811357],[91.6801614,26.1811969],[91.680398,26.1818142],[91.6804323,26.1818925],[91.6804511,26.1819289],[91.6805131,26.1820141],[91.6807004,26.1821954],[91.6808165,26.1822821],[91.6812648,26.1825885],[91.6814439,26.1827051],[91.6814995,26.1827401],[91.6816613,26.1828627],[91.6818059,26.1829853],[91.6821076,26.1832966],[91.6822478,26.1834434],[91.6823295,26.183517],[91.6824149,26.1835712],[91.6824965,26.1836009],[91.6825781,26.1836075],[91.6826095,26.183602],[91.6826625,26.1835926],[91.6827341,26.1835584],[91.6828,26.1835021],[91.682827,26.1834592],[91.6828313,26.1834524],[91.6828489,26.1833942],[91.6828473,26.1833473],[91.6826922,26.1827271],[91.682463,26.181856],[91.6822916,26.1811208],[91.6822802,26.1809676],[91.6822952,26.1808479],[91.6823134,26.1807595]]}},{"type":"Feature","properties":{"id":44641101,"highway":"secondary","name":null,"oneway":null,"junction":null},"geometry":{"type":"LineString","coordinates":[[91.6712558,26.1832481],[91.6710706,26.1832393],[91.6702668,26.1832043],[91.6697686,26.1832028],[91.6697003,26.1832191],[91.6696319,26.1832469],[91.6679414,26.1840247],[91.6678271,26.1840862],[91.6677601,26.1841323],[91.6677092,26.1842151],[91.6675988,26.1844243],[91.6675066,26.1846553],[91.6674288,26.1848281],[91.6673778,26.1848979]]}},{"type":"Feature","properties":{"id":44641105,"highway":"secondary","name":null,"oneway":null,"junction":null},"geometry":{"type":"LineString","coordinates":[[91.6719564,26.1832668],[91.6712558,26.1832481]]}},{"type":"Feature","properties":{"id":44641120,"highway":"secondary","name":null,"oneway":null,"junction":null},"geometry":{"type":"LineString","coordinates":[[91.6800361,26.1810867],[91.6783298,26.1817352],[91.6780503,26.1818492],[91.6779291,26.1819123],[91.6778719,26.1819521],[91.6778454,26.1819706],[91.6777544,26.1820887],[91.6775354,26.1824447],[91.677422,26.1826111],[91.6773776,26.1826648],[91.6773055,26.1827165],[91.6772092,26.1827682],[91.6769024,26.1829313],[91.676547,26.1830944],[91.6763949,26.1831683],[91.6763126,26.1831999],[91.6762343,26.1832267],[91.6760591,26.1832587],[91.6758617,26.183292],[91.6746449,26.1834532],[91.6741327,26.1835211],[91.673777,26.1835682],[91.673504,26.1835753],[91.6732961,26.1835332],[91.673225,26.1835103],[91.673099,26.1834441],[91.6728777,26.1833478],[91.6727633,26.1833081],[91.6727127,26.1832985],[91.6719564,26.1832668]]}},{"type":"Feature","properties":{"id":44641131,"highway":"trunk","name":null,"oneway":"yes","junction":null},"geometry":{"type":"LineString","coordinates":[[91.6711503,26.1897743],[91.6708555,26.1898056],[91.6706179,26.1897983],[91.670339,26.1897971],[91.6698267,26.1897586],[91.669541,26.1897189],[91.6693278,26.189678],[91.6692124,26.1896335],[91.6691186,26.1895757],[91.6690207,26.1895023],[91.6689348,26.1894217],[91.6688061,26.1893001],[91.668621,26.1891268],[91.6684158,26.1889283],[91.6681959,26.1887056],[91.6679867,26.1884986],[91.6678525,26.1883675],[91.6677144,26.1882327],[91.6674502,26.1879643],[91.6673563,26.1878355],[91.6673161,26.1877718],[91.6672853,26.1876779],[91.6672732,26.1875618],[91.6672745,26.1874583],[91.6672799,26.1873578],[91.6673054,26.1870569],[91.667362,26.1864314],[91.6674406,26.1855412],[91.6674663,26.1852589],[91.6674757,26.1851145],[91.667477,26.1849996],[91.6674717,26.1849352],[91.6674596,26.1848829],[91.6674288,26.1848281]]}},{"type":"Feature","properties":{"id":44641222,"highway":"secondary","name":null,"oneway":null,"junction":null},"geometry":{"type":"LineString","coordinates":[[91.7108509,26.187049],[91.710942,26.1872397],[91.7112016,26.1877611],[91.7119325,26.1892798],[91.7119564,26.1893295],[91.7120291,26.1894481],[91.7120734,26.189508],[91.7121586,26.1895634],[91.712557,26.1897504],[91.7135815,26.1901685],[91.714436,26.1905581],[91.7147899,26.1907179],[91.7149454,26.1907841],[91.715597,26.1910614],[91.716093,26.1912911],[91.7171278,26.1917641],[91.7172563,26.1918229],[91.7173093,26.1918412],[91.7172685,26.1920783]]}},{"type":"Feature","properties":{"id":44641257,"highway":"secondary","name":null,"oneway":null,"junction":null},"geometry":{"type":"LineString","coordinates":[[91.6800361,26.1810867],[91.6801167,26.1810324],[91.6802422,26.1809574],[91.6802937,26.1809182],[91.6803339,26.1808749],[91.6803726,26.1808271],[91.6804011,26.1807794],[91.6804218,26.1807252],[91.6804498,26.1806723],[91.680493,26.1806205],[91.6805478,26.1805836],[91.6807876,26.1804597],[91.6809076,26.1804088],[91.6809981,26.1803778],[91.6810757,26.1803572],[91.6811572,26.1803406],[91.6812476,26.1803355],[91.6813348,26.1803339],[91.681436,26.1803425],[91.6816136,26.1803756],[91.681809,26.1804202],[91.6819737,26.1804694],[91.6820513,26.1805039],[91.6821237,26.1805629],[91.6822513,26.1806932],[91.6823134,26.1807595],[91.6823906,26.1807893],[91.6831531,26.1808102],[91.6832338,26.1808189],[91.6833328,26.1808416],[91.6834678,26.1809043],[91.6835857,26.1809787],[91.6838432,26.1812175],[91.6841951,26.1815101],[91.6844429,26.18171],[91.6845883,26.1818173],[91.6847508,26.1819246],[91.6848921,26.1819869],[91.6850548,26.1820414],[91.6852914,26.1821031],[91.6855601,26.1821514],[91.6861281,26.1822254],[91.686523,26.1822536],[91.6875005,26.1822031],[91.6877056,26.1822129],[91.6878621,26.1822317],[91.6884947,26.1823239],[91.6887927,26.1823446],[91.6890649,26.1823468],[91.6894008,26.1823536],[91.6911713,26.182422],[91.6915964,26.1824291],[91.6920194,26.1824212],[91.6922437,26.1824081],[91.6924935,26.1823858],[91.6935591,26.1823101],[91.6940531,26.1822736],[91.6941479,26.1822731],[91.6942554,26.1822911],[91.6944204,26.1823452],[91.6946728,26.182452],[91.6948083,26.1825211],[91.6950913,26.1826655],[91.6952331,26.182738],[91.6953702,26.182808],[91.6956277,26.1829543],[91.696112,26.1832391],[91.6961887,26.1832812],[91.6963742,26.1833578],[91.6969363,26.1835613],[91.6973274,26.1837078],[91.697724,26.183851],[91.6986068,26.1841211],[91.6987937,26.1841837],[91.7012056,26.1850792],[91.7016513,26.1852406]]}},{"type":"Feature","properties":{"id":44642944,"highway":"trunk","name":null,"oneway":"yes","junction":null},"geometry":{"type":"LineString","coordinates":[[91.673761,26.1576138],[91.6731848,26.1575434],[91.6729125,26.1575385],[91.67271,26.1575397],[91.6722415,26.1575359],[91.6719121,26.1575265],[91.6717874,26.1575373],[91.6716814,26.1575554],[91.6715965,26.1575772]]}},{"type":"Feature","properties":{"id":44643106,"highway":"primary","name":null,"oneway":"yes","junction":null},"geometry":{"type":"LineString","coordinates":[[91.6888436,26.1587539],[91.6885318,26.1587188],[91.6883597,26.1586994],[91.6854654,26.15849],[91.6853661,26.1584828],[91.683846,26.1583712],[91.6832194,26.1583251],[91.6831963,26.1583258],[91.6831173,26.1583196],[91.6829434,26.158306],[91.6823522,26.1582652],[91.6820102,26.1582416],[91.6815989,26.1582133],[91.6809091,26.1581657],[91.6802458,26.1581096],[91.6801847,26.1581056],[91.679931,26.158089],[91.6798113,26.1580812],[91.6783818,26.1579876],[91.677324,26.1579184],[91.6754469,26.1577941],[91.67516,26.1577741],[91.6750062,26.1577653],[91.673761,26.1576138]]}},{"type":"Feature","properties":{"id":44643131,"highway":"primary","name":null,"oneway":"yes","junction":null},"geometry":{"type":"LineString","coordinates":[[91.6736528,26.1577198],[91.6741396,26.157773],[91.6749432,26.1578375],[91.6750163,26.1578434],[91.6752997,26.1578624],[91.6754762,26.1578793],[91.6765413,26.1579633],[91.6773545,26.1580302],[91.6781245,26.1580829],[91.6797821,26.1582061],[91.6807041,26.1582746],[91.6808303,26.1582864],[91.6808707,26.1582876],[91.680985,26.1582986],[91.6830957,26.1584229],[91.683186,26.1584262],[91.6853617,26.1585829],[91.6873554,26.1587237],[91.6883324,26.1587927],[91.6885181,26.1588149]]}},{"type":"Feature","properties":{"id":44643152,"highway":"primary","name":"Assam Trunk Road Flyover","oneway":"yes","junction":null},"geometry":{"type":"LineString","coordinates":[[91.6937658,26.1590721],[91.6935657,26.1590778],[91.6927026,26.1590508],[91.6919151,26.1590222],[91.6895931,26.158841],[91.6889435,26.1587651]]}},{"type":"Feature","properties":{"id":44645573,"highway":"secondary","name":null,"oneway":null,"junction":null},"geometry":{"type":"LineString","coordinates":[[91.7362056,26.2164642],[91.7361975,26.2165251],[91.7361644,26.2166159],[91.7360897,26.2167557],[91.7359969,26.2169003],[91.7346349,26.2188966],[91.7345668,26.2190487],[91.7345453,26.2191834],[91.7345495,26.2193037],[91.7345733,26.2195596],[91.7346305,26.2201755],[91.7347084,26.2210135],[91.7347133,26.2210607],[91.7347831,26.2217296],[91.7348778,26.2226374],[91.7348972,26.222823],[91.7349333,26.2230562],[91.734997,26.2233426],[91.7352802,26.2248164],[91.7352877,26.2248553],[91.7355117,26.2260212],[91.7356783,26.2268884],[91.7357588,26.2272699],[91.7360989,26.2288823],[91.7362388,26.2295453],[91.7362533,26.2296139],[91.736266,26.2296701],[91.7365452,26.2309074],[91.7366603,26.2314462],[91.7369681,26.2328863],[91.7370394,26.2332198],[91.7371803,26.2338793],[91.7377296,26.2363506],[91.7378852,26.2370623],[91.7381059,26.2380713],[91.7381674,26.2383523],[91.7382618,26.2387757],[91.7382913,26.2390904],[91.7382941,26.2393327],[91.7382704,26.2395841],[91.7382422,26.2397578],[91.7381808,26.2400335],[91.7381241,26.2402453],[91.7380714,26.2404827],[91.7380043,26.2407389],[91.7379651,26.2408612],[91.7377792,26.2414408],[91.7375231,26.2422392],[91.7372822,26.2430238],[91.7372445,26.2431801],[91.7372286,26.2433034],[91.7372232,26.2434521],[91.7372232,26.2435642],[91.7372661,26.2445342],[91.7372683,26.2449883],[91.7372483,26.2452745],[91.7372426,26.2453313],[91.7371468,26.2462951],[91.7369771,26.2478129],[91.7368539,26.2492412],[91.7366966,26.2508231],[91.7366424,26.2516858],[91.7365098,26.2527009],[91.7364106,26.2537552],[91.7363869,26.2539156],[91.7363694,26.2541862],[91.7361865,26.2558444],[91.7361671,26.2560207],[91.7359274,26.2580111],[91.7359179,26.2581349],[91.7357705,26.2589675],[91.7357674,26.2590888],[91.7357858,26.2592175],[91.7358137,26.2593444],[91.7358778,26.2595056],[91.736425,26.2609534],[91.7369291,26.262421],[91.7370154,26.2626803],[91.7371214,26.2630174],[91.7372132,26.2632731],[91.7374278,26.2641665],[91.7376683,26.2649441],[91.7377433,26.2652054],[91.7377983,26.2655332],[91.7378391,26.2656529],[91.7379105,26.2658069],[91.7380185,26.2659641],[91.7381315,26.2661117],[91.7382269,26.2662692],[91.7383954,26.2666242],[91.7384335,26.2667871],[91.738442,26.2669648],[91.7384077,26.2671418],[91.7380327,26.2679403],[91.7379475,26.2681381],[91.7378821,26.2684437],[91.737824,26.2689583],[91.7377662,26.2693729],[91.7377468,26.2695124],[91.7377291,26.2696923],[91.7377469,26.2698754],[91.7377633,26.2699284],[91.737844,26.2701899],[91.7380666,26.2706611],[91.7382344,26.2709363],[91.7382621,26.2710485],[91.7382967,26.2711533],[91.7383504,26.2712512],[91.7384372,26.2713355],[91.7385622,26.2714289],[91.7389398,26.2717136],[91.7392574,26.2720446],[91.7396238,26.2724809],[91.739781,26.272668],[91.7399248,26.2728602],[91.7402101,26.273353],[91.7405153,26.2738744],[91.7406323,26.2740672],[91.7407471,26.2742145],[91.7410631,26.2745151],[91.7412573,26.2746998],[91.7413838,26.2747888],[91.7415715,26.2748987],[91.7425045,26.275253],[91.7426116,26.2753025],[91.7427099,26.2753651],[91.7429653,26.2755618],[91.7432829,26.2758466],[91.7435404,26.2760313],[91.7438086,26.2762025],[91.7439963,26.2763253],[91.7445903,26.2768818],[91.7446648,26.2769548],[91.7447548,26.2770544],[91.7448279,26.2771701],[91.744881,26.2773037],[91.7450757,26.2779284],[91.7451688,26.2781732],[91.7452468,26.2783117],[91.7453772,26.2784878],[91.7454877,26.2786035],[91.7456384,26.2787326],[91.7457853,26.2788715],[91.7458992,26.2790181],[91.7459951,26.2791203],[91.7461641,26.2793367],[91.7463518,26.2796065],[91.7467075,26.2802025],[91.7468792,26.2805258],[91.7470251,26.2809029],[91.747215,26.281503],[91.7472573,26.2816338],[91.7472893,26.2817613],[91.7473111,26.28191],[91.7473407,26.2820787],[91.7473592,26.282172],[91.7473861,26.28224],[91.7474291,26.2823143],[91.7474949,26.282389],[91.7477411,26.2826306],[91.7478261,26.2827182],[91.747896,26.282808],[91.7479762,26.2829278],[91.748078,26.2830795],[91.7481836,26.283239],[91.7482613,26.2833299],[91.7483487,26.2834125],[91.7484412,26.283496],[91.7485147,26.2835613],[91.7485626,26.2836143],[91.7486047,26.2836765],[91.7486368,26.283744],[91.7486646,26.2838084],[91.7486989,26.2839195],[91.7487063,26.2840001],[91.7487138,26.2840852],[91.7487291,26.2841359],[91.7487604,26.2841854],[91.748803,26.2842329],[91.748859,26.2842818],[91.7489377,26.2843303],[91.7492281,26.2844697],[91.7494077,26.2845559],[91.7495925,26.2846562],[91.7497884,26.2847788],[91.7500637,26.2849574],[91.7501962,26.2850478],[91.7502935,26.28513],[91.7503552,26.2851903],[91.7503982,26.2852538],[91.7504261,26.285327],[91.750443,26.2854061],[91.7504527,26.2854948],[91.7504544,26.2856012],[91.7504486,26.2858469],[91.7504319,26.28601],[91.7504127,26.2861087],[91.7503879,26.2862024],[91.7503391,26.2862973],[91.7502018,26.2864837],[91.750171,26.2865523],[91.7501531,26.2866229],[91.7501352,26.2867406],[91.7501327,26.2868675],[91.7501361,26.2869235],[91.7501462,26.286975],[91.7501701,26.2870326],[91.7502013,26.2870767],[91.7502435,26.2871179],[91.750349,26.2872074],[91.7504158,26.2872688],[91.7504804,26.2873376],[91.7505332,26.2874133],[91.7505747,26.2874916],[91.7506196,26.2875802],[91.7506646,26.2876365],[91.7507375,26.2876926],[91.750833,26.2877385],[91.7509509,26.2877872],[91.7510369,26.2878262],[91.7511143,26.2878766],[91.7511918,26.2879537],[91.7512815,26.2880853],[91.7513448,26.2881544],[91.7514123,26.2882078],[91.7516861,26.2883648],[91.7517392,26.2883795],[91.7517923,26.2883821],[91.7518562,26.2883751],[91.7519832,26.2883629],[91.7520609,26.2883603],[91.752137,26.2883656],[91.7522112,26.2883854],[91.7522904,26.2884186],[91.7523545,26.2884618],[91.7524216,26.2885277],[91.7524757,26.288599],[91.7526048,26.2887585],[91.7526589,26.2888009],[91.7527272,26.2888387],[91.7528004,26.2888684],[91.7528876,26.288881],[91.7529959,26.2888756],[91.7531628,26.2888382],[91.7532827,26.2888062],[91.7534126,26.2887778],[91.7535417,26.2887591],[91.7536938,26.2887431],[91.7538787,26.2887399],[91.7540538,26.2887422],[91.7542205,26.2887389],[91.7543982,26.2887311],[91.7550871,26.2886738],[91.7552209,26.2886619],[91.7553639,26.2886591],[91.7555353,26.2886735],[91.7558399,26.2887405],[91.7559902,26.2887716],[91.7561226,26.2887944],[91.7562088,26.2888063],[91.7563007,26.2888112],[91.7564076,26.2888097],[91.7565541,26.2888075],[91.756639,26.2888095],[91.7567166,26.288824],[91.7567924,26.2888573],[91.7568653,26.2889229],[91.7569579,26.2890258],[91.7570025,26.2890622],[91.757065,26.2890886],[91.7571404,26.289105],[91.7572854,26.2891168],[91.7576834,26.2891699],[91.7579021,26.2892032],[91.758092,26.2892357],[91.7582978,26.2892863],[91.7585204,26.2893585],[91.7587397,26.2894488],[91.7588882,26.2895033],[91.7590407,26.2895384],[91.7598483,26.289674],[91.7600702,26.289713],[91.760202,26.2897366],[91.760337,26.289772],[91.7604368,26.2898067],[91.7605532,26.2898586],[91.7610717,26.290174],[91.7613589,26.2903689],[91.7615077,26.2904783],[91.7615863,26.2905296],[91.7616634,26.2905606],[91.7617491,26.2905789],[91.7618426,26.2905847],[91.7623974,26.2905742],[91.7625148,26.2905789],[91.7626178,26.2905871],[91.7627294,26.2906029],[91.7633108,26.2907108],[91.7634483,26.2907278],[91.7636037,26.2907341],[91.763752,26.2907224],[91.7638919,26.2907075],[91.7639882,26.2907028],[91.7640948,26.290709],[91.7641942,26.2907195],[91.765005,26.2908467],[91.7651786,26.2908722],[91.7653597,26.290892],[91.7655493,26.2909126],[91.7660822,26.2909841],[91.7663328,26.2910743],[91.7665325,26.2911906],[91.7667468,26.2913566],[91.7672932,26.2919914],[91.767523,26.292218],[91.7677934,26.2924336],[91.7680409,26.2926173],[91.7682406,26.2928344],[91.7688271,26.2937383],[91.7692139,26.2943294],[91.769469,26.2946971],[91.7695642,26.294804],[91.7696034,26.2948402],[91.7696458,26.2948795],[91.7697932,26.2949942],[91.7699255,26.2950826],[91.7701999,26.2952476],[91.7707897,26.2955712],[91.7714156,26.2959045],[91.7737812,26.2971929],[91.7740405,26.2973419],[91.774282,26.2974736],[91.774602,26.2976564],[91.7748694,26.2978183],[91.7750013,26.2979056],[91.7751253,26.2979952],[91.7752601,26.2981051],[91.7754076,26.2982281],[91.7755457,26.2983415],[91.7756454,26.2984153],[91.7757701,26.298488],[91.7759025,26.2985531],[91.7762661,26.298709],[91.7771694,26.2991352],[91.7774453,26.2992541],[91.77843,26.2996563],[91.7785468,26.2997064],[91.7786446,26.2997551],[91.7787453,26.2998174],[91.7788349,26.2998831],[91.7788859,26.2999333],[91.7789358,26.2999824],[91.7789996,26.3000692],[91.7790635,26.300186],[91.7791174,26.3003229],[91.7791935,26.3005693],[91.7792644,26.3007964],[91.7793353,26.3010037],[91.779418,26.3012137],[91.7795964,26.3016665],[91.7798503,26.3023003],[91.7798948,26.3024101],[91.7801137,26.3029658],[91.780366,26.3035897],[91.7805862,26.3041762],[91.7808299,26.3048073],[91.7809517,26.3051011],[91.7810676,26.3054047],[91.7811234,26.305541],[91.7811878,26.3056546],[91.7812512,26.305747],[91.7813231,26.3058242],[91.7813842,26.3058896],[91.7814428,26.3059592],[91.7819132,26.3065571],[91.7819808,26.3066436],[91.7824496,26.3073032],[91.7830796,26.3081897],[91.7833222,26.3085306],[91.7847714,26.310567],[91.7854861,26.3115307],[91.7855484,26.3116135],[91.7862154,26.3125671],[91.7867272,26.3132538],[91.7883666,26.3154952],[91.7891952,26.316668],[91.7900193,26.3179386],[91.7902677,26.3182799],[91.7905048,26.3186058],[91.7906374,26.3187881],[91.7907581,26.3189597],[91.7908599,26.3191427],[91.7909258,26.319416],[91.7909693,26.3196695],[91.7910247,26.3199922],[91.7910907,26.3201979],[91.7911839,26.3204132],[91.7912675,26.3205655],[91.7915109,26.3209229],[91.7915373,26.320984],[91.791556,26.3210666],[91.7915547,26.3211571],[91.7915305,26.3212629],[91.7912489,26.321888],[91.7911864,26.3221068],[91.7910789,26.3226985],[91.7910156,26.3230924],[91.790986,26.3231884],[91.7909244,26.3232535],[91.7908516,26.3232899],[91.7907327,26.3233069],[91.7899405,26.3233573],[91.7898278,26.3233728],[91.7895911,26.3234052],[91.7892364,26.3234565],[91.7873176,26.323639],[91.7870218,26.3237295],[91.7868179,26.3238317],[91.7866737,26.323976],[91.7865497,26.3242395],[91.7861624,26.3250299],[91.7856844,26.3257463],[91.7855005,26.3259501],[91.7852017,26.3262366],[91.785033,26.3263799],[91.7849046,26.3265546],[91.7848197,26.3267145],[91.7847696,26.3268912],[91.7847367,26.3272015],[91.7846771,26.3275883],[91.784649,26.3279113],[91.7846487,26.3281583],[91.7846447,26.3305617],[91.7846318,26.3307263],[91.7846049,26.3308944],[91.7845733,26.3310133],[91.7845327,26.3311214],[91.7842521,26.3317088],[91.784167,26.3318987],[91.7841083,26.3320905],[91.7840609,26.3322836],[91.7840126,26.3325093],[91.7839537,26.3328068],[91.7839178,26.3329586],[91.783871,26.3331026],[91.7838338,26.3332466],[91.7837855,26.3333892],[91.7836791,26.3336837],[91.7835633,26.334038],[91.7834555,26.3343877],[91.783321,26.3348777],[91.7831947,26.3353177],[91.7831306,26.3354935],[91.7830641,26.3356434],[91.7829706,26.3357741],[91.7828787,26.3358724],[91.7827271,26.3359748],[91.7819143,26.3364492],[91.781801,26.3365452],[91.7817255,26.3366522],[91.7816636,26.3367682],[91.7816172,26.3368733],[91.7815826,26.3370009],[91.7814937,26.3373774],[91.7813529,26.3378994],[91.7812991,26.3380709],[91.7812385,26.3382394],[91.7811611,26.3384131],[91.7805705,26.3397225],[91.7802611,26.3403906],[91.7802186,26.340494],[91.7801777,26.3406185],[91.7801443,26.3407453],[91.7801159,26.3408766],[91.7800928,26.3410154],[91.780064,26.3412328],[91.7800179,26.3415802],[91.7799683,26.3419676],[91.7798418,26.3429908],[91.7797727,26.3435457],[91.779467,26.3458365],[91.7792488,26.347212]]}},{"type":"Feature","properties":{"id":44645698,"highway":"residential","name":null,"oneway":null,"junction":null},"geometry":{"type":"LineString","coordinates":[[91.729962,26.2198432],[91.7327171,26.2186112],[91.7330433,26.2184187],[91.7334177,26.2181745],[91.7360302,26.2164705],[91.7361246,26.216432],[91.7362056,26.2164642]]}},{"type":"Feature","properties":{"id":44645792,"highway":"residential","name":null,"oneway":null,"junction":null},"geometry":{"type":"LineString","coordinates":[[91.729556,26.2021102],[91.7286421,26.2018731],[91.7281904,26.2017663],[91.7275865,26.2015986],[91.7272015,26.2014833],[91.7262994,26.2012027],[91.7252738,26.2009003],[91.7246678,26.2007151],[91.7234299,26.2004008]]}},{"type":"Feature","properties":{"id":44645794,"highway":"residential","name":null,"oneway":null,"junction":null},"geometry":{"type":"LineString","coordinates":[[91.7156368,26.1980966],[91.717132,26.1977141],[91.7180147,26.1974882],[91.7185816,26.1973432],[91.7188256,26.1972808],[91.7197309,26.1970492],[91.7199455,26.1970492],[91.7201429,26.19708],[91.7207584,26.197304],[91.7213703,26.1975267],[91.7214291,26.1975491],[91.7220569,26.1977885],[91.7224893,26.1979274],[91.7225414,26.1979442],[91.7228871,26.1980552],[91.723086,26.1981039],[91.7233197,26.198161],[91.7235494,26.1982012],[91.7237987,26.1982449],[91.7255842,26.1983832]]}},{"type":"Feature","properties":{"id":44645880,"highway":"tertiary","name":null,"oneway":null,"junction":null},"geometry":{"type":"LineString","coordinates":[[91.7261597,26.2235776],[91.7259365,26.2234236],[91.7258518,26.2233356],[91.7257734,26.2232542],[91.7257133,26.2230694],[91.7255846,26.2228846],[91.7253958,26.2227999],[91.7251211,26.2226998],[91.7247864,26.2226459],[91.724486,26.2226228],[91.7239366,26.2225766],[91.7233873,26.2224688],[91.7232328,26.2224765],[91.7231212,26.2224996],[91.723044,26.2225997],[91.7229854,26.2227251],[91.7229324,26.2228384],[91.7228123,26.2229231],[91.7223574,26.2230309],[91.7221771,26.2231387],[91.7218252,26.2233697],[91.7216965,26.2234236],[91.7214647,26.2234544],[91.7212587,26.2234467],[91.7210184,26.2233543],[91.720718,26.2232388],[91.7202888,26.2231541],[91.7199541,26.2231464],[91.7198666,26.223159],[91.7194734,26.2232157],[91.7190014,26.2232157],[91.7189155,26.2232388],[91.7188125,26.2233235],[91.7186924,26.2236007],[91.7185465,26.2237854],[91.7184263,26.2238393],[91.7183147,26.2238316],[91.7178598,26.2237085],[91.7173191,26.2236238],[91.7171903,26.2235314],[91.7171474,26.2233928],[91.7170359,26.2233004],[91.7168985,26.2232311],[91.7161089,26.223131],[91.7160488,26.2230848],[91.7159887,26.2230001],[91.7158857,26.2226613],[91.71586,26.222592],[91.715826,26.2225707],[91.7157741,26.2225381],[91.7155939,26.2225381],[91.7151733,26.2225612],[91.71483,26.2225612],[91.7141519,26.2224534],[91.711371,26.2220607],[91.7098846,26.2218339],[91.7088476,26.2216757],[91.707852,26.2214293],[91.7075436,26.2213861],[91.7073027,26.2213523]]}},{"type":"Feature","properties":{"id":44898808,"highway":"tertiary","name":"Pandu Kamakhya Road","oneway":"no","junction":null},"geometry":{"type":"LineString","coordinates":[[91.6872003,26.1672607],[91.6871994,26.1674984],[91.6872476,26.1677235],[91.6873193,26.1678804],[91.6873467,26.1679403],[91.6875018,26.1681319],[91.6879141,26.168454],[91.6882953,26.1687419],[91.6891778,26.1693493],[91.6898131,26.1697508],[91.6899367,26.1698289],[91.6901606,26.1699944],[91.6907821,26.1704539],[91.6909673,26.170584],[91.6910344,26.1706413],[91.691102,26.1707072],[91.6911338,26.1707411],[91.6912169,26.1708297],[91.691434,26.171117],[91.6914734,26.1711691],[91.691524,26.1712192],[91.6915855,26.1712661],[91.6916682,26.1713169],[91.691769,26.1713677],[91.6918758,26.1714106],[91.6919917,26.1714454],[91.6922165,26.171484],[91.6924757,26.1715111],[91.692606,26.1715188],[91.6927516,26.1715128],[91.6930628,26.1714788],[91.6932388,26.1714338],[91.6933033,26.1714131],[91.6933636,26.1713808],[91.6934179,26.171344],[91.6934658,26.1713072],[91.6935342,26.1712357],[91.6936,26.1711712],[91.6936543,26.1711396],[91.6937162,26.1711148],[91.6939008,26.1710685],[91.6941034,26.1710424],[91.6944456,26.170974],[91.6945429,26.1709678],[91.6946698,26.1709825],[91.6948074,26.1710166],[91.6949113,26.1710468],[91.6950067,26.1710664],[91.6951242,26.1710722],[91.6952741,26.17107],[91.6953925,26.1710752],[91.6955392,26.1710821],[91.6957523,26.1710939],[91.6960365,26.171137],[91.6961417,26.1711421],[91.6962355,26.1711358],[91.6963299,26.1711113],[91.696432,26.1710707],[91.6965724,26.1709942],[91.6967361,26.1709375],[91.6969032,26.1708658],[91.6971248,26.1707226],[91.6973175,26.170588],[91.6974684,26.1704369],[91.6976202,26.1703287],[91.6978331,26.1702242],[91.698214,26.1701174],[91.6987151,26.1700983],[91.6989106,26.1700891],[91.6990389,26.1700597],[91.6991417,26.1700021],[91.6991997,26.1699299],[91.6992506,26.1698367],[91.699273,26.1697526],[91.6992695,26.1696514],[91.6992497,26.1695502],[91.6991693,26.1693916],[91.6989203,26.1689051],[91.6989296,26.1687825],[91.6989924,26.1686765],[91.6999403,26.1679165],[91.7000236,26.1678014],[91.6999883,26.1676961],[91.6996911,26.1672402],[91.6996122,26.1670528],[91.6996309,26.1668771],[91.69974,26.1667072],[91.700035,26.1665275],[91.7003432,26.1663834],[91.7008197,26.1661818],[91.7012464,26.1659786],[91.7013581,26.1658936],[91.7014205,26.165777],[91.7014352,26.1654961],[91.7015252,26.1652547],[91.7016483,26.1650371],[91.7018261,26.1648512],[91.7022059,26.1646485],[91.7026406,26.164464],[91.7027852,26.1643896],[91.7029735,26.1642378],[91.7030413,26.1639957],[91.7030395,26.1637418],[91.7029948,26.1634208],[91.7029724,26.1633049],[91.7030029,26.1631949],[91.7030706,26.1631084],[91.7034054,26.1629554],[91.7035417,26.1629507],[91.7036871,26.1630082],[91.7039549,26.163215],[91.7041012,26.1632817],[91.7042835,26.1633418],[91.7043757,26.163379],[91.7044547,26.1634577],[91.7045039,26.163581],[91.7045532,26.163639],[91.7047707,26.1636362],[91.704896,26.1636704],[91.704995,26.1637244],[91.7049962,26.1638352],[91.7049457,26.1639298],[91.7048844,26.1640834],[91.704877,26.1641923],[91.7048812,26.1642549],[91.7049084,26.1642957],[91.7049482,26.1643113],[91.7049925,26.1642948],[91.7050229,26.164267],[91.7050442,26.1641352],[91.7051388,26.1640175],[91.7052215,26.1640123],[91.7053217,26.1639893],[91.7062776,26.1641538],[91.7066836,26.1642038],[91.7069881,26.1641979],[91.7070652,26.1641238],[91.7070904,26.1640081],[91.7070595,26.1638948],[91.7070252,26.1637594]]}},{"type":"Feature","properties":{"id":44898849,"highway":"tertiary","name":null,"oneway":"no","junction":null},"geometry":{"type":"LineString","coordinates":[[91.6946972,26.1614116],[91.694675,26.1614782],[91.6946172,26.1617067],[91.6945428,26.1621365],[91.6944904,26.1624386],[91.6944487,26.1626192],[91.6943693,26.1629626],[91.6943402,26.1630886],[91.6942521,26.1632738],[91.6941793,26.1634425],[91.6938762,26.1637429],[91.6938467,26.1637482],[91.6934016,26.1640156],[91.6928973,26.1642371],[91.6925701,26.1644007],[91.6924185,26.1644428],[91.6920398,26.1645393],[91.6908351,26.1648005],[91.690773,26.1648148],[91.6906283,26.1648709],[91.6905791,26.1648899],[91.6903219,26.1649895],[91.6899226,26.165144],[91.6896787,26.1652385],[91.6892205,26.1654244],[91.6888336,26.1655814],[91.6881123,26.1658741],[91.6877475,26.1660474],[91.6875866,26.1661629],[91.6875276,26.166244],[91.6874552,26.1663435],[91.6874368,26.166407],[91.687317,26.1668224],[91.6872003,26.1672607],[91.6870769,26.1676458],[91.6869648,26.1680274],[91.6869482,26.168084],[91.6868174,26.1686745],[91.6867336,26.1692539],[91.6866886,26.1696762],[91.6865888,26.1701301],[91.6865437,26.1703343],[91.6864633,26.1707077],[91.6862674,26.1714509]]}},{"type":"Feature","properties":{"id":51188923,"highway":"residential","name":null,"oneway":null,"junction":null},"geometry":{"type":"LineString","coordinates":[[91.7445979,26.1850221],[91.7437534,26.1848328],[91.7436421,26.1848119],[91.7428054,26.1846165]]}},{"type":"Feature","properties":{"id":51188924,"highway":"residential","name":null,"oneway":null,"junction":null},"geometry":{"type":"LineString","coordinates":[[91.7378712,26.1831339],[91.7391013,26.1824986],[91.7393427,26.182397],[91.7405506,26.1818889]]}},{"type":"Feature","properties":{"id":51188925,"highway":"residential","name":null,"oneway":null,"junction":null},"geometry":{"type":"LineString","coordinates":[[91.7421853,26.1860312],[91.7428054,26.1846165],[91.7430936,26.1839588],[91.7434434,26.1831207],[91.7438104,26.1822414],[91.7439951,26.1818559]]}},{"type":"Feature","properties":{"id":51188929,"highway":"tertiary","name":"Hem Baruah Road","oneway":"yes","junction":null},"geometry":{"type":"LineString","coordinates":[[91.7421853,26.1860312],[91.7413548,26.1855511],[91.7410969,26.1853291],[91.7407321,26.1848285],[91.7405282,26.1842412],[91.7406012,26.183242]]}},{"type":"Feature","properties":{"id":51188931,"highway":"residential","name":"Collegiate School Road","oneway":null,"junction":null},"geometry":{"type":"LineString","coordinates":[[91.7444417,26.1886374],[91.7445477,26.1880559],[91.7447251,26.1874591],[91.7447801,26.1873547],[91.7448442,26.1871847]]}},{"type":"Feature","properties":{"id":51188932,"highway":"tertiary","name":"Motilal Nehru Road","oneway":"yes","junction":null},"geometry":{"type":"LineString","coordinates":[[91.745363,26.1831866],[91.7451832,26.1835576],[91.7449977,26.1840087],[91.7449183,26.1842203],[91.7445979,26.1850221],[91.7444586,26.1853738],[91.7438667,26.1868182],[91.7437262,26.1871886],[91.7436721,26.1873311],[91.7435465,26.1876623],[91.7433312,26.1882299]]}},{"type":"Feature","properties":{"id":51189489,"highway":"residential","name":null,"oneway":null,"junction":null},"geometry":{"type":"LineString","coordinates":[[91.7328893,26.1708096],[91.732073,26.1727035],[91.7320442,26.1727704],[91.7320302,26.1728011],[91.731888,26.1731128],[91.7317557,26.1734268],[91.731186,26.1747072]]}},{"type":"Feature","properties":{"id":51189490,"highway":"residential","name":null,"oneway":null,"junction":null},"geometry":{"type":"LineString","coordinates":[[91.7312703,26.1655693],[91.7315867,26.1657306],[91.731644,26.1657626],[91.7316624,26.1657965],[91.731665,26.1658663],[91.7316636,26.1659167],[91.7316436,26.1661061],[91.7316062,26.1666258],[91.7315394,26.1671866],[91.7315336,26.1672404]]}},{"type":"Feature","properties":{"id":51189491,"highway":"residential","name":null,"oneway":null,"junction":null},"geometry":{"type":"LineString","coordinates":[[91.7349532,26.1792378],[91.7350323,26.1791895],[91.7357999,26.1787023],[91.7361864,26.1784548],[91.7374959,26.1775326],[91.737964,26.177203],[91.7381476,26.1770784],[91.7389555,26.1765299],[91.7389288,26.1764359],[91.7382724,26.1757922],[91.7382585,26.1756249],[91.7380253,26.1755843],[91.7360033,26.1749064]]}},{"type":"Feature","properties":{"id":51189494,"highway":"residential","name":null,"oneway":null,"junction":null},"geometry":{"type":"LineString","coordinates":[[91.7373237,26.1823657],[91.7381002,26.1819211],[91.7390902,26.1813461],[91.7392463,26.1812525],[91.7399682,26.1808197],[91.7404488,26.1804895],[91.7414359,26.179764],[91.7415512,26.1796803],[91.7415958,26.1796479],[91.7423445,26.1791046],[91.742406,26.1790512],[91.7430042,26.1785314]]}},{"type":"Feature","properties":{"id":51189498,"highway":"secondary","name":"Fatasil Main Road","oneway":"no","junction":null},"geometry":{"type":"LineString","coordinates":[[91.7336206,26.1585304],[91.7336541,26.1586549],[91.7338101,26.1592113],[91.7338978,26.1595239],[91.7339123,26.159669],[91.7339622,26.1601691],[91.7339622,26.1605254],[91.7341061,26.160754],[91.7342152,26.1609273],[91.7342411,26.1609684],[91.7343847,26.1611054],[91.7344793,26.1611955],[91.7345845,26.1612958],[91.7347668,26.1617484],[91.734794,26.1618516],[91.734809,26.1619084],[91.7348634,26.1621143],[91.734917,26.1623743],[91.7351032,26.1625732],[91.7351424,26.1626151],[91.7355021,26.1629086],[91.7359685,26.1632891],[91.736472,26.1636577],[91.7365198,26.1636932],[91.7365512,26.1637291],[91.7365721,26.1637714],[91.7365842,26.1638099],[91.7365989,26.163881],[91.7366654,26.1643665],[91.7367712,26.1652119],[91.7368053,26.1654847],[91.7367275,26.1660364],[91.736698,26.1662454],[91.7366314,26.16724],[91.7366381,26.1673331],[91.7366632,26.1676797]]}},{"type":"Feature","properties":{"id":51189499,"highway":"unclassified","name":null,"oneway":"no","junction":null},"geometry":{"type":"LineString","coordinates":[[91.7306588,26.1742353],[91.7308381,26.1744458],[91.731186,26.1747072],[91.7319497,26.1752727],[91.7327305,26.1757853],[91.7338227,26.1765836],[91.7345378,26.1770449],[91.7347226,26.1772517]]}},{"type":"Feature","properties":{"id":51189500,"highway":"service","name":null,"oneway":null,"junction":null},"geometry":{"type":"LineString","coordinates":[[91.7406557,26.1857656],[91.7407456,26.1857151],[91.7407899,26.1856717],[91.740822,26.1856176],[91.7408167,26.1855454],[91.7408328,26.185502],[91.7408837,26.1854551],[91.7410085,26.1854034],[91.7410969,26.1853291]]}},{"type":"Feature","properties":{"id":98720787,"highway":"primary","name":"Mahatma Gandhi Road","oneway":"yes","junction":null},"geometry":{"type":"LineString","coordinates":[[91.7414685,26.187454],[91.7410528,26.1872227],[91.7406832,26.1870093],[91.7406731,26.1870034],[91.7404596,26.1868274],[91.7404328,26.1867899],[91.7402056,26.1864726],[91.7391741,26.1851399],[91.7385307,26.184173],[91.7378712,26.1831339],[91.7373237,26.1823657],[91.7371042,26.182039],[91.7369156,26.1817583],[91.7367273,26.1815057],[91.7367065,26.1814772],[91.7364512,26.1811274],[91.7358067,26.1802217],[91.7355238,26.1798446],[91.7350323,26.1791895],[91.7340979,26.1780893],[91.7339972,26.1779537],[91.7330697,26.176886],[91.7323536,26.1762012],[91.7307579,26.1747858],[91.7306512,26.1745881],[91.7306288,26.1744609],[91.7306588,26.1742353],[91.7307679,26.1734015],[91.7307693,26.1733685]]}},{"type":"Feature","properties":{"id":114812766,"highway":"tertiary","name":null,"oneway":null,"junction":null},"geometry":{"type":"LineString","coordinates":[[91.7363496,26.1749602],[91.7360195,26.1748244],[91.7340152,26.1741763],[91.7331496,26.1739121],[91.7317557,26.1734268],[91.7310743,26.1732305]]}},{"type":"Feature","properties":{"id":114812771,"highway":"tertiary","name":null,"oneway":null,"junction":null},"geometry":{"type":"LineString","coordinates":[[91.7410005,26.1769284],[91.7405123,26.1765113],[91.7401389,26.1762243],[91.7398979,26.1761072],[91.7396568,26.176025],[91.7390759,26.1758634],[91.7377097,26.1754043],[91.7363496,26.1749602]]}},{"type":"Feature","properties":{"id":114812790,"highway":"tertiary","name":null,"oneway":null,"junction":null},"geometry":{"type":"LineString","coordinates":[[91.6861254,26.1717709],[91.6860586,26.1717776],[91.6859683,26.1717776],[91.6857537,26.1717693],[91.6856451,26.171759],[91.6855366,26.1717475],[91.6837134,26.1714135],[91.6836641,26.1713719],[91.683639,26.1713276],[91.6836291,26.1712863],[91.6836284,26.1712315],[91.6837726,26.1703595],[91.6838244,26.170084],[91.6838789,26.1697933],[91.6838919,26.1697639],[91.6840976,26.1694083],[91.6842605,26.1691777],[91.6842874,26.1691333],[91.684332,26.1690764],[91.6843182,26.1689969],[91.6843047,26.1689195],[91.6842886,26.1688473],[91.6841667,26.1688463],[91.6840636,26.1688502],[91.6839364,26.1688539],[91.683567,26.1688301],[91.6823947,26.1687381]]}},{"type":"Feature","properties":{"id":114812791,"highway":"primary","name":"Maligaon Flyover","oneway":"yes","junction":null},"geometry":{"type":"LineString","coordinates":[[91.715845,26.1642766],[91.71563,26.1641227],[91.7151233,26.1637392],[91.7150332,26.1636623],[91.7148868,26.1635534],[91.714013,26.1628777],[91.7131979,26.1622669],[91.7131246,26.1622173],[91.7130502,26.1621628],[91.7124901,26.1617493],[91.7121111,26.1615006],[91.7118418,26.1613596],[91.7114897,26.1612422],[91.7110633,26.161143],[91.7109041,26.1611002],[91.7101135,26.1608969],[91.7094716,26.1607179],[91.7088648,26.1605262],[91.7079204,26.1602364],[91.7072025,26.1600763],[91.7069668,26.1600331],[91.7068944,26.1600242],[91.7063312,26.1599542],[91.7055934,26.1598747],[91.7048458,26.159793],[91.7047628,26.1597836],[91.7043569,26.1597374],[91.7032693,26.1596098],[91.7021938,26.1594931],[91.7013414,26.1594022],[91.7006467,26.1593262],[91.7005524,26.1593188],[91.7004998,26.1593142],[91.6993387,26.1592131],[91.6977483,26.1590889],[91.6974623,26.1590664],[91.6969263,26.1590366],[91.6966699,26.1590305],[91.6961721,26.1590256],[91.6956855,26.1590363],[91.6947656,26.1590652],[91.6940223,26.1590647]]}},{"type":"Feature","properties":{"id":114813576,"highway":"unclassified","name":null,"oneway":null,"junction":null},"geometry":{"type":"LineString","coordinates":[[91.7002234,26.1908018],[91.7000763,26.1907427],[91.6999953,26.1907231],[91.6999097,26.1907219],[91.699329,26.1908101],[91.6986129,26.190941],[91.6984214,26.1909681],[91.6982902,26.1911091],[91.698252,26.1913382],[91.6982288,26.1915019],[91.6979661,26.1915062],[91.6976335,26.1915182],[91.6958217,26.1915455],[91.6944051,26.1915929],[91.691725,26.1916057],[91.6915595,26.1915847],[91.6911825,26.1920338],[91.690664,26.1924925],[91.6903891,26.1928802],[91.6903741,26.1929105],[91.6900666,26.1935297],[91.6899472,26.1937701],[91.6896133,26.1941842],[91.6891898,26.1946407],[91.6887135,26.1951541],[91.6883577,26.1955376],[91.688052,26.1958671],[91.6875611,26.196105],[91.687402,26.1961487]]}},{"type":"Feature","properties":{"id":114813577,"highway":"service","name":null,"oneway":null,"junction":null},"geometry":{"type":"LineString","coordinates":[[91.6966182,26.181969],[91.696496,26.1823615],[91.6964691,26.1824555],[91.6964551,26.1825496],[91.6964388,26.1826359],[91.6964053,26.1827222],[91.6961519,26.1831463],[91.696112,26.1832391]]}},{"type":"Feature","properties":{"id":121436089,"highway":"service","name":null,"oneway":null,"junction":null},"geometry":{"type":"LineString","coordinates":[[91.6944051,26.1915929],[91.6944115,26.1940204],[91.6944888,26.1950461],[91.6944711,26.1959527],[91.6941556,26.1960486],[91.6940361,26.196138],[91.6939764,26.1963346],[91.6940062,26.196549],[91.6939166,26.1966831],[91.6929903,26.1974159],[91.6929605,26.1976304],[91.6929897,26.1977877],[91.6930103,26.1978985],[91.6931198,26.1981397],[91.693329,26.1982649],[91.6935182,26.1984525],[91.6936776,26.1987474],[91.6938105,26.1991642],[91.6938203,26.1992491],[91.6938007,26.1994717],[91.6938301,26.1995507],[91.6939541,26.1996005],[91.6941825,26.1996386],[91.6943849,26.1996591],[91.6945905,26.1996357],[91.694783,26.1995712],[91.694969,26.1994717],[91.6950702,26.1993341],[91.6950898,26.1991876],[91.6950767,26.1990149],[91.6950833,26.1988831],[91.6951524,26.1987868],[91.6954912,26.198315],[91.6955826,26.1980954],[91.6956315,26.1979255],[91.6956609,26.1976444],[91.6956544,26.1974482],[91.6955793,26.1972198],[91.6953705,26.1968011],[91.6951877,26.1964438],[91.6950898,26.1964145],[91.6949266,26.1963969],[91.69477,26.1963501],[91.6946394,26.1962798],[91.6945676,26.1961627],[91.6944697,26.1960602],[91.6944711,26.1959527]]}},{"type":"Feature","properties":{"id":121436091,"highway":"service","name":null,"oneway":null,"junction":null},"geometry":{"type":"LineString","coordinates":[[91.6944115,26.1940204],[91.6938694,26.1940025],[91.693451,26.1939757],[91.6933614,26.1938506],[91.6933017,26.1937434],[91.6931323,26.1936272],[91.6928933,26.1934663],[91.6927638,26.1933412],[91.692724,26.192948],[91.692475,26.1928944],[91.6921065,26.1928229],[91.6918774,26.1927603],[91.6915687,26.1927603],[91.69123,26.1928229],[91.6911404,26.1930731],[91.6910707,26.1933859],[91.6911803,26.1935646],[91.6914193,26.1937076],[91.6915687,26.1938059],[91.6915288,26.1939757],[91.6912699,26.1941098],[91.6910408,26.1943779],[91.6909113,26.1946013],[91.6908217,26.1948962],[91.6908317,26.1951464],[91.6908715,26.1952984],[91.6910236,26.1952843],[91.6911409,26.1952294],[91.6912174,26.1951928],[91.6913551,26.1952019],[91.6914825,26.1952385],[91.6916151,26.1952157],[91.6917375,26.1951699],[91.691865,26.1952019],[91.6918905,26.19533],[91.6918905,26.195449],[91.6919619,26.1956229],[91.6920537,26.1957602],[91.6921455,26.1957602],[91.6923086,26.1956915],[91.6924922,26.1957007],[91.6925942,26.1957922],[91.6926503,26.1959752],[91.6927217,26.1960942],[91.6928339,26.1961445],[91.6929308,26.1960759],[91.6929461,26.1959615],[91.6929359,26.1958379],[91.6929919,26.1957144],[91.6930531,26.1956092],[91.6931092,26.1955405],[91.6931551,26.1954444],[91.69315,26.1953255],[91.693099,26.1952248],[91.6929614,26.1951699],[91.6928033,26.1951333],[91.6926911,26.1950692],[91.6926503,26.1949914],[91.6927013,26.1948725],[91.6927625,26.1947627],[91.6927982,26.1946666],[91.6927931,26.1945842],[91.6927115,26.194511],[91.6925738,26.1944973],[91.6924769,26.1944149],[91.692431,26.1943417],[91.6923902,26.1942227],[91.6924004,26.1941267],[91.6923851,26.1940077],[91.6922831,26.1939208],[91.6921557,26.193875],[91.6920486,26.193907],[91.692018,26.1940031],[91.6920537,26.1941129],[91.6920639,26.1942136],[91.692018,26.1943509],[91.6919874,26.194479],[91.6920486,26.1946117],[91.6922016,26.1946895],[91.6923443,26.1947444],[91.6924412,26.1947261],[91.6924769,26.1946483],[91.6924055,26.1945613],[91.6923137,26.1944836],[91.6922168,26.1944332]]}},{"type":"Feature","properties":{"id":121436092,"highway":"unclassified","name":null,"oneway":null,"junction":null},"geometry":{"type":"LineString","coordinates":[[91.6982288,26.1915019],[91.6984179,26.1917973],[91.6985219,26.1919998],[91.6986097,26.1921708],[91.6987738,26.1925829],[91.6988651,26.1929685],[91.6990962,26.1943774],[91.6990505,26.1946242],[91.6990705,26.1952005],[91.6989557,26.1956058],[91.6988245,26.1958465]]}},{"type":"Feature","properties":{"id":121436095,"highway":"service","name":null,"oneway":null,"junction":null},"geometry":{"type":"LineString","coordinates":[[91.7006365,26.1875004],[91.7000166,26.1874987],[91.6999113,26.1874984],[91.6990766,26.187518],[91.6990084,26.1875282],[91.6989206,26.1875512],[91.6987353,26.1876279],[91.6979643,26.1879572],[91.6978843,26.1879912],[91.697763,26.1880294],[91.6976459,26.1880521],[91.6975354,26.188057],[91.6969645,26.1880466],[91.6963171,26.1880348],[91.6957522,26.188007]]}},{"type":"Feature","properties":{"id":121436096,"highway":"residential","name":null,"oneway":null,"junction":null},"geometry":{"type":"LineString","coordinates":[[91.7008862,26.1867244],[91.7010569,26.1859873],[91.7012056,26.1850792]]}},{"type":"Feature","properties":{"id":121436097,"highway":"service","name":null,"oneway":null,"junction":null},"geometry":{"type":"LineString","coordinates":[[91.6907061,26.1884505],[91.6908513,26.1884024],[91.6911939,26.1883595],[91.6915775,26.1883642],[91.6927927,26.1883363]]}},{"type":"Feature","properties":{"id":121436101,"highway":"unclassified","name":null,"oneway":null,"junction":null},"geometry":{"type":"LineString","coordinates":[[91.6929903,26.1974159],[91.692602,26.1973021],[91.6921414,26.1972016],[91.6918052,26.1971792],[91.691647,26.1971237],[91.6915189,26.1970787],[91.6891009,26.1962283],[91.689089,26.1961537],[91.6890678,26.1960204],[91.6891007,26.1956892],[91.6890165,26.1954924],[91.6887135,26.1951541]]}},{"type":"Feature","properties":{"id":121436102,"highway":"unclassified","name":null,"oneway":null,"junction":null},"geometry":{"type":"LineString","coordinates":[[91.69558,26.1840225],[91.6950468,26.1843197],[91.6948126,26.1844227],[91.6945783,26.1844891],[91.694382,26.1844942],[91.6942113,26.1844901],[91.6939879,26.1844628],[91.6938359,26.184431],[91.6935556,26.1843257],[91.6934353,26.1843021],[91.69327,26.1842963],[91.6931676,26.1842953],[91.6930908,26.1843058],[91.6930253,26.184333],[91.6929602,26.1843499],[91.6928702,26.1843421],[91.6927606,26.1843221],[91.6926655,26.1842962],[91.6925743,26.1842506],[91.6924131,26.1841611],[91.6923082,26.1840979],[91.692269,26.1840855],[91.6922333,26.1840798],[91.6922086,26.1840758],[91.6921184,26.1840632],[91.6920585,26.1840451],[91.6919121,26.1839812],[91.6918585,26.183961],[91.6918018,26.1839464],[91.691711,26.183937],[91.691176,26.1839496],[91.6911055,26.183967],[91.6910532,26.1839869],[91.6909081,26.1840541],[91.6908631,26.1840659],[91.690829,26.1840692],[91.6907874,26.1840705],[91.6899886,26.1840872],[91.6899392,26.1841139],[91.6899199,26.1841308],[91.6899009,26.1841642],[91.689894,26.1841976],[91.6898905,26.1843305],[91.6899005,26.1855491],[91.6899003,26.1861966],[91.6899782,26.187823],[91.6899842,26.1879481],[91.6899986,26.1880304],[91.6900258,26.1881128],[91.6902601,26.1882162],[91.6905443,26.1883379],[91.6906359,26.1883846],[91.6907061,26.1884505],[91.6907655,26.1885681],[91.6907986,26.1887064],[91.6908151,26.1888318],[91.6908296,26.1889933],[91.6908447,26.1891527],[91.6908678,26.1893076],[91.690916,26.1895945],[91.6909817,26.1898736],[91.6909791,26.1899479],[91.6908737,26.1907009],[91.691043,26.1910584],[91.6913318,26.1914874],[91.6915595,26.1915847]]}},{"type":"Feature","properties":{"id":121436111,"highway":"service","name":null,"oneway":null,"junction":null},"geometry":{"type":"LineString","coordinates":[[91.6929897,26.1977877],[91.6926145,26.1979276],[91.692466,26.1980609],[91.6924153,26.1981064],[91.6921787,26.1983633],[91.6922161,26.1985085],[91.6918675,26.1988436],[91.6915784,26.1992213],[91.691588,26.1993539],[91.6916856,26.1994962],[91.6919295,26.1996786],[91.6922019,26.1998026],[91.6923238,26.1998208],[91.6925637,26.1997807],[91.6927223,26.1997041],[91.6928849,26.1996603],[91.6931369,26.1996129],[91.6938301,26.1995507]]}},{"type":"Feature","properties":{"id":121436113,"highway":"service","name":null,"oneway":"yes","junction":null},"geometry":{"type":"LineString","coordinates":[[91.6913608,26.1861735],[91.6913751,26.1862258],[91.6914084,26.1862706],[91.6914568,26.1863025],[91.6915145,26.1863176],[91.6915744,26.1863141],[91.6916293,26.1862924],[91.6916727,26.1862551],[91.6916993,26.1862068],[91.6917059,26.1861533],[91.6916916,26.1861009],[91.6916583,26.1860561],[91.6916099,26.1860242],[91.6915522,26.1860091],[91.6914923,26.1860127],[91.6914373,26.1860343],[91.691394,26.1860716],[91.6913674,26.1861199],[91.6913608,26.1861735]]}},{"type":"Feature","properties":{"id":121436117,"highway":"service","name":null,"oneway":null,"junction":null},"geometry":{"type":"LineString","coordinates":[[91.695934,26.1836962],[91.6965321,26.1839229],[91.6984657,26.1848539],[91.6988156,26.1850646],[91.6991504,26.1852662],[91.6995609,26.1855764],[91.700008,26.1860817],[91.7005135,26.186722],[91.7006106,26.1868546],[91.7007127,26.1869876],[91.7007366,26.1870383],[91.700733,26.1870829],[91.7006729,26.1873585],[91.7006365,26.1875004],[91.7005482,26.1880697],[91.700505,26.1887034],[91.7004943,26.1887853],[91.7004004,26.1890573],[91.7003577,26.1891895],[91.7003279,26.1893101],[91.7001118,26.1904852],[91.7000763,26.1907427]]}},{"type":"Feature","properties":{"id":121436122,"highway":"unclassified","name":null,"oneway":null,"junction":null},"geometry":{"type":"LineString","coordinates":[[91.7013891,26.1930422],[91.7008632,26.1930781],[91.7005943,26.1931139],[91.7004548,26.1932837],[91.7004449,26.1935339],[91.7008632,26.194651],[91.7006573,26.1959207]]}},{"type":"Feature","properties":{"id":121436125,"highway":"service","name":null,"oneway":null,"junction":null},"geometry":{"type":"LineString","coordinates":[[91.6900666,26.1935297],[91.6902832,26.1936628],[91.6905222,26.1936985],[91.6906881,26.193676],[91.690786,26.1936687],[91.6908635,26.1937199],[91.6909084,26.1938407],[91.690941,26.1940091],[91.690888,26.1940823],[91.6907901,26.1941518],[91.6906351,26.1942653],[91.6905535,26.1944008],[91.690529,26.1945399],[91.6905535,26.194679],[91.6906065,26.1947778],[91.6907085,26.1948364],[91.6908217,26.1948962]]}},{"type":"Feature","properties":{"id":121436127,"highway":"unclassified","name":null,"oneway":null,"junction":null},"geometry":{"type":"LineString","coordinates":[[91.6951877,26.1964438],[91.6952619,26.1963322],[91.6953884,26.1962114],[91.6955107,26.1961016],[91.6956535,26.1960065],[91.6958616,26.1959186],[91.69609,26.195904],[91.6961847,26.1959114],[91.6962947,26.1959139],[91.6976506,26.1959441],[91.6980563,26.195987],[91.6983623,26.1960142],[91.6986196,26.1959954],[91.6987209,26.195952],[91.6988245,26.1958465],[91.6989142,26.1957712],[91.6990354,26.1957722]]}},{"type":"Feature","properties":{"id":121436137,"highway":"service","name":null,"oneway":null,"junction":null},"geometry":{"type":"LineString","coordinates":[[91.6913335,26.1896924],[91.6913179,26.1897557],[91.6913443,26.1898272]]}},{"type":"Feature","properties":{"id":121436146,"highway":"service","name":null,"oneway":null,"junction":null},"geometry":{"type":"LineString","coordinates":[[91.6929602,26.1843499],[91.6929151,26.1844285],[91.6928977,26.1845296],[91.6928917,26.1847576],[91.6928924,26.1848132],[91.6928802,26.1848654],[91.6928467,26.184921],[91.6926962,26.1851922],[91.692676,26.1852557],[91.6926619,26.1853709],[91.6926641,26.1854489],[91.6926968,26.1856176],[91.6927415,26.1857917],[91.692777,26.1858974],[91.6928643,26.1861554],[91.6929144,26.1862878],[91.6929761,26.1864475],[91.693019,26.1865731],[91.693035,26.1866612],[91.6930325,26.1867559],[91.6930193,26.1868492],[91.6929352,26.1873513],[91.6928538,26.1878936],[91.6927927,26.1883363],[91.6928379,26.1884462],[91.6929132,26.1885502],[91.6929934,26.1886593],[91.6930823,26.1887433],[91.6932693,26.1888571],[91.6936811,26.1890527],[91.6939885,26.1891759],[91.6941565,26.1892428],[91.694306,26.1892851],[91.6944487,26.1893125],[91.694578,26.1893127],[91.6947159,26.1892937],[91.6951997,26.1891993],[91.6957402,26.1891092]]}},{"type":"Feature","properties":{"id":121436148,"highway":"service","name":null,"oneway":null,"junction":null},"geometry":{"type":"LineString","coordinates":[[91.6919794,26.1896725],[91.6918411,26.1895246],[91.6915711,26.1895917],[91.6913335,26.1896924],[91.6911821,26.1897604],[91.6911543,26.1897839]]}},{"type":"Feature","properties":{"id":121436149,"highway":"service","name":null,"oneway":null,"junction":null},"geometry":{"type":"LineString","coordinates":[[91.6944888,26.1950461],[91.6946561,26.1949989],[91.6949366,26.1949017],[91.6952106,26.1948616],[91.6955039,26.1948788],[91.6957461,26.1949646],[91.6959883,26.1950847],[91.6961477,26.195262],[91.6961859,26.1955308],[91.6961923,26.1958511],[91.6961847,26.1959114]]}},{"type":"Feature","properties":{"id":121436151,"highway":"service","name":null,"oneway":null,"junction":null},"geometry":{"type":"LineString","coordinates":[[91.6909817,26.1898736],[91.6911543,26.1897839],[91.6913443,26.1898272],[91.6914803,26.1898582],[91.6916396,26.1898067],[91.6919794,26.1896725]]}},{"type":"Feature","properties":{"id":121436153,"highway":"service","name":null,"oneway":null,"junction":null},"geometry":{"type":"LineString","coordinates":[[91.6951524,26.1987868],[91.6959011,26.1993351],[91.6962871,26.1996591],[91.6965734,26.1998937],[91.6968765,26.1999947],[91.6970091,26.2000389],[91.6971336,26.2001729]]}},{"type":"Feature","properties":{"id":121451151,"highway":"service","name":null,"oneway":null,"junction":null},"geometry":{"type":"LineString","coordinates":[[91.7005196,26.1969094],[91.7005377,26.1970136],[91.7015074,26.1972623],[91.7024892,26.1978481],[91.7025633,26.1979387],[91.7026037,26.1980384],[91.7026879,26.1996726],[91.7027653,26.1997874],[91.702873,26.199881],[91.7030481,26.1999324],[91.7036776,26.2000381],[91.7039635,26.2003311],[91.705275,26.2016197],[91.7054851,26.201838],[91.7055391,26.2019118],[91.7070672,26.2033035],[91.7074978,26.2036833],[91.7094471,26.2054078],[91.7097231,26.2057823]]}},{"type":"Feature","properties":{"id":121451162,"highway":"unclassified","name":null,"oneway":"yes","junction":null},"geometry":{"type":"LineString","coordinates":[[91.6855868,26.1965781],[91.6854112,26.1966426],[91.6852646,26.1967111],[91.685093,26.1968237],[91.6849823,26.1969406],[91.6849029,26.1970623],[91.6848697,26.1971312],[91.6848364,26.1973169],[91.6848294,26.1974319],[91.6848311,26.1976537],[91.6848474,26.197823],[91.6849421,26.1985069],[91.6850809,26.1996714],[91.6851502,26.200295],[91.685193,26.200675],[91.6855216,26.2036906],[91.6855398,26.2038864],[91.6855687,26.2041988],[91.6857331,26.2057618],[91.6858274,26.2066667],[91.6859312,26.207622],[91.6860191,26.2083958],[91.6860249,26.2086427],[91.6860125,26.2087519]]}},{"type":"Feature","properties":{"id":122026614,"highway":"residential","name":null,"oneway":null,"junction":null},"geometry":{"type":"LineString","coordinates":[[91.6989269,26.1510186],[91.6984338,26.1512316],[91.6977884,26.1515068],[91.6975229,26.1516036],[91.6974492,26.1516522],[91.6970644,26.1517598],[91.6965117,26.1519143],[91.6961752,26.1519797],[91.6960075,26.1520148]]}},{"type":"Feature","properties":{"id":122026616,"highway":"residential","name":null,"oneway":null,"junction":null},"geometry":{"type":"LineString","coordinates":[[91.6974701,26.1486685],[91.6982731,26.1482991],[91.6989616,26.1481446],[91.6995084,26.1481686]]}},{"type":"Feature","properties":{"id":122026617,"highway":"tertiary","name":null,"oneway":null,"junction":null},"geometry":{"type":"LineString","coordinates":[[91.6872617,26.1502741],[91.6882388,26.1511679],[91.6886232,26.1515194],[91.6890114,26.1518745],[91.6894073,26.1522366],[91.6897986,26.1525945],[91.6905346,26.152663],[91.6909824,26.1527047],[91.6914638,26.1527495],[91.6919265,26.1527926],[91.6920113,26.1528118],[91.6920776,26.1529019],[91.6919831,26.1535404],[91.6919593,26.1538647],[91.6919417,26.1543062],[91.6919781,26.1546195],[91.6919947,26.1547624],[91.6921065,26.1554049],[91.6923177,26.1561424],[91.6924524,26.1562156],[91.6926053,26.1562926],[91.6941369,26.156389],[91.694285,26.1564796],[91.6943809,26.1565382],[91.6967224,26.1566398],[91.6969425,26.1567176]]}},{"type":"Feature","properties":{"id":122026618,"highway":"residential","name":null,"oneway":null,"junction":null},"geometry":{"type":"LineString","coordinates":[[91.7040205,26.1541257],[91.7045164,26.1550673],[91.7047949,26.15549],[91.7050862,26.1559322]]}},{"type":"Feature","properties":{"id":122026622,"highway":"residential","name":null,"oneway":null,"junction":null},"geometry":{"type":"LineString","coordinates":[[91.7002861,26.1487437],[91.7000181,26.149175],[91.6996532,26.1497792],[91.6995616,26.1499834]]}},{"type":"Feature","properties":{"id":122026623,"highway":"residential","name":null,"oneway":null,"junction":null},"geometry":{"type":"LineString","coordinates":[[91.6970644,26.1517598],[91.6971358,26.1529788],[91.697165,26.1534776],[91.6971912,26.1539727]]}},{"type":"Feature","properties":{"id":122026625,"highway":"residential","name":null,"oneway":null,"junction":null},"geometry":{"type":"LineString","coordinates":[[91.698409,26.1469841],[91.6989193,26.1477034],[91.6992009,26.147931],[91.6995084,26.1481686],[91.6999413,26.1485104],[91.700046,26.1485946],[91.7002861,26.1487437],[91.7007429,26.1489703],[91.7011196,26.1491703],[91.7018185,26.1496058],[91.7021871,26.1498048],[91.702331,26.1499382],[91.7025078,26.1504831],[91.7025539,26.1509246],[91.7024128,26.1512993]]}},{"type":"Feature","properties":{"id":122026626,"highway":"residential","name":null,"oneway":null,"junction":null},"geometry":{"type":"LineString","coordinates":[[91.7094192,26.1600688],[91.7095766,26.1597201],[91.7089323,26.1593051],[91.7087368,26.1591665],[91.7078629,26.1585465],[91.7078061,26.1585062],[91.707275,26.1580692],[91.7060849,26.1574159],[91.7058872,26.1573292],[91.7052292,26.1570407],[91.704162,26.1567449],[91.7036355,26.1566823],[91.7034613,26.1566685],[91.7032019,26.1566618],[91.702865,26.156506],[91.7020796,26.1564794],[91.7007338,26.1566266],[91.7002847,26.1566757],[91.6994665,26.1568212]]}},{"type":"Feature","properties":{"id":122026628,"highway":"residential","name":null,"oneway":null,"junction":null},"geometry":{"type":"LineString","coordinates":[[91.6967417,26.1502813],[91.6967402,26.150085],[91.697712,26.1491774],[91.6980938,26.1488991],[91.6981967,26.1488628],[91.698625,26.1487119],[91.6991758,26.148606],[91.6995242,26.1486211],[91.6997754,26.1486409]]}},{"type":"Feature","properties":{"id":122026631,"highway":"residential","name":null,"oneway":null,"junction":null},"geometry":{"type":"LineString","coordinates":[[91.6938453,26.1507643],[91.6935585,26.1530712],[91.6934454,26.1532036],[91.6931454,26.153186],[91.6924667,26.1531242],[91.6924569,26.1530403],[91.6924658,26.1528575],[91.6926088,26.1516966],[91.6926184,26.1516187],[91.6926787,26.1511287],[91.692739,26.1506392]]}},{"type":"Feature","properties":{"id":122026632,"highway":"tertiary","name":null,"oneway":null,"junction":"roundabout"},"geometry":{"type":"LineString","coordinates":[[91.7041757,26.153844],[91.7041554,26.1537706],[91.7041146,26.1537044],[91.7040561,26.1536499],[91.7039839,26.1536108],[91.7039029,26.1535899],[91.7038186,26.1535884],[91.7037367,26.1536066],[91.7036731,26.1536367],[91.7036184,26.1536787],[91.7035726,26.1537349],[91.7035431,26.1537993],[91.7035316,26.1538682],[91.7035463,26.1539637],[91.7035951,26.1540497],[91.7036726,26.1541165],[91.7037702,26.1541568],[91.7038558,26.1541668],[91.7039412,26.1541562],[91.7040205,26.1541257],[91.7040939,26.1540718],[91.7041466,26.1540011],[91.7041716,26.1539101],[91.7041757,26.153844]]}},{"type":"Feature","properties":{"id":122026634,"highway":"tertiary","name":null,"oneway":null,"junction":null},"geometry":{"type":"LineString","coordinates":[[91.7034992,26.1577425],[91.7030401,26.1576966],[91.7024225,26.1576348],[91.7018766,26.1577495],[91.7017878,26.1578035],[91.7016634,26.1579991],[91.7015344,26.158262],[91.7014568,26.1585217],[91.7013977,26.158785],[91.7013727,26.1591846],[91.7013669,26.1592781]]}},{"type":"Feature","properties":{"id":122026637,"highway":"residential","name":null,"oneway":null,"junction":null},"geometry":{"type":"LineString","coordinates":[[91.6908095,26.150421],[91.6894073,26.1522366]]}},{"type":"Feature","properties":{"id":122026638,"highway":"residential","name":null,"oneway":null,"junction":null},"geometry":{"type":"LineString","coordinates":[[91.6923665,26.1495043],[91.6925194,26.1496146],[91.6926187,26.1497464],[91.6926465,26.1500467]]}},{"type":"Feature","properties":{"id":122026639,"highway":"residential","name":null,"oneway":null,"junction":null},"geometry":{"type":"LineString","coordinates":[[91.69651,26.1509399],[91.696448,26.1514736],[91.6965117,26.1519143],[91.6965731,26.153002],[91.6966997,26.153993]]}},{"type":"Feature","properties":{"id":122026641,"highway":"residential","name":null,"oneway":null,"junction":null},"geometry":{"type":"LineString","coordinates":[[91.6864802,26.1498919],[91.6863287,26.1506645],[91.6862582,26.1510874],[91.6862248,26.1514448],[91.6865335,26.1515327],[91.6869271,26.1515865],[91.6870453,26.1515349]]}},{"type":"Feature","properties":{"id":122026642,"highway":"residential","name":null,"oneway":null,"junction":null},"geometry":{"type":"LineString","coordinates":[[91.6992009,26.147931],[91.6994962,26.1476054],[91.7011342,26.1486247],[91.7027072,26.1494346],[91.7029718,26.1498476],[91.7031731,26.1503749],[91.7032774,26.1506245],[91.7032562,26.1510961],[91.7031516,26.1514155],[91.7030287,26.151791],[91.7024128,26.1512993],[91.7019911,26.1510248],[91.7015299,26.1507946],[91.701064,26.1505907]]}},{"type":"Feature","properties":{"id":122026644,"highway":"residential","name":null,"oneway":null,"junction":null},"geometry":{"type":"LineString","coordinates":[[91.6977884,26.1515068],[91.6980689,26.1518553],[91.6983956,26.1521587],[91.6988291,26.1523672],[91.6993434,26.152511],[91.6993782,26.1528923],[91.6994194,26.1533435],[91.699474,26.1537825],[91.6994796,26.1539178]]}},{"type":"Feature","properties":{"id":122026646,"highway":"residential","name":null,"oneway":null,"junction":null},"geometry":{"type":"LineString","coordinates":[[91.6914638,26.1527495],[91.6916509,26.1515249]]}},{"type":"Feature","properties":{"id":122026648,"highway":"residential","name":null,"oneway":null,"junction":null},"geometry":{"type":"LineString","coordinates":[[91.7014443,26.150399],[91.7015199,26.1505889],[91.7015425,26.150729],[91.7015299,26.1507946]]}},{"type":"Feature","properties":{"id":122026649,"highway":"residential","name":null,"oneway":null,"junction":null},"geometry":{"type":"LineString","coordinates":[[91.6884264,26.1501515],[91.6897163,26.1486736]]}},{"type":"Feature","properties":{"id":122026650,"highway":"residential","name":null,"oneway":null,"junction":null},"geometry":{"type":"LineString","coordinates":[[91.6997516,26.1512543],[91.6998773,26.1513487],[91.7000263,26.1517573],[91.7000652,26.1528378],[91.7000834,26.1533451],[91.7001171,26.1537631],[91.7001386,26.1538801]]}},{"type":"Feature","properties":{"id":122026652,"highway":"residential","name":null,"oneway":null,"junction":null},"geometry":{"type":"LineString","coordinates":[[91.7079158,26.1592188],[91.7075996,26.1595788]]}},{"type":"Feature","properties":{"id":122026653,"highway":"tertiary","name":null,"oneway":null,"junction":null},"geometry":{"type":"LineString","coordinates":[[91.6960944,26.1502422],[91.6967417,26.1502813],[91.6971445,26.1502879],[91.697886,26.1504013],[91.6984778,26.1505684],[91.6990102,26.1507476],[91.6998631,26.1510732],[91.7003578,26.1513632],[91.7014096,26.1518393],[91.701511,26.1518977],[91.7015927,26.1519509],[91.7018613,26.1521259],[91.7021983,26.1523667],[91.702302,26.1524731],[91.7025723,26.1527507],[91.7026414,26.1528425],[91.7031102,26.1532545],[91.7036184,26.1536787]]}},{"type":"Feature","properties":{"id":122026655,"highway":"residential","name":null,"oneway":null,"junction":null},"geometry":{"type":"LineString","coordinates":[[91.7022196,26.1537839],[91.7022115,26.1536878],[91.702192,26.1528459],[91.7022267,26.1525746],[91.702302,26.1524731]]}},{"type":"Feature","properties":{"id":122026657,"highway":"residential","name":null,"oneway":null,"junction":null},"geometry":{"type":"LineString","coordinates":[[91.6921345,26.151575],[91.6920113,26.1528118],[91.6924658,26.1528575]]}},{"type":"Feature","properties":{"id":122026658,"highway":"residential","name":null,"oneway":null,"junction":null},"geometry":{"type":"LineString","coordinates":[[91.7027072,26.1494346],[91.7021871,26.1498048]]}},{"type":"Feature","properties":{"id":122026659,"highway":"residential","name":null,"oneway":null,"junction":null},"geometry":{"type":"LineString","coordinates":[[91.6901986,26.1503519],[91.6890114,26.1518745]]}},{"type":"Feature","properties":{"id":122026661,"highway":"residential","name":null,"oneway":null,"junction":null},"geometry":{"type":"LineString","coordinates":[[91.6961338,26.1530189],[91.6965731,26.153002],[91.6971358,26.1529788],[91.6993782,26.1528923]]}},{"type":"Feature","properties":{"id":122026662,"highway":"residential","name":null,"oneway":null,"junction":null},"geometry":{"type":"LineString","coordinates":[[91.6940662,26.1507893],[91.694117,26.1502172]]}},{"type":"Feature","properties":{"id":122026664,"highway":"residential","name":null,"oneway":null,"junction":null},"geometry":{"type":"LineString","coordinates":[[91.6994665,26.1568212],[91.6994564,26.1574245],[91.6995154,26.1581617],[91.6994416,26.1586101],[91.6993587,26.1591135]]}},{"type":"Feature","properties":{"id":122026665,"highway":"residential","name":null,"oneway":null,"junction":null},"geometry":{"type":"LineString","coordinates":[[91.702331,26.1499382],[91.7018211,26.1502103],[91.7014443,26.150399],[91.701064,26.1505907],[91.7009757,26.1506249],[91.7004509,26.1507757]]}},{"type":"Feature","properties":{"id":122026667,"highway":"residential","name":null,"oneway":null,"junction":null},"geometry":{"type":"LineString","coordinates":[[91.6921502,26.1457204],[91.6921077,26.1458083],[91.6914056,26.1464043],[91.6910639,26.1469294],[91.6908883,26.1474189],[91.690704,26.1481784],[91.6905575,26.1488714],[91.6904891,26.1492453],[91.6901327,26.1496764],[91.6896312,26.1502828],[91.6886232,26.1515194]]}},{"type":"Feature","properties":{"id":122026668,"highway":"residential","name":null,"oneway":null,"junction":null},"geometry":{"type":"LineString","coordinates":[[91.6890184,26.1479254],[91.6905179,26.1481518],[91.690704,26.1481784],[91.6907785,26.1481927],[91.6929243,26.1485607]]}},{"type":"Feature","properties":{"id":122026672,"highway":"residential","name":null,"oneway":null,"junction":null},"geometry":{"type":"LineString","coordinates":[[91.6905575,26.1488714],[91.692457,26.149277]]}},{"type":"Feature","properties":{"id":122026673,"highway":"residential","name":null,"oneway":null,"junction":null},"geometry":{"type":"LineString","coordinates":[[91.6901327,26.1496764],[91.6916468,26.1504278]]}},{"type":"Feature","properties":{"id":122026674,"highway":"residential","name":null,"oneway":null,"junction":null},"geometry":{"type":"LineString","coordinates":[[91.688992,26.1502154],[91.6882388,26.1511679]]}},{"type":"Feature","properties":{"id":122026677,"highway":"tertiary","name":null,"oneway":null,"junction":null},"geometry":{"type":"LineString","coordinates":[[91.6968963,26.1589743],[91.6969519,26.1573695],[91.6969594,26.1571831],[91.69698,26.1571115],[91.696983,26.1570784],[91.6969796,26.1570276],[91.6969425,26.1567176],[91.6969116,26.156626],[91.6968322,26.1561681],[91.6966937,26.1555447],[91.6963209,26.1540233],[91.6961893,26.1533722],[91.6961338,26.1530189],[91.6960347,26.1521831],[91.6960075,26.1520148],[91.695935,26.151264],[91.695917,26.1509319],[91.6959192,26.1505134]]}},{"type":"Feature","properties":{"id":122026678,"highway":"residential","name":null,"oneway":null,"junction":null},"geometry":{"type":"LineString","coordinates":[[91.7018613,26.1521259],[91.7016979,26.1525379],[91.7016223,26.1529052],[91.7016507,26.1534392],[91.7016689,26.1536953],[91.7016755,26.1538121]]}},{"type":"Feature","properties":{"id":122026682,"highway":"unclassified","name":null,"oneway":null,"junction":null},"geometry":{"type":"LineString","coordinates":[[91.6957731,26.1503526],[91.6949779,26.1503169],[91.694117,26.1502172],[91.6932681,26.1501188],[91.6926465,26.1500467],[91.6920129,26.1499775],[91.6918336,26.1499547],[91.6904891,26.1492453],[91.6897163,26.1486736],[91.6890404,26.1480621],[91.6889736,26.1480035]]}},{"type":"Feature","properties":{"id":122026683,"highway":"residential","name":null,"oneway":null,"junction":null},"geometry":{"type":"LineString","coordinates":[[91.7087368,26.1591665],[91.7083915,26.159593]]}},{"type":"Feature","properties":{"id":122026684,"highway":"residential","name":null,"oneway":null,"junction":null},"geometry":{"type":"LineString","coordinates":[[91.7013977,26.158785],[91.70079,26.1587474],[91.7006004,26.1587281],[91.7003658,26.1587042],[91.7001749,26.1586848],[91.6994416,26.1586101],[91.6989144,26.1585565],[91.6983271,26.1584967],[91.6977015,26.1584329],[91.6974647,26.1584088],[91.6974893,26.1581043],[91.6976515,26.1577291],[91.6975145,26.1572354]]}},{"type":"Feature","properties":{"id":122026686,"highway":"residential","name":null,"oneway":null,"junction":null},"geometry":{"type":"LineString","coordinates":[[91.6865335,26.1515327],[91.686679,26.1507502],[91.6868233,26.1499632],[91.6870113,26.1491128],[91.6871588,26.148335]]}},{"type":"Feature","properties":{"id":122026687,"highway":"residential","name":null,"oneway":null,"junction":null},"geometry":{"type":"LineString","coordinates":[[91.6920129,26.1499775],[91.6916468,26.1504278],[91.6915751,26.1505147],[91.6912349,26.1509975],[91.690522,26.1517407],[91.6898968,26.152547],[91.6897986,26.1525945],[91.6896752,26.1529335]]}},{"type":"Feature","properties":{"id":122026690,"highway":"residential","name":null,"oneway":null,"junction":null},"geometry":{"type":"LineString","coordinates":[[91.6931591,26.1484119],[91.6936934,26.1487206],[91.6942159,26.1491731],[91.6945813,26.1496979],[91.6946154,26.149747],[91.6949779,26.1503169]]}},{"type":"Feature","properties":{"id":122026691,"highway":"residential","name":null,"oneway":null,"junction":null},"geometry":{"type":"LineString","coordinates":[[91.7047643,26.1581725],[91.7052173,26.1578304],[91.7058872,26.1573292]]}},{"type":"Feature","properties":{"id":122026693,"highway":"unclassified","name":null,"oneway":"yes","junction":null},"geometry":{"type":"LineString","coordinates":[[91.6890059,26.1478067],[91.6889684,26.1477565],[91.6889148,26.1477199],[91.6888509,26.1477008],[91.6887836,26.1477013],[91.6887201,26.1477214],[91.6886673,26.1477589],[91.6886308,26.1478097],[91.688615,26.1478656],[91.6886191,26.1479231],[91.6886429,26.1479767],[91.688684,26.148021],[91.6887384,26.1480517],[91.6888007,26.1480658],[91.6888648,26.148062],[91.6889244,26.1480405],[91.6889736,26.1480035],[91.6890013,26.1479669],[91.6890184,26.1479254],[91.6890232,26.1478651],[91.6890059,26.1478067]]}},{"type":"Feature","properties":{"id":122026695,"highway":"residential","name":null,"oneway":null,"junction":null},"geometry":{"type":"LineString","coordinates":[[91.7077235,26.1560724],[91.7073948,26.1565165]]}},{"type":"Feature","properties":{"id":122026696,"highway":"residential","name":null,"oneway":null,"junction":null},"geometry":{"type":"LineString","coordinates":[[91.7041716,26.1539101],[91.7044864,26.1539797],[91.7047736,26.154243],[91.7052879,26.1546234],[91.7057587,26.1547857],[91.7062119,26.1551049],[91.706355,26.1552743],[91.7065676,26.1555259],[91.7069421,26.1557886],[91.7073387,26.1559836],[91.7077235,26.1560724],[91.7079261,26.15613],[91.708317,26.1564525],[91.7084956,26.156712],[91.7085296,26.1570631],[91.7085001,26.1574194],[91.7084089,26.1576409],[91.7083767,26.1578118],[91.7082399,26.1579851]]}},{"type":"Feature","properties":{"id":122026699,"highway":"residential","name":null,"oneway":null,"junction":null},"geometry":{"type":"LineString","coordinates":[[91.6909824,26.1527047],[91.6911492,26.1514562],[91.6913307,26.1514811],[91.6916509,26.1515249],[91.6921345,26.151575],[91.6926184,26.1516187]]}},{"type":"Feature","properties":{"id":122026701,"highway":"residential","name":null,"oneway":null,"junction":null},"geometry":{"type":"LineString","coordinates":[[91.7026414,26.1528425],[91.7033256,26.1526744],[91.7034099,26.1526591]]}},{"type":"Feature","properties":{"id":122026703,"highway":"residential","name":null,"oneway":null,"junction":null},"geometry":{"type":"LineString","coordinates":[[91.6973276,26.148914],[91.697712,26.1491774],[91.6980638,26.1495224],[91.6987528,26.1501981]]}},{"type":"Feature","properties":{"id":122026704,"highway":"residential","name":null,"oneway":null,"junction":null},"geometry":{"type":"LineString","coordinates":[[91.7011196,26.1491703],[91.7003631,26.1505203]]}},{"type":"Feature","properties":{"id":122026705,"highway":"residential","name":null,"oneway":null,"junction":null},"geometry":{"type":"LineString","coordinates":[[91.6917768,26.1475901],[91.6920647,26.146978],[91.6927489,26.1463275]]}},{"type":"Feature","properties":{"id":122026708,"highway":"residential","name":null,"oneway":null,"junction":null},"geometry":{"type":"LineString","coordinates":[[91.6963209,26.1540233],[91.6966997,26.153993],[91.6969857,26.1539807]]}},{"type":"Feature","properties":{"id":122026709,"highway":"residential","name":null,"oneway":null,"junction":null},"geometry":{"type":"LineString","coordinates":[[91.7020587,26.1544531],[91.7020742,26.1550041],[91.7024824,26.1552999],[91.703043,26.1553352],[91.7036401,26.1553621]]}},{"type":"Feature","properties":{"id":122026712,"highway":"residential","name":null,"oneway":null,"junction":null},"geometry":{"type":"LineString","coordinates":[[91.6849868,26.1504638],[91.6851584,26.1504662],[91.6854615,26.1505505],[91.6857102,26.1505976],[91.6857405,26.1506034],[91.6860302,26.1506227],[91.6863287,26.1506645],[91.686679,26.1507502],[91.6871682,26.1508192],[91.6883256,26.1519314]]}},{"type":"Feature","properties":{"id":122026713,"highway":"residential","name":null,"oneway":null,"junction":null},"geometry":{"type":"LineString","coordinates":[[91.70047,26.1510453],[91.7009149,26.1510345],[91.7018493,26.1514936],[91.7028624,26.1521249]]}},{"type":"Feature","properties":{"id":122026714,"highway":"residential","name":null,"oneway":null,"junction":null},"geometry":{"type":"LineString","coordinates":[[91.7015623,26.1538179],[91.7015795,26.1544612],[91.7016739,26.1552887]]}},{"type":"Feature","properties":{"id":122026716,"highway":"residential","name":null,"oneway":null,"junction":null},"geometry":{"type":"LineString","coordinates":[[91.6976515,26.1577291],[91.6982896,26.1575698],[91.6983941,26.1575437],[91.6988552,26.1574919],[91.6994564,26.1574245],[91.700129,26.1572836],[91.7001941,26.15727],[91.7005973,26.1572435],[91.70068,26.1572567],[91.7010104,26.1573097],[91.7011219,26.157296],[91.7013196,26.1572631],[91.7019891,26.1570978],[91.7028055,26.1570934],[91.7031202,26.1571287]]}},{"type":"Feature","properties":{"id":122026720,"highway":"residential","name":null,"oneway":null,"junction":null},"geometry":{"type":"LineString","coordinates":[[91.7038491,26.1559195],[91.7039169,26.1556655],[91.7041884,26.1552911],[91.7045164,26.1550673],[91.7049241,26.1549274],[91.7052742,26.1548815],[91.7052879,26.1546234]]}},{"type":"Feature","properties":{"id":122026721,"highway":"residential","name":null,"oneway":null,"junction":null},"geometry":{"type":"LineString","coordinates":[[91.7043668,26.1560567],[91.7044913,26.1557396],[91.7046959,26.1555419],[91.7047949,26.15549],[91.7052074,26.1553582],[91.7055378,26.1553688],[91.7058509,26.1555122],[91.7060562,26.1557152],[91.7065135,26.1560822],[91.7069227,26.1563541],[91.7073948,26.1565165],[91.7077056,26.1566896],[91.7078866,26.1569721],[91.7078394,26.1572828],[91.7078429,26.1576288]]}},{"type":"Feature","properties":{"id":122026724,"highway":"tertiary","name":null,"oneway":null,"junction":null},"geometry":{"type":"LineString","coordinates":[[91.6872617,26.1502741],[91.6873046,26.1500246],[91.687459,26.1492221],[91.6877667,26.1479469],[91.687898,26.147878],[91.6879378,26.147825],[91.6879919,26.1477528],[91.6881475,26.1476661],[91.688177,26.1475891],[91.6881421,26.1474807],[91.6881099,26.1474302],[91.6881475,26.1473555],[91.688185,26.1472255],[91.6882172,26.1471509],[91.6882414,26.147069],[91.6882611,26.1470258]]}},{"type":"Feature","properties":{"id":122026725,"highway":"residential","name":null,"oneway":null,"junction":null},"geometry":{"type":"LineString","coordinates":[[91.7018185,26.1496058],[91.7012953,26.1499671],[91.7005822,26.1503071],[91.7003631,26.1505203]]}},{"type":"Feature","properties":{"id":122026727,"highway":"residential","name":null,"oneway":null,"junction":null},"geometry":{"type":"LineString","coordinates":[[91.7048737,26.1561867],[91.7048926,26.1560963],[91.7050146,26.1559621],[91.7050862,26.1559322],[91.7053018,26.1558774],[91.7054434,26.1559091],[91.7057188,26.1555842],[91.7058509,26.1555122],[91.7059391,26.1554642],[91.706355,26.1552743]]}},{"type":"Feature","properties":{"id":122026729,"highway":"residential","name":null,"oneway":null,"junction":null},"geometry":{"type":"LineString","coordinates":[[91.7010322,26.1544704],[91.7015795,26.1544612],[91.7020587,26.1544531],[91.7026299,26.1544435],[91.7027,26.1544511],[91.7028758,26.15447],[91.703043,26.1546113],[91.7030922,26.154832],[91.703043,26.1553352]]}},{"type":"Feature","properties":{"id":122026730,"highway":"residential","name":null,"oneway":null,"junction":null},"geometry":{"type":"LineString","coordinates":[[91.695917,26.1509319],[91.6940662,26.1507893],[91.6938453,26.1507643],[91.6934798,26.150723],[91.692739,26.1506392],[91.6915751,26.1505147],[91.6908095,26.150421],[91.6901986,26.1503519],[91.6896312,26.1502828],[91.688992,26.1502154],[91.6884264,26.1501515],[91.6879764,26.1500865],[91.6873046,26.1500246],[91.6868233,26.1499632],[91.6864802,26.1498919]]}},{"type":"Feature","properties":{"id":122026732,"highway":"residential","name":null,"oneway":null,"junction":null},"geometry":{"type":"LineString","coordinates":[[91.6865478,26.1485112],[91.6865478,26.1486701],[91.6865418,26.1489841],[91.686634,26.1490756],[91.6870113,26.1491128],[91.687459,26.1492221]]}},{"type":"Feature","properties":{"id":122026733,"highway":"residential","name":null,"oneway":null,"junction":null},"geometry":{"type":"LineString","coordinates":[[91.6925346,26.1477531],[91.6929179,26.147333],[91.6933378,26.1469408]]}},{"type":"Feature","properties":{"id":122026736,"highway":"residential","name":null,"oneway":null,"junction":null},"geometry":{"type":"LineString","coordinates":[[91.6987612,26.1569835],[91.6988552,26.1574919],[91.6989144,26.1585565]]}},{"type":"Feature","properties":{"id":122026737,"highway":"residential","name":null,"oneway":null,"junction":null},"geometry":{"type":"LineString","coordinates":[[91.6934798,26.150723],[91.6933386,26.1517629],[91.6931454,26.153186]]}},{"type":"Feature","properties":{"id":122026738,"highway":"residential","name":null,"oneway":null,"junction":null},"geometry":{"type":"LineString","coordinates":[[91.7011683,26.1538383],[91.7011385,26.1537143],[91.7010853,26.1533022],[91.7011715,26.1528042],[91.7011945,26.1526709],[91.7012433,26.1523441],[91.7013086,26.1521281],[91.7014096,26.1518393]]}},{"type":"Feature","properties":{"id":122026741,"highway":"residential","name":null,"oneway":null,"junction":null},"geometry":{"type":"LineString","coordinates":[[91.6984778,26.1505684],[91.6985972,26.1503217],[91.6987528,26.1501981],[91.6988686,26.1501062],[91.6991873,26.1499826],[91.6993176,26.1499816],[91.6995616,26.1499834],[91.6996358,26.1499791],[91.6999277,26.1500428],[91.7000538,26.150074],[91.7002063,26.1502581],[91.7003631,26.1505203],[91.7004069,26.1505936],[91.7004509,26.1507757],[91.7004896,26.1509361],[91.70047,26.1510453],[91.7004384,26.1512222],[91.7003578,26.1513632]]}},{"type":"Feature","properties":{"id":122026743,"highway":"residential","name":null,"oneway":null,"junction":null},"geometry":{"type":"LineString","coordinates":[[91.7018211,26.1502103],[91.7019687,26.1505193],[91.702008,26.1507797],[91.7019911,26.1510248]]}},{"type":"Feature","properties":{"id":122026744,"highway":"residential","name":null,"oneway":null,"junction":null},"geometry":{"type":"LineString","coordinates":[[91.7069932,26.1585801],[91.7067488,26.1588549],[91.7065713,26.1592127]]}},{"type":"Feature","properties":{"id":122026745,"highway":"residential","name":null,"oneway":null,"junction":null},"geometry":{"type":"LineString","coordinates":[[91.7007429,26.1489703],[91.7000538,26.150074]]}},{"type":"Feature","properties":{"id":122026748,"highway":"tertiary","name":null,"oneway":null,"junction":null},"geometry":{"type":"LineString","coordinates":[[91.7037702,26.1541568],[91.7036401,26.1553621],[91.7036409,26.1557673],[91.7036667,26.1558882],[91.7037518,26.1560406],[91.7036355,26.1566823],[91.7035848,26.1568968],[91.7035543,26.1571982],[91.7034992,26.1577425]]}},{"type":"Feature","properties":{"id":122026749,"highway":"residential","name":null,"oneway":null,"junction":null},"geometry":{"type":"LineString","coordinates":[[91.7012433,26.1523441],[91.7006429,26.1520704],[91.7000263,26.1517573],[91.6999754,26.1518412],[91.6997699,26.1518854],[91.6993864,26.1519371],[91.698912,26.1517926],[91.6986167,26.15152],[91.6984338,26.1512316],[91.6983127,26.151132],[91.6971495,26.1509694],[91.69651,26.1509399],[91.6962237,26.150928]]}},{"type":"Feature","properties":{"id":122026752,"highway":"residential","name":null,"oneway":null,"junction":null},"geometry":{"type":"LineString","coordinates":[[91.7049253,26.1591341],[91.7054898,26.1592301],[91.7055692,26.1592305],[91.7060159,26.1592327],[91.7065713,26.1592127],[91.7070144,26.1592654],[91.707043,26.1592865],[91.7072603,26.1594464],[91.7075996,26.1595788],[91.7082881,26.1596892],[91.7086815,26.1598039]]}},{"type":"Feature","properties":{"id":122026754,"highway":"residential","name":null,"oneway":null,"junction":null},"geometry":{"type":"LineString","coordinates":[[91.6919831,26.1535404],[91.6922022,26.1535674],[91.6929851,26.1534473],[91.6932526,26.1534544]]}},{"type":"Feature","properties":{"id":122026755,"highway":"residential","name":null,"oneway":null,"junction":null},"geometry":{"type":"LineString","coordinates":[[91.6926088,26.1516966],[91.6933386,26.1517629]]}},{"type":"Feature","properties":{"id":122026756,"highway":"residential","name":null,"oneway":null,"junction":null},"geometry":{"type":"LineString","coordinates":[[91.7011342,26.1486247],[91.7012939,26.1483886],[91.7028831,26.148825],[91.7029767,26.1488507]]}},{"type":"Feature","properties":{"id":122026760,"highway":"residential","name":null,"oneway":null,"junction":null},"geometry":{"type":"LineString","coordinates":[[91.6978454,26.1479305],[91.6984206,26.1477418],[91.6989193,26.1477034]]}},{"type":"Feature","properties":{"id":122026761,"highway":"residential","name":null,"oneway":null,"junction":null},"geometry":{"type":"LineString","coordinates":[[91.6879764,26.1500865],[91.688213,26.1488884],[91.6883647,26.1481204]]}},{"type":"Feature","properties":{"id":122026763,"highway":"residential","name":null,"oneway":null,"junction":null},"geometry":{"type":"LineString","coordinates":[[91.6931036,26.1495287],[91.6945813,26.1496979]]}},{"type":"Feature","properties":{"id":122026765,"highway":"residential","name":null,"oneway":null,"junction":null},"geometry":{"type":"LineString","coordinates":[[91.7035543,26.1571982],[91.704462,26.1573497],[91.7050571,26.157641],[91.7052173,26.1578304],[91.7052997,26.1578492],[91.7061166,26.1580631],[91.7063603,26.1581531],[91.7065453,26.1582761],[91.7069932,26.1585801],[91.7070734,26.1586342],[91.7074939,26.1588869],[91.7079158,26.1592188],[91.7083915,26.159593],[91.7086815,26.1598039],[91.7094192,26.1600688]]}},{"type":"Feature","properties":{"id":122026766,"highway":"residential","name":null,"oneway":null,"junction":null},"geometry":{"type":"LineString","coordinates":[[91.7009994,26.1538471],[91.7010322,26.1544704],[91.7010545,26.1548955],[91.7010305,26.1550173],[91.700964,26.1551263],[91.7008453,26.155264],[91.7006764,26.1553896]]}},{"type":"Feature","properties":{"id":122026768,"highway":"residential","name":null,"oneway":null,"junction":null},"geometry":{"type":"LineString","coordinates":[[91.7101993,26.1593697],[91.7096907,26.1590339],[91.7093916,26.1588364],[91.7084615,26.1581579],[91.7082399,26.1579851],[91.7078429,26.1576288],[91.7071134,26.1571618],[91.7061639,26.1566803],[91.7056864,26.156466],[91.7048737,26.1561867],[91.7043668,26.1560567],[91.7038491,26.1559195],[91.7036667,26.1558882],[91.7025831,26.1557943],[91.7022935,26.1557774],[91.7017919,26.1558087],[91.701183,26.1558761],[91.7005432,26.1559785],[91.6998603,26.1560937],[91.6992961,26.1562048],[91.6984498,26.1563456],[91.6973726,26.1565169]]}},{"type":"Feature","properties":{"id":122026769,"highway":"residential","name":null,"oneway":null,"junction":null},"geometry":{"type":"LineString","coordinates":[[91.7032019,26.1566618],[91.703168,26.1568557],[91.7031202,26.1571287],[91.7030401,26.1576966]]}},{"type":"Feature","properties":{"id":122026771,"highway":"residential","name":null,"oneway":null,"junction":null},"geometry":{"type":"LineString","coordinates":[[91.6998685,26.1508335],[91.6998466,26.1506569],[91.6994304,26.1505041],[91.699173,26.1505539],[91.6990559,26.1507026],[91.6990102,26.1507476],[91.698906,26.1509218],[91.6989269,26.1510186],[91.6989665,26.1512013],[91.6992179,26.1513847],[91.6994156,26.1514233],[91.6997516,26.1512543],[91.6998631,26.1510732],[91.699876,26.151041],[91.6998685,26.1508335]]}},{"type":"Feature","properties":{"id":122026773,"highway":"residential","name":null,"oneway":null,"junction":null},"geometry":{"type":"LineString","coordinates":[[91.7012939,26.1483886],[91.7010786,26.1481875],[91.7009936,26.1479276],[91.7010094,26.1477016]]}},{"type":"Feature","properties":{"id":122026776,"highway":"residential","name":null,"oneway":null,"junction":null},"geometry":{"type":"LineString","coordinates":[[91.697165,26.1534776],[91.6994194,26.1533435]]}},{"type":"Feature","properties":{"id":122026777,"highway":"residential","name":null,"oneway":null,"junction":null},"geometry":{"type":"LineString","coordinates":[[91.6985885,26.1492553],[91.6987154,26.1491816],[91.6990636,26.1490888],[91.6995593,26.1490969],[91.69964,26.1491039],[91.7000181,26.149175]]}},{"type":"Feature","properties":{"id":122026778,"highway":"residential","name":null,"oneway":null,"junction":null},"geometry":{"type":"LineString","coordinates":[[91.6905346,26.152663],[91.6907328,26.1517505]]}},{"type":"Feature","properties":{"id":122026780,"highway":"residential","name":null,"oneway":null,"junction":null},"geometry":{"type":"LineString","coordinates":[[91.701183,26.1558761],[91.7011777,26.1557365],[91.7012259,26.1556137],[91.701301,26.1554596],[91.7014566,26.1553369],[91.7016739,26.1552887],[91.7018723,26.15532],[91.7020521,26.1554283],[91.7021754,26.1555776],[91.7022935,26.1557774]]}},{"type":"Feature","properties":{"id":122026781,"highway":"tertiary","name":null,"oneway":null,"junction":"roundabout"},"geometry":{"type":"LineString","coordinates":[[91.6961161,26.1504347],[91.6961368,26.1503867],[91.69614,26.1503353],[91.6961254,26.1502855],[91.6960944,26.1502422],[91.696058,26.1502139],[91.6960147,26.1501951],[91.6959639,26.1501869],[91.6959126,26.1501917],[91.6958649,26.150209],[91.6958244,26.1502375],[91.6957943,26.150275],[91.695777,26.1503184],[91.6957731,26.1503526],[91.6957839,26.1504076],[91.6958145,26.1504562],[91.6958614,26.1504928],[91.6959192,26.1505134],[91.6959764,26.150516],[91.6960318,26.1505027],[91.6960799,26.1504747],[91.6961161,26.1504347]]}},{"type":"Feature","properties":{"id":122026784,"highway":"residential","name":null,"oneway":null,"junction":null},"geometry":{"type":"LineString","coordinates":[[91.7078629,26.1585465],[91.7074939,26.1588869],[91.707043,26.1592865],[91.70699,26.1598455],[91.7069579,26.1599969],[91.7069507,26.1600223],[91.7069313,26.1601171]]}},{"type":"Feature","properties":{"id":122026785,"highway":"residential","name":null,"oneway":null,"junction":null},"geometry":{"type":"LineString","coordinates":[[91.7065453,26.1582761],[91.7062177,26.1587048],[91.7061223,26.1589679],[91.7060159,26.1592327]]}},{"type":"Feature","properties":{"id":122026788,"highway":"residential","name":null,"oneway":null,"junction":null},"geometry":{"type":"LineString","coordinates":[[91.6870933,26.151255],[91.6880413,26.1521797]]}},{"type":"Feature","properties":{"id":122026789,"highway":"residential","name":null,"oneway":null,"junction":null},"geometry":{"type":"LineString","coordinates":[[91.7030287,26.151791],[91.7028624,26.1521249],[91.7025723,26.1527507]]}},{"type":"Feature","properties":{"id":122026790,"highway":"residential","name":null,"oneway":null,"junction":null},"geometry":{"type":"LineString","coordinates":[[91.6926528,26.1490642],[91.6929618,26.149311],[91.6931036,26.1495287],[91.6931954,26.1496697],[91.6932692,26.1500063],[91.6932681,26.1501188]]}},{"type":"Feature","properties":{"id":122026792,"highway":"residential","name":null,"oneway":null,"junction":null},"geometry":{"type":"LineString","coordinates":[[91.7000834,26.1533451],[91.7010853,26.1533022]]}},{"type":"Feature","properties":{"id":123891681,"highway":"service","name":null,"oneway":"yes","junction":null},"geometry":{"type":"LineString","coordinates":[[91.6763458,26.1832918],[91.6763315,26.1833153],[91.676325,26.1833576],[91.6763309,26.1833885],[91.6763564,26.1834493],[91.6765319,26.1838674],[91.6765522,26.1839323],[91.6765608,26.1839597],[91.6765726,26.1840521],[91.676575,26.1843046],[91.6765932,26.1843493],[91.6766147,26.1844051]]}},{"type":"Feature","properties":{"id":123891685,"highway":"service","name":null,"oneway":null,"junction":null},"geometry":{"type":"LineString","coordinates":[[91.6793218,26.1864393],[91.680853,26.185882],[91.6808842,26.1858612],[91.6808945,26.185818],[91.6804278,26.1846261]]}},{"type":"Feature","properties":{"id":123891687,"highway":"unclassified","name":null,"oneway":null,"junction":null},"geometry":{"type":"LineString","coordinates":[[91.6697703,26.1914037],[91.6709994,26.1921822],[91.6713405,26.1922838],[91.6718735,26.1923128],[91.6719689,26.192318],[91.6723456,26.1922957],[91.6727187,26.1922736],[91.6728353,26.1922667],[91.6754803,26.1924536],[91.677672,26.1926084]]}},{"type":"Feature","properties":{"id":123891688,"highway":"residential","name":null,"oneway":null,"junction":null},"geometry":{"type":"LineString","coordinates":[[91.736358,26.2032876],[91.7366986,26.2033078],[91.737302,26.2033893],[91.7375196,26.2034339],[91.7377781,26.2034922],[91.7378805,26.2035333],[91.7379471,26.2035882],[91.7380008,26.2036627],[91.738029,26.2037372],[91.7380751,26.2038865],[91.7387221,26.2040569],[91.7390107,26.2041463],[91.7393794,26.2042334],[91.739794,26.2043113],[91.7400414,26.2043583],[91.7402708,26.2044104],[91.7404379,26.2044651],[91.7406107,26.2045462],[91.7411961,26.2048861],[91.7414383,26.2050055],[91.7416194,26.2050574],[91.7418887,26.2051965],[91.7420833,26.2053219],[91.7423793,26.2054877],[91.7425272,26.2055841],[91.7426924,26.2056728],[91.7429037,26.2057641],[91.7430538,26.2058258],[91.7432922,26.2059343],[91.7435071,26.2060524],[91.7435974,26.2061088],[91.7437251,26.2061668],[91.7438829,26.206221],[91.7443368,26.2063181]]}},{"type":"Feature","properties":{"id":123891689,"highway":"service","name":null,"oneway":null,"junction":null},"geometry":{"type":"LineString","coordinates":[[91.6767771,26.1846211],[91.67799,26.1854943],[91.6780524,26.1855392],[91.6785103,26.1858639],[91.6793218,26.1864393],[91.6793238,26.1869105],[91.6793141,26.1871499],[91.6792829,26.1873893]]}},{"type":"Feature","properties":{"id":123891690,"highway":"residential","name":null,"oneway":null,"junction":null},"geometry":{"type":"LineString","coordinates":[[91.741084,26.2066809],[91.7407299,26.2069526],[91.7403008,26.2072493],[91.7402346,26.2072708],[91.7401641,26.2072732],[91.7400465,26.2072617],[91.7399332,26.2072599],[91.7398138,26.2072674],[91.7396729,26.2073077],[91.7391652,26.2075145],[91.7391016,26.2075651],[91.7390681,26.2076157],[91.7389863,26.2082414],[91.7389692,26.2083515],[91.7389145,26.2087616],[91.7388839,26.2088453],[91.7388297,26.2088999],[91.7387504,26.2089329],[91.738631,26.2089413],[91.738526,26.2089271],[91.7384316,26.2089021],[91.7383517,26.2088706],[91.7381642,26.2087906],[91.7380791,26.208767],[91.7366802,26.2087264],[91.7366447,26.2087961],[91.7357211,26.2108691]]}},{"type":"Feature","properties":{"id":123891696,"highway":"service","name":null,"oneway":null,"junction":null},"geometry":{"type":"LineString","coordinates":[[91.676769,26.1845739],[91.6767449,26.1845313],[91.6767072,26.1844974],[91.6766598,26.1844757],[91.6766144,26.1844683],[91.6765547,26.1844758],[91.6765074,26.1844976],[91.6764699,26.1845314],[91.6764459,26.184574],[91.6764377,26.1846211],[91.6764462,26.184668],[91.6764703,26.1847103],[91.6765077,26.1847438],[91.6765549,26.1847654],[91.6766072,26.1847729],[91.6766596,26.1847655],[91.6767069,26.184744],[91.6767445,26.1847104],[91.6767687,26.1846681],[91.6767771,26.1846211],[91.676769,26.1845739]]}},{"type":"Feature","properties":{"id":123891697,"highway":"service","name":null,"oneway":null,"junction":null},"geometry":{"type":"LineString","coordinates":[[91.6780524,26.1855392],[91.6785853,26.1853344],[91.6804278,26.1846261],[91.6807258,26.1845084],[91.6814989,26.1842032],[91.6818716,26.1840561],[91.6819489,26.1840326]]}},{"type":"Feature","properties":{"id":123891700,"highway":"service","name":null,"oneway":null,"junction":null},"geometry":{"type":"LineString","coordinates":[[91.6766072,26.1847729],[91.6765726,26.1856804],[91.6753639,26.1865178],[91.6753288,26.186523],[91.6752936,26.1865169],[91.6752647,26.1864978],[91.6746858,26.1857686]]}},{"type":"Feature","properties":{"id":123891705,"highway":"residential","name":null,"oneway":null,"junction":null},"geometry":{"type":"LineString","coordinates":[[91.7424417,26.2381367],[91.7421767,26.23724],[91.7421185,26.2368507],[91.7411357,26.2341463],[91.7395412,26.2297588],[91.738366,26.226525],[91.737774,26.2248959],[91.737738,26.2247968],[91.7375489,26.2235769],[91.7375041,26.2232878],[91.7374542,26.222966],[91.7372763,26.2218186],[91.7364317,26.2163709],[91.736478,26.2160859]]}},{"type":"Feature","properties":{"id":123891706,"highway":"secondary","name":null,"oneway":null,"junction":null},"geometry":{"type":"LineString","coordinates":[[91.7300087,26.2007836],[91.7302891,26.2009021],[91.7307319,26.2010577],[91.7308773,26.2011093],[91.7310428,26.2011801],[91.7314503,26.2013599],[91.7319051,26.2015584],[91.7323763,26.2017864],[91.7326069,26.2018866],[91.7332203,26.2021402],[91.7334339,26.2022286],[91.7338163,26.2023673],[91.7346821,26.2026217],[91.7349535,26.2027168],[91.735405,26.2028751],[91.7361483,26.2031337],[91.7362595,26.2031889],[91.7363215,26.2032383],[91.736358,26.2032876],[91.7363716,26.203367],[91.7363775,26.203451],[91.7363647,26.2035498],[91.7363256,26.2037305],[91.7360712,26.2044824],[91.7360609,26.2045263],[91.7360704,26.2045831],[91.7360894,26.2046256],[91.7361327,26.2046535],[91.7361941,26.2046782],[91.7365487,26.2047732],[91.7370268,26.2049014],[91.7375199,26.2050335],[91.7377968,26.2051141],[91.7383162,26.2052841],[91.738739,26.2054209],[91.7388659,26.2054759],[91.7390027,26.2055449],[91.7391539,26.2056138],[91.7393545,26.2056976],[91.7402325,26.2060585],[91.7403375,26.206112],[91.7404061,26.2061502],[91.741084,26.2066809],[91.7415539,26.20705]]}},{"type":"Feature","properties":{"id":123891709,"highway":"tertiary","name":null,"oneway":null,"junction":null},"geometry":{"type":"LineString","coordinates":[[91.7261597,26.2235776],[91.7263656,26.2236392],[91.7265716,26.2236469],[91.7267776,26.2236238],[91.7269836,26.2234775],[91.7271725,26.2232157],[91.727387,26.2230463],[91.7277304,26.2228923],[91.7280651,26.2227383],[91.7281787,26.2226253],[91.7282539,26.2225458],[91.7285286,26.222284],[91.7286745,26.2221608],[91.7293011,26.2218297],[91.7294126,26.2216988],[91.7298675,26.2209211],[91.7299534,26.2206901],[91.7299877,26.2204206],[91.7299733,26.2200974],[91.729962,26.2198432],[91.7299362,26.2194736],[91.7299129,26.2194109],[91.7298847,26.219335],[91.7297903,26.219181],[91.7296959,26.2190886],[91.7296685,26.2190739],[91.7294384,26.21895],[91.729138,26.218873],[91.7288805,26.2188422],[91.7287346,26.2187806],[91.7286316,26.2186651],[91.7285192,26.218384],[91.7285098,26.2183318],[91.7284685,26.218103],[91.7284509,26.2179391],[91.7284428,26.2178643],[91.7284771,26.2175024],[91.7284513,26.2173792],[91.7283827,26.2172021],[91.7283741,26.2169942],[91.7283733,26.2169743],[91.7283701,26.2168889],[91.7283569,26.2165398],[91.7283997,26.2164054],[91.7284231,26.2163319],[91.7284428,26.2162703],[91.7285028,26.2157159],[91.7285629,26.2154926],[91.7286831,26.2151923],[91.7287924,26.214416],[91.7288789,26.2138014],[91.7288977,26.2136677],[91.7290178,26.2130978],[91.7290178,26.2124895],[91.7290406,26.2120714],[91.7290779,26.2113883],[91.7290779,26.2110803],[91.7290264,26.2109725],[91.7289577,26.2109648],[91.7285972,26.2109417],[91.7281938,26.2108724],[91.7280994,26.2108031],[91.7280393,26.2106953],[91.7278894,26.209699],[91.727659,26.2082991],[91.7275824,26.207719],[91.7275415,26.2073994],[91.7274388,26.2068497],[91.7274128,26.206618],[91.7273832,26.2063001],[91.7273662,26.2058063],[91.7273811,26.2057423],[91.7273933,26.2057001],[91.7281223,26.2042961],[91.7282037,26.2041686],[91.7283033,26.2040357],[91.7284442,26.2038405],[91.728576,26.203648],[91.7286245,26.2035739],[91.7295172,26.2021629],[91.729556,26.2021102],[91.7298845,26.2015832],[91.7300167,26.2013606],[91.7302891,26.2009021]]}},{"type":"Feature","properties":{"id":123891710,"highway":"service","name":null,"oneway":null,"junction":null},"geometry":{"type":"LineString","coordinates":[[91.6764377,26.1846211],[91.6749277,26.1856104],[91.6746858,26.1857686],[91.6741035,26.1861705]]}},{"type":"Feature","properties":{"id":123891712,"highway":"service","name":null,"oneway":null,"junction":null},"geometry":{"type":"LineString","coordinates":[[91.6765726,26.1856804],[91.6773356,26.1862154],[91.6785395,26.1870596],[91.6786486,26.1871177],[91.6792829,26.1873893],[91.6793669,26.1874227],[91.6794101,26.1874317],[91.6794543,26.1874286],[91.6797164,26.1873613],[91.6811746,26.1869757]]}},{"type":"Feature","properties":{"id":123891713,"highway":"service","name":null,"oneway":null,"junction":null},"geometry":{"type":"LineString","coordinates":[[91.6749277,26.1856104],[91.6735997,26.1841844]]}},{"type":"Feature","properties":{"id":129101815,"highway":"residential","name":null,"oneway":null,"junction":null},"geometry":{"type":"LineString","coordinates":[[91.7465025,26.1858719],[91.7444586,26.1853738]]}},{"type":"Feature","properties":{"id":129101820,"highway":"residential","name":null,"oneway":null,"junction":null},"geometry":{"type":"LineString","coordinates":[[91.7430936,26.1839588],[91.7418366,26.1835727],[91.7408465,26.1832924],[91.7406012,26.183242]]}},{"type":"Feature","properties":{"id":135461184,"highway":"trunk_link","name":null,"oneway":"yes","junction":null},"geometry":{"type":"LineString","coordinates":[[91.673761,26.1576138],[91.6738482,26.1575251],[91.6740632,26.1573929]]}},{"type":"Feature","properties":{"id":157584898,"highway":"primary","name":null,"oneway":"yes","junction":null},"geometry":{"type":"LineString","coordinates":[[91.7346859,26.1789502],[91.73476,26.17903],[91.7349532,26.1792378],[91.7364955,26.1813065],[91.7366406,26.1815048],[91.7369287,26.1818985],[91.7378346,26.1832604],[91.7382545,26.1839072],[91.7386778,26.1846223],[91.7389257,26.1849368],[91.7392927,26.1854382],[91.7395275,26.1857705],[91.7399904,26.1864262],[91.7401729,26.1866387],[91.7403574,26.1868535],[91.7405227,26.1870078],[91.7406384,26.187076],[91.741108,26.1873223],[91.7416138,26.1876071],[91.7418133,26.1876957]]}},{"type":"Feature","properties":{"id":157586072,"highway":"tertiary","name":null,"oneway":null,"junction":null},"geometry":{"type":"LineString","coordinates":[[91.7070252,26.1637594],[91.7069476,26.1637327],[91.7066287,26.163713],[91.7064411,26.1636574],[91.7063333,26.1635542],[91.7062082,26.1633748],[91.7061679,26.1632683],[91.7061317,26.1631874],[91.7060064,26.1630812],[91.7058324,26.163025],[91.7054322,26.1628376],[91.7052651,26.1627658],[91.7050807,26.1627533],[91.7049311,26.1627033],[91.7049067,26.1626158],[91.705032,26.1625846],[91.7053278,26.1626533],[91.7055714,26.1627252],[91.7058393,26.1627908],[91.706243,26.1628595],[91.7065353,26.162847],[91.7068068,26.1628126],[91.7071269,26.162797],[91.7073323,26.1628189],[91.7075306,26.162897],[91.7076977,26.1630157],[91.7078995,26.1631031],[91.7081257,26.1631125],[91.708773,26.1631874],[91.7089644,26.1632687],[91.7090688,26.1633998],[91.7090862,26.1634967],[91.7090514,26.163656],[91.7089676,26.1638746],[91.7089549,26.1639629],[91.7090226,26.1640296],[91.7090787,26.1641068],[91.7091413,26.1642089],[91.7091295,26.1643285],[91.709096,26.16449],[91.7090881,26.1645762],[91.7092068,26.1646687],[91.7094227,26.1646749],[91.7095108,26.1647117],[91.7098414,26.1646867],[91.7101302,26.1646711],[91.7104207,26.1646532],[91.7105828,26.1647368],[91.7107485,26.1647943],[91.7108679,26.1649093],[91.710958,26.1650056],[91.7110695,26.1650839],[91.7112349,26.1650963],[91.7114526,26.1650834],[91.7118844,26.1651278],[91.7122843,26.1652114],[91.7125285,26.1652775],[91.7128473,26.1653747],[91.7129955,26.1654217],[91.71312,26.1654692],[91.7132181,26.1655059],[91.7133388,26.1655661],[91.7134595,26.1656335],[91.7135158,26.1656648],[91.7135703,26.1657096],[91.7136446,26.1657756],[91.713696,26.1658454],[91.7137438,26.1659441],[91.7137806,26.1660474],[91.7138001,26.1661631],[91.7138024,26.1662534],[91.7138198,26.1664694],[91.7138403,26.1665186],[91.7138702,26.1665639],[91.7139128,26.1666013],[91.7139464,26.1666155],[91.7140682,26.1666402],[91.7142245,26.1666767],[91.7143469,26.1667306],[91.7144009,26.1667481],[91.7144772,26.16676],[91.7145793,26.1667589],[91.7147746,26.1667461],[91.7150254,26.1667208],[91.7152334,26.1667047],[91.7153779,26.1666754],[91.7154564,26.1666506],[91.7155169,26.1666165],[91.7156112,26.1665451],[91.7157206,26.1664689],[91.7157742,26.166434],[91.715832,26.1664159],[91.7158762,26.1664039],[91.715958,26.1663978],[91.7160162,26.1663951],[91.7160626,26.1664003],[91.7161028,26.1664051],[91.7161822,26.166434],[91.7163122,26.1665035],[91.7164517,26.1665799],[91.7165988,26.1666402],[91.7168511,26.1667277],[91.7170517,26.1667798],[91.7170995,26.1667782],[91.7171341,26.1667614],[91.7171458,26.1667298],[91.7171274,26.1666903],[91.7170939,26.1666663],[91.7170349,26.1666217],[91.7168511,26.1664885],[91.7166691,26.1663689],[91.7165172,26.166263],[91.7163456,26.1661641],[91.716198,26.1661005],[91.716061,26.1660653],[91.7159128,26.1660628],[91.7157957,26.1660837],[91.7156785,26.1661293],[91.7154728,26.1661833],[91.715329,26.1662065],[91.7151868,26.1662086],[91.7149928,26.1661828],[91.7148789,26.1661352],[91.7147825,26.1660327],[91.7147214,26.1659062],[91.7147126,26.1658339],[91.7147295,26.1657488],[91.7148075,26.1655927],[91.7148301,26.1654722],[91.7147749,26.1653931],[91.714696,26.1653347],[91.7146342,26.165297],[91.7144889,26.1652398],[91.7141072,26.1651027],[91.7140321,26.1650527],[91.713745,26.1649078],[91.7137171,26.1647729],[91.7137191,26.164716],[91.7137307,26.1646353],[91.7137857,26.164559],[91.7138591,26.16449],[91.7139473,26.1644266],[91.7140013,26.16436],[91.7140516,26.1642455],[91.7140605,26.1641339],[91.7140362,26.164035],[91.7139986,26.1639271],[91.7139128,26.1637823],[91.7138296,26.1637052],[91.7136687,26.1636255],[91.7136275,26.1636036],[91.7134668,26.1635183],[91.7134453,26.1635052],[91.7132556,26.1633899],[91.7131698,26.1633586],[91.7130425,26.1633431],[91.7128024,26.1633389],[91.7126977,26.1633249],[91.7125704,26.1632724],[91.7124763,26.1631916],[91.7124152,26.1631105],[91.7123901,26.1630071],[91.7123987,26.1629012],[91.7124349,26.1628253],[91.7124778,26.1627759],[91.7126547,26.1626645],[91.7128158,26.1625483],[91.7129284,26.1624052],[91.7130112,26.1622717],[91.7130322,26.1622385],[91.7131074,26.1621394]]}},{"type":"Feature","properties":{"id":157586073,"highway":"residential","name":null,"oneway":null,"junction":null},"geometry":{"type":"LineString","coordinates":[[91.7085125,26.1668813],[91.7085387,26.1669571],[91.7087693,26.1670535],[91.7091278,26.167194],[91.7095941,26.1674814],[91.7099038,26.1677156],[91.7101769,26.1678466],[91.7103492,26.1679186],[91.7108016,26.1679124],[91.7109582,26.1678937],[91.7111721,26.1677399],[91.7113811,26.1675024],[91.7114968,26.1672724],[91.7115794,26.1671092],[91.7117134,26.1669754],[91.7117238,26.1668286],[91.7115846,26.1667411],[91.711261,26.1667318],[91.7110104,26.1667193],[91.7107007,26.16656],[91.710471,26.1664694],[91.7101787,26.16646],[91.7095611,26.1662686],[91.7090844,26.1661874],[91.7084858,26.1660219],[91.7082004,26.1659032],[91.707922,26.1659032],[91.7077028,26.1659782],[91.7074696,26.1659657],[91.7069407,26.1659844],[91.7068855,26.165946],[91.7068582,26.165927],[91.7068084,26.1658438],[91.706786,26.165753],[91.7068734,26.165682],[91.707189,26.1655483],[91.7072736,26.1654616],[91.7073117,26.165148],[91.707214,26.1649186]]}},{"type":"Feature","properties":{"id":157586074,"highway":"living_street","name":null,"oneway":null,"junction":null},"geometry":{"type":"LineString","coordinates":[[91.7055998,26.1663074],[91.7057598,26.1662593],[91.7065173,26.166074]]}},{"type":"Feature","properties":{"id":157586075,"highway":"living_street","name":null,"oneway":null,"junction":null},"geometry":{"type":"LineString","coordinates":[[91.7071643,26.1669642],[91.7064374,26.1671004],[91.7063097,26.1667436],[91.7062246,26.166689],[91.7061882,26.16667],[91.7061426,26.1666536],[91.7061049,26.1666477],[91.7059679,26.1667079]]}},{"type":"Feature","properties":{"id":157586076,"highway":"residential","name":null,"oneway":null,"junction":null},"geometry":{"type":"LineString","coordinates":[[91.7094618,26.1669254],[91.7093192,26.166838],[91.7090094,26.1667786],[91.7086997,26.1667693],[91.7085605,26.1668005],[91.7085125,26.1668813]]}},{"type":"Feature","properties":{"id":157586078,"highway":"living_street","name":null,"oneway":null,"junction":null},"geometry":{"type":"LineString","coordinates":[[91.7023613,26.1672043],[91.7026223,26.167045],[91.7028033,26.1668701],[91.7030956,26.1667483],[91.7038368,26.1666108],[91.7040896,26.1665733],[91.7044946,26.1664141],[91.7046584,26.1663863]]}},{"type":"Feature","properties":{"id":157586080,"highway":"living_street","name":null,"oneway":null,"junction":null},"geometry":{"type":"LineString","coordinates":[[91.7040896,26.1665733],[91.7040144,26.1669887],[91.7040484,26.167037],[91.7040948,26.1670634],[91.7041423,26.1670994],[91.7041708,26.167179],[91.704208,26.1673658],[91.7041721,26.1674753],[91.7041244,26.1675728],[91.7040337,26.1676191],[91.7039591,26.1676889],[91.7038922,26.1677829]]}},{"type":"Feature","properties":{"id":157587543,"highway":"residential","name":"Jaswanta Road","oneway":null,"junction":null},"geometry":{"type":"LineString","coordinates":[[91.7436421,26.1848119],[91.742892,26.1864184]]}},{"type":"Feature","properties":{"id":157587544,"highway":"tertiary","name":null,"oneway":null,"junction":null},"geometry":{"type":"LineString","coordinates":[[91.7388891,26.1803381],[91.7392653,26.17979],[91.7399703,26.1787628],[91.7401037,26.1786067],[91.7401725,26.1785262],[91.7404639,26.1781851],[91.7405226,26.1781408],[91.7405616,26.1781114],[91.740581,26.1780968],[91.7401986,26.177382],[91.7400607,26.1762713],[91.7400379,26.1760881]]}},{"type":"Feature","properties":{"id":157587546,"highway":"residential","name":null,"oneway":null,"junction":null},"geometry":{"type":"LineString","coordinates":[[91.7347226,26.1772517],[91.7357999,26.1787023],[91.7362825,26.1793846],[91.7371367,26.180602],[91.7376313,26.1812534],[91.7378175,26.1815185],[91.7381002,26.1819211]]}},{"type":"Feature","properties":{"id":157587548,"highway":"tertiary","name":null,"oneway":null,"junction":null},"geometry":{"type":"LineString","coordinates":[[91.7388891,26.1803381],[91.7377709,26.1801796],[91.7374304,26.1799901],[91.736722,26.1791158],[91.7361864,26.1784548],[91.7357473,26.1779188],[91.7352785,26.1773465],[91.7349778,26.1769795]]}},{"type":"Feature","properties":{"id":157587549,"highway":"tertiary","name":null,"oneway":"yes","junction":null},"geometry":{"type":"LineString","coordinates":[[91.7405506,26.1818889],[91.7411883,26.1817724],[91.7414333,26.1817651],[91.7415286,26.1817622],[91.7417877,26.1817739],[91.742444,26.181902],[91.7432253,26.1820961],[91.7438104,26.1822414],[91.7447464,26.1824827],[91.744965,26.1826088],[91.745123,26.1828029],[91.745363,26.1831866]]}},{"type":"Feature","properties":{"id":221491267,"highway":"service","name":null,"oneway":null,"junction":null},"geometry":{"type":"LineString","coordinates":[[91.7036776,26.2000381],[91.7038184,26.1999406],[91.7036504,26.1984605],[91.7040476,26.1964253],[91.7041774,26.1963294],[91.705333,26.1962247],[91.7065219,26.1961169]]}},{"type":"Feature","properties":{"id":221491270,"highway":"tertiary","name":null,"oneway":null,"junction":null},"geometry":{"type":"LineString","coordinates":[[91.6525897,26.2395029],[91.653943,26.2389891],[91.654011,26.2389299],[91.6541407,26.2388168],[91.6542904,26.2385865],[91.6555015,26.2381427],[91.6567448,26.2377951],[91.6568302,26.2377977],[91.6570656,26.2378047],[91.6581599,26.2378113],[91.6585376,26.23781],[91.6591066,26.237812],[91.6597389,26.2378143],[91.6600522,26.2377656],[91.6613694,26.237524],[91.6615179,26.2374831],[91.6616287,26.2374903],[91.6620592,26.2378526],[91.6623693,26.2385144],[91.6624121,26.239157],[91.6624442,26.239416],[91.6625618,26.2395886],[91.6627125,26.2397446],[91.6628398,26.2398764],[91.6630644,26.2400107],[91.6633959,26.2400202],[91.6637167,26.2398572],[91.6640481,26.2393968],[91.664647,26.2392434],[91.6650319,26.2390707],[91.6653741,26.2383897],[91.665358,26.2380636],[91.6653313,26.2378814],[91.665481,26.2376944],[91.665985,26.2374438],[91.6668604,26.2370086],[91.6672133,26.2369271],[91.6674913,26.2367928],[91.6676196,26.2367448],[91.6680741,26.23674],[91.6682291,26.2366489],[91.6682719,26.2365626],[91.6682879,26.2362461],[91.6683842,26.2361741],[91.6688333,26.2361646],[91.6688729,26.2358576],[91.6708809,26.2354089],[91.6710009,26.2353849],[91.6711612,26.2353493],[91.6716188,26.2353251],[91.6717066,26.2353205],[91.6722287,26.2353298],[91.6729679,26.235343],[91.673236,26.2353478],[91.6754598,26.2353876],[91.6761618,26.2353805],[91.6765956,26.2353761],[91.6771429,26.2353705],[91.6782828,26.2353589],[91.6784919,26.2353522],[91.6785822,26.2353493],[91.6792879,26.2353972],[91.6796729,26.2353397],[91.6804005,26.2352113],[91.6808304,26.235096],[91.6809881,26.2350806],[91.6810611,26.2350816],[91.6811322,26.2350972],[91.6812554,26.2351383],[91.6813011,26.2351597],[91.6813719,26.2351951],[91.681513,26.2352295],[91.6816994,26.2352557],[91.6819505,26.2352438],[91.6824103,26.2352534],[91.6825148,26.2352716]]}},{"type":"Feature","properties":{"id":222980004,"highway":"service","name":null,"oneway":null,"junction":null},"geometry":{"type":"LineString","coordinates":[[91.6930728,26.1576702],[91.6935882,26.1575059],[91.6938991,26.1574336],[91.6941391,26.1573816],[91.6943807,26.1573411],[91.6947178,26.1573584],[91.695021,26.1573827],[91.69531,26.1573911],[91.6956836,26.1573563],[91.6962075,26.1572807],[91.6969594,26.1571831]]}},{"type":"Feature","properties":{"id":222980005,"highway":"residential","name":null,"oneway":null,"junction":null},"geometry":{"type":"LineString","coordinates":[[91.6689198,26.1571563],[91.6690861,26.1565517],[91.6690678,26.1563963],[91.6689802,26.1562037],[91.6686198,26.1554109],[91.6684209,26.1549733],[91.6684247,26.154908],[91.66843,26.1548179],[91.6685576,26.1539755],[91.6686305,26.1538119],[91.6688713,26.1536143],[91.6689494,26.1535502],[91.6690405,26.1534193],[91.6691499,26.1527896],[91.6691407,26.1525933],[91.6690257,26.1519633],[91.6689585,26.1515955],[91.6688127,26.151162],[91.6688856,26.1510393],[91.6696096,26.1506712],[91.6699531,26.1505703],[91.6700974,26.1505241],[91.6707808,26.1502787],[91.6713548,26.1501887],[91.6714438,26.1501495]]}},{"type":"Feature","properties":{"id":222980008,"highway":"service","name":null,"oneway":"yes","junction":null},"geometry":{"type":"LineString","coordinates":[[91.6930728,26.1576702],[91.692179,26.1576224],[91.6917951,26.1576018]]}},{"type":"Feature","properties":{"id":224011416,"highway":"trunk","name":null,"oneway":"yes","junction":null},"geometry":{"type":"LineString","coordinates":[[91.6828072,26.1242993],[91.6814983,26.1250868],[91.6807124,26.1255275],[91.6790655,26.1264908],[91.6777807,26.1272469],[91.6774803,26.1274203],[91.6772175,26.1275792],[91.6769627,26.1277502],[91.6766971,26.1279356],[91.6764852,26.1280898],[91.676209,26.1283017],[91.6756484,26.1287592],[91.6752246,26.1291108],[91.6750073,26.1293179],[91.6747874,26.1295443],[91.6746104,26.1297827],[91.6744548,26.1300235],[91.6743717,26.1301692],[91.6742778,26.1303726],[91.6741973,26.1305677],[91.6741142,26.1308205],[91.6740337,26.1310926],[91.6738795,26.131632],[91.6736019,26.1326266],[91.6733994,26.1333887],[91.673335,26.1336488],[91.673284,26.1338715],[91.6732545,26.1340497],[91.6732304,26.1342171],[91.6732156,26.1343615],[91.6732089,26.1344639],[91.6732116,26.1346689],[91.6732359,26.1349922],[91.6732706,26.1352049],[91.673313,26.1353976],[91.6733798,26.1356049],[91.673456,26.1357938],[91.6735402,26.1359989],[91.6736431,26.1362016],[91.6738509,26.1366395],[91.6740419,26.137042],[91.6742312,26.1374667],[91.6743992,26.1378817],[91.6750556,26.1397924],[91.6756425,26.1415008],[91.6756736,26.1415913],[91.6760425,26.1426651],[91.6768016,26.1448122],[91.6777293,26.147436],[91.677785,26.1476371],[91.6778255,26.1477832],[91.6778773,26.1480441],[91.6778988,26.1482343],[91.6779095,26.148427],[91.6779068,26.1486942],[91.6778746,26.1489855],[91.6778451,26.1491493],[91.6778129,26.1493154],[91.6777244,26.1496188],[91.6776091,26.150016],[91.6774857,26.1504326],[91.6773409,26.1508924],[91.6772175,26.1512921],[91.6769412,26.1522913],[91.6768768,26.15252],[91.6767453,26.1529938],[91.6766462,26.1533963],[91.676585,26.1536673],[91.6765657,26.1537527],[91.6764343,26.1544316],[91.6763511,26.1547952],[91.6762948,26.155007],[91.6762385,26.1551683],[91.6761674,26.1553176],[91.6761044,26.1554307],[91.6760011,26.1555813]]}},{"type":"Feature","properties":{"id":224011429,"highway":"tertiary","name":null,"oneway":null,"junction":null},"geometry":{"type":"LineString","coordinates":[[91.6762382,26.1556085],[91.6763452,26.155453],[91.6764482,26.1552227],[91.6765811,26.1547856],[91.6767391,26.1540221],[91.6769598,26.153205],[91.6771164,26.1526044],[91.6772555,26.1521163],[91.6773385,26.1518253],[91.6774939,26.1513335],[91.6777491,26.1505267],[91.6778577,26.1502104],[91.6780185,26.1497427],[91.6780405,26.149666],[91.678152,26.1492773],[91.6781932,26.1490303],[91.6782119,26.1489186],[91.6782433,26.1485968],[91.6782427,26.1485455],[91.6782398,26.1482893],[91.6782125,26.1480013],[91.6781596,26.1477292],[91.6780754,26.1474336],[91.677967,26.1471127],[91.6777799,26.1465764],[91.6776073,26.1460818],[91.676689,26.1434497],[91.6759824,26.1414244],[91.6754864,26.1400029],[91.6753921,26.1397326],[91.6747659,26.1379377],[91.6743311,26.1368572],[91.6741548,26.1364928]]}},{"type":"Feature","properties":{"id":261074438,"highway":"tertiary","name":null,"oneway":null,"junction":null},"geometry":{"type":"LineString","coordinates":[[91.7315189,26.16761],[91.7331026,26.1678266],[91.7335564,26.1678574],[91.7341031,26.1678945],[91.7343024,26.167908],[91.7349471,26.1680002],[91.7359981,26.1681504],[91.7365827,26.1682748],[91.7373861,26.1680372],[91.7376695,26.1680171],[91.7383617,26.167968],[91.7384123,26.1679644],[91.7384509,26.1679617],[91.7388871,26.1679443],[91.7390054,26.1679396],[91.7391661,26.1679332],[91.7397459,26.16791],[91.7419132,26.1677868],[91.7420274,26.1678226]]}},{"type":"Feature","properties":{"id":261074439,"highway":"residential","name":null,"oneway":null,"junction":null},"geometry":{"type":"LineString","coordinates":[[91.7311908,26.1705472],[91.7315438,26.1705966],[91.7321168,26.1706748],[91.7321917,26.1706879],[91.7325565,26.1707515],[91.7328893,26.1708096],[91.7333434,26.1708868],[91.7335328,26.170919],[91.7337206,26.170951],[91.7345308,26.1710888],[91.7346729,26.1711167],[91.7362931,26.1714351],[91.7366441,26.1714124],[91.7375291,26.1713553],[91.7376048,26.1713528],[91.7377858,26.1713469],[91.7382968,26.1713301],[91.7385637,26.1713214],[91.7388791,26.1714795],[91.7396088,26.1726069],[91.7397345,26.1726859]]}},{"type":"Feature","properties":{"id":261074440,"highway":"residential","name":null,"oneway":null,"junction":null},"geometry":{"type":"LineString","coordinates":[[91.6862248,26.1514448],[91.6860646,26.1517186],[91.6860168,26.1521058],[91.6859068,26.1524332],[91.6857946,26.1524281],[91.685345,26.1523946],[91.6852338,26.1523863],[91.684891,26.1523607],[91.6847753,26.1523521],[91.6845718,26.1523369],[91.6845298,26.152333],[91.6842282,26.1523023],[91.683866,26.1522701],[91.6834017,26.152229],[91.6824405,26.1521403],[91.6821474,26.1521133],[91.6815396,26.15207],[91.6813182,26.1520231],[91.6811054,26.151978],[91.6807019,26.1518996],[91.6806547,26.1516236],[91.6790073,26.1517863],[91.678591,26.1516034],[91.6783368,26.1514917],[91.6779634,26.1514294],[91.6778875,26.1514167],[91.6774939,26.1513335]]}},{"type":"Feature","properties":{"id":261074444,"highway":"tertiary","name":null,"oneway":null,"junction":null},"geometry":{"type":"LineString","coordinates":[[91.6826008,26.1679699],[91.6827269,26.1679001],[91.6829548,26.1678158],[91.6831288,26.1676909],[91.6831616,26.1676673],[91.6832321,26.1676149],[91.683444,26.1673915],[91.6835605,26.1672687],[91.6835793,26.1671996],[91.6836343,26.1669978],[91.6837427,26.1665996],[91.6838557,26.1661849],[91.6839061,26.1659998],[91.684073,26.165387],[91.6844095,26.1641517],[91.6846766,26.163171],[91.6848185,26.1626501],[91.685003,26.1619728],[91.6851247,26.1615256],[91.6851486,26.161438],[91.6852784,26.1609615],[91.6853249,26.1608065],[91.6853755,26.1606381],[91.6854051,26.1605395],[91.6854246,26.1601854],[91.6854438,26.1598356],[91.6854452,26.1598103],[91.6854692,26.1593734],[91.6854548,26.1592672],[91.6853617,26.1585829],[91.6853661,26.1584828]]}},{"type":"Feature","properties":{"id":261074445,"highway":"tertiary","name":null,"oneway":null,"junction":null},"geometry":{"type":"LineString","coordinates":[[91.7400379,26.1760881],[91.7400259,26.1760117],[91.739984,26.1757441],[91.7399875,26.1756068],[91.7399947,26.1753253],[91.739998,26.1751955],[91.7400023,26.1749824],[91.7400087,26.174765],[91.7400119,26.174655],[91.7400165,26.1745151],[91.7400309,26.1740765],[91.7400243,26.1740539],[91.739841,26.1734212],[91.7397986,26.173275],[91.7398056,26.1730626],[91.7398054,26.1729192],[91.7397621,26.1727767],[91.7397345,26.1726859],[91.7400187,26.1721451],[91.7405246,26.1715451],[91.7405926,26.1714644],[91.741172,26.1709251],[91.7419015,26.1703667],[91.7424058,26.1699141],[91.7426892,26.1696306],[91.743004,26.1693913],[91.7432588,26.1692493],[91.7434066,26.1691695],[91.7435485,26.1690928],[91.7438999,26.1689604],[91.7442754,26.1688882],[91.7453349,26.1687847],[91.7457208,26.1687548],[91.7460972,26.1687442]]}},{"type":"Feature","properties":{"id":261074446,"highway":"tertiary","name":null,"oneway":null,"junction":null},"geometry":{"type":"LineString","coordinates":[[91.740581,26.1780968],[91.7411387,26.1777042],[91.7411934,26.1776652],[91.7414733,26.1773945]]}},{"type":"Feature","properties":{"id":261074447,"highway":"tertiary","name":"Bharalumukh Road","oneway":"no","junction":null},"geometry":{"type":"LineString","coordinates":[[91.7315189,26.16761],[91.7314626,26.1683242],[91.7313704,26.1690781],[91.7311908,26.1705472],[91.7310393,26.1714673],[91.7308912,26.1723666],[91.7308743,26.172469],[91.7307227,26.1729572],[91.7306872,26.173111]]}},{"type":"Feature","properties":{"id":261074448,"highway":"residential","name":null,"oneway":null,"junction":null},"geometry":{"type":"LineString","coordinates":[[91.7377709,26.1801796],[91.7371367,26.180602],[91.7364512,26.1811274]]}},{"type":"Feature","properties":{"id":261074451,"highway":"tertiary","name":null,"oneway":null,"junction":null},"geometry":{"type":"LineString","coordinates":[[91.6823947,26.1687381],[91.6810101,26.1686579],[91.6779169,26.1684787],[91.6777838,26.1684627],[91.6755062,26.1681885],[91.6749686,26.1681238],[91.6736378,26.1679636],[91.6734456,26.1679344],[91.6729869,26.1678648],[91.671954,26.1677737]]}},{"type":"Feature","properties":{"id":261074454,"highway":"tertiary","name":"Assam Trunk Road","oneway":"no","junction":null},"geometry":{"type":"LineString","coordinates":[[91.7457819,26.1803267],[91.7454617,26.1802737],[91.7451659,26.1802061],[91.7448205,26.1800489],[91.7439365,26.1794103],[91.7436843,26.1791726],[91.7432769,26.1787628],[91.7430042,26.1785314],[91.7415109,26.1773566],[91.7410005,26.1769284]]}},{"type":"Feature","properties":{"id":261074455,"highway":"living_street","name":null,"oneway":null,"junction":null},"geometry":{"type":"LineString","coordinates":[[91.7057598,26.1662593],[91.7059679,26.1667079],[91.706118,26.1670004],[91.7050643,26.1673986],[91.7050009,26.1674226],[91.7046584,26.1663863],[91.7042343,26.1654417],[91.7037369,26.1653301],[91.7027283,26.1654458]]}},{"type":"Feature","properties":{"id":361781565,"highway":"residential","name":null,"oneway":null,"junction":null},"geometry":{"type":"LineString","coordinates":[[91.6995084,26.1481686],[91.6995242,26.1486211],[91.6995593,26.1490969]]}},{"type":"Feature","properties":{"id":386384620,"highway":"trunk","name":null,"oneway":"yes","junction":null},"geometry":{"type":"LineString","coordinates":[[91.6709141,26.1902191],[91.6710417,26.1900246],[91.6711503,26.1897743]]}},{"type":"Feature","properties":{"id":386384629,"highway":"trunk","name":null,"oneway":"yes","junction":null},"geometry":{"type":"LineString","coordinates":[[91.6696555,26.1913605],[91.6694216,26.1916408],[91.6692419,26.1918321],[91.6691051,26.1919801],[91.6689657,26.1921221],[91.6688356,26.1922629],[91.6687323,26.1923809],[91.6686304,26.1925084],[91.6685298,26.1926408],[91.6684332,26.1928069],[91.6683635,26.1929621],[91.6683125,26.1931029],[91.668275,26.193222],[91.6682401,26.193358],[91.668212,26.1935289],[91.6681945,26.1937082],[91.6681986,26.1938646],[91.6682133,26.1940403],[91.6682361,26.1941667],[91.6682656,26.1943051],[91.6683246,26.1944916],[91.6683917,26.1946516],[91.6684574,26.1947756],[91.6685566,26.1949248],[91.6686733,26.1950945],[91.6687873,26.1952245],[91.6689013,26.1953424],[91.6690265,26.1954532],[91.669203,26.1955831],[91.6693304,26.1956733],[91.6694954,26.1957636],[91.66971,26.1958682],[91.6701069,26.1960247],[91.6706139,26.1961859],[91.6710752,26.1963327],[91.6713461,26.1964483],[91.6715822,26.1965782],[91.671778,26.1967106],[91.6719389,26.1968357],[91.6721347,26.1970018],[91.672368,26.1972064],[91.672516,26.1973328],[91.6726725,26.1974868],[91.6728066,26.1976203],[91.6729479,26.1977684],[91.6730507,26.1978911],[91.6731499,26.1980271],[91.6732331,26.1981763],[91.6732961,26.1983135],[91.6733739,26.1985192],[91.6733967,26.1986143],[91.6734168,26.1987033],[91.6734315,26.198808],[91.6734476,26.1989633],[91.6734691,26.1991991],[91.6734852,26.199607],[91.6734864,26.2],[91.6734865,26.2000486],[91.6734892,26.2004951],[91.6735091,26.2011841],[91.6735246,26.2017778],[91.6735326,26.2022063],[91.6735402,26.2026392],[91.6735429,26.2028247],[91.6735482,26.20301],[91.6735536,26.2031844],[91.6735683,26.2033962],[91.6735952,26.2036393],[91.6736099,26.2037993],[91.6736381,26.2039738],[91.6736716,26.2041579],[91.6737105,26.2043107],[91.6737507,26.2044443],[91.6738151,26.2045995],[91.6738674,26.2047198],[91.6739197,26.2048281],[91.6739827,26.2049557],[91.6740578,26.2050892],[91.6741544,26.205236],[91.6742764,26.2053997],[91.6744213,26.2055898],[91.6745487,26.2057607],[91.6748799,26.2061866],[91.6752514,26.2066547],[91.6754432,26.20687],[91.6756363,26.2070854],[91.6757959,26.2072443],[91.6759394,26.207367],[91.6760977,26.2074921],[91.6762975,26.2076269],[91.6765,26.2077556],[91.6766368,26.2078278],[91.6767736,26.2078964],[91.6769868,26.2079843],[91.677184,26.2080516],[91.6774441,26.2081286],[91.6776466,26.2081683],[91.677855,26.2082004],[91.6780919,26.2082237],[91.6783172,26.2082369],[91.678564,26.2082321],[91.6788134,26.2082225],[91.6790713,26.2082057],[91.6797848,26.2081287],[91.6802223,26.2080838],[91.6805211,26.2080532],[91.6813709,26.2079915],[91.6816056,26.2079855],[91.681855,26.2079806],[91.6821554,26.2079963],[91.6824384,26.2080288],[91.6825391,26.208044],[91.6826691,26.2080637],[91.6829373,26.2081166],[91.6831921,26.2081695],[91.6839382,26.2083237],[91.6852525,26.2086028],[91.6857063,26.2086946],[91.6858045,26.2087126],[91.6860125,26.2087519],[91.6861313,26.2087781],[91.6862971,26.2088139],[91.6865794,26.2088775],[91.686827,26.2089373],[91.6870397,26.2089998],[91.687202,26.2090503],[91.6873495,26.2091105],[91.6875172,26.2091791],[91.6876969,26.2092705],[91.6878538,26.2093583],[91.6880657,26.2094835],[91.6882575,26.2096194],[91.6884439,26.2097566],[91.6886652,26.2099455],[91.6888382,26.2100983],[91.6889951,26.2102547],[91.6893156,26.2105628],[91.6896683,26.2108924],[91.6899875,26.2111764],[91.6902906,26.2114519],[91.6905588,26.2116877],[91.6906969,26.2117966],[91.6908605,26.2119212],[91.6911033,26.2121077],[91.6913326,26.2122785],[91.6920286,26.2127827],[91.6924417,26.2130847],[91.6928789,26.2133854],[91.6930854,26.2135358],[91.6932356,26.2136477],[91.6934086,26.2137909],[91.6935642,26.2139221],[91.6936983,26.2140436],[91.6938727,26.2142204],[91.6940698,26.2144238],[91.6942669,26.2146379],[91.6943729,26.2147667],[91.694511,26.2149423],[91.6946559,26.2151349],[91.6948463,26.2153923],[91.694963,26.2155391],[91.6950971,26.2156859],[91.6953278,26.2159422],[91.6956456,26.216267],[91.6961512,26.2167832],[91.6965482,26.2172259],[91.696929,26.2177144],[91.6970591,26.2179009],[91.697157,26.2180573],[91.6972415,26.2182101],[91.6972992,26.2183497],[91.6974105,26.2186601],[91.6975231,26.2189897],[91.6976224,26.2192809],[91.6977364,26.2196262],[91.6978571,26.2199691],[91.6979322,26.2202049],[91.6979791,26.2203625],[91.6981032,26.2207708],[91.6981414,26.2208966],[91.6982299,26.2212504],[91.6983037,26.2215824],[91.6983385,26.2217725],[91.6983694,26.2219602],[91.6983908,26.2220925],[91.6984016,26.2222273],[91.6984203,26.2225028],[91.6984311,26.2227049],[91.6984338,26.222889],[91.6984351,26.2231621],[91.6984344,26.2232001],[91.6984284,26.2235098],[91.6983882,26.2241041],[91.698368,26.2247417],[91.6983519,26.2250004],[91.6983345,26.2251844],[91.6983184,26.225342],[91.6982956,26.2254984],[91.6982675,26.2256632],[91.6982272,26.2258208],[91.6981843,26.2259808],[91.698132,26.226136],[91.6980663,26.2263165],[91.6979898,26.2264657],[91.6979188,26.2266028],[91.6979024,26.2266286],[91.697837,26.2267315],[91.6976961,26.2269541],[91.6976228,26.227051],[91.6975661,26.2271261],[91.6974682,26.2272404],[91.6973662,26.2273535],[91.6972536,26.2274546],[91.6970873,26.2276025],[91.6969451,26.227718],[91.6968043,26.2278287],[91.696697,26.2279057],[91.6965562,26.2280007],[91.6963255,26.2281475],[91.696184,26.2282334],[91.6961351,26.228263],[91.6954805,26.2286366],[91.6949201,26.2289824],[91.6945499,26.2292014],[91.6943654,26.2293111],[91.6943032,26.2293481],[91.6938633,26.2296657],[91.6936567,26.2298221],[91.6933027,26.2300988],[91.6930318,26.2303346],[91.6928682,26.230491],[91.692608,26.2307268],[91.6922781,26.2310155],[91.6921507,26.2311255],[91.6914764,26.2317081],[91.6913658,26.231805],[91.6908619,26.2322522],[91.690821,26.2322889],[91.6905078,26.2325698],[91.6901452,26.2328797],[91.6901109,26.232909],[91.6898574,26.2331363],[91.6897809,26.2332049],[91.6895033,26.2334527],[91.6893089,26.2336212],[91.6891453,26.2337775],[91.688987,26.2339387],[91.6888663,26.2340951],[91.6887939,26.2342323],[91.6887242,26.2343862],[91.6886571,26.2345691],[91.6886115,26.2348001]]}},{"type":"Feature","properties":{"id":386384631,"highway":"trunk","name":null,"oneway":"yes","junction":null},"geometry":{"type":"LineString","coordinates":[[91.6888774,26.2360591],[91.6888296,26.235776],[91.6887416,26.2354117],[91.6887094,26.2352187],[91.6886951,26.2350331],[91.6887041,26.2347908]]}},{"type":"Feature","properties":{"id":386384633,"highway":"trunk","name":null,"oneway":"yes","junction":null},"geometry":{"type":"LineString","coordinates":[[91.7117456,26.2863931],[91.7116849,26.2862806],[91.7114934,26.2860059],[91.7112949,26.285751],[91.7110616,26.2854383],[91.7109087,26.2852099],[91.7107317,26.2849502],[91.7106271,26.284753],[91.7105332,26.2845582],[91.7104688,26.2843994],[91.7104098,26.2841902],[91.7103589,26.2839786],[91.7103498,26.2839229],[91.7103213,26.2837477],[91.7102998,26.2835048],[91.7102811,26.2831922],[91.7102784,26.2829565],[91.710273,26.2826968],[91.7102703,26.282401],[91.7102489,26.2820138],[91.7101926,26.2815111],[91.7101523,26.2812418],[91.710104,26.2810109],[91.7100155,26.280655],[91.709916,26.2803173],[91.7098678,26.2801623],[91.7096266,26.2794525],[91.7093879,26.2787911],[91.7092538,26.2784424],[91.7091036,26.2779758],[91.7089319,26.27749],[91.708779,26.2770908],[91.7086637,26.2768214],[91.7085376,26.2765665],[91.7084196,26.276362],[91.7082962,26.2761696],[91.708098,26.2758779],[91.7077629,26.2754682],[91.7076914,26.2753873],[91.7073095,26.2749554],[91.7068753,26.2744764],[91.7067271,26.2743129],[91.7065045,26.2740628],[91.706349,26.273868],[91.7062122,26.2736731],[91.7060888,26.2734447],[91.7059413,26.2731176],[91.7057937,26.2728217],[91.7056301,26.2725187],[91.7053968,26.2721796],[91.705099,26.2717707],[91.7048764,26.2714652],[91.7046967,26.2712343],[91.7045277,26.2710395],[91.7043185,26.2708158],[91.7041576,26.2706571],[91.7039216,26.2704406],[91.703707,26.2702458],[91.7034468,26.2700077],[91.7031062,26.2697022],[91.7028621,26.2694858],[91.7026019,26.2692243],[91.7022018,26.2687989],[91.7015674,26.2680579],[91.7009298,26.2673325],[91.7003214,26.2666929],[91.6998339,26.2661665],[91.699689,26.2660174],[91.6993859,26.2656975],[91.6993112,26.2656222],[91.6991043,26.2654137],[91.6986027,26.2648701],[91.6979349,26.2641581],[91.6976559,26.2638695],[91.6972107,26.2634293],[91.6968781,26.2630926],[91.6965911,26.2628056],[91.696575,26.2627895],[91.696247,26.2624636],[91.6954753,26.2616325],[91.695309,26.2614521],[91.6950461,26.2611683],[91.6948879,26.2609735],[91.694735,26.2607714],[91.6945901,26.2605573],[91.6944346,26.2603],[91.6941664,26.2597948],[91.694043,26.2595062],[91.6939437,26.2592247],[91.6938069,26.2588254],[91.6935804,26.258177],[91.6934865,26.257944],[91.6932279,26.2572072],[91.6930935,26.256788],[91.6929406,26.2563599],[91.692844,26.256064],[91.6927394,26.2557296],[91.6924981,26.2549959],[91.6924835,26.2549542],[91.6922999,26.2544295],[91.6921649,26.25399],[91.6920834,26.2537326],[91.6920337,26.2535561],[91.6918193,26.2528858],[91.6918114,26.2528611],[91.6917121,26.2525604],[91.6915163,26.251965],[91.6913339,26.2514093],[91.6909343,26.2501921],[91.6908485,26.2499227],[91.6906741,26.2494175],[91.6904354,26.2487415],[91.6901672,26.2479933],[91.6900264,26.2476048],[91.6898963,26.2472151],[91.6898138,26.2469458],[91.689738,26.2466919],[91.6896468,26.246384],[91.6894175,26.2455732],[91.6892418,26.2449622],[91.6891627,26.2447096],[91.689105,26.2445208],[91.6890407,26.2442898],[91.6888189,26.2435282],[91.6887493,26.2432243],[91.6886266,26.2424624],[91.6885793,26.2419382],[91.6885471,26.2415845],[91.6885347,26.24144],[91.6885244,26.24132],[91.6885149,26.2412092],[91.6885094,26.2411376],[91.6884881,26.2408604],[91.6884826,26.2406584],[91.6884667,26.2400617],[91.6884774,26.2393796],[91.6884921,26.2391511],[91.6885163,26.2389418],[91.6885391,26.2387637],[91.6885713,26.2386182],[91.6886088,26.2384426],[91.6886544,26.2382561],[91.6886866,26.2381069],[91.6887295,26.2379542],[91.6887698,26.2377906],[91.6887966,26.237639],[91.6888194,26.2374634],[91.6888408,26.2372384],[91.688869,26.2370231],[91.6888838,26.2368836],[91.6888972,26.2366995],[91.6889092,26.2364746],[91.6889039,26.2363037],[91.6888958,26.2362003],[91.6888774,26.2360591]]}},{"type":"Feature","properties":{"id":386384634,"highway":"trunk","name":null,"oneway":"yes","junction":null},"geometry":{"type":"LineString","coordinates":[[91.6887885,26.2360463],[91.6888127,26.2363422],[91.6888127,26.2365107],[91.6888019,26.2367657],[91.6887724,26.2370833],[91.6887322,26.237384],[91.6887,26.2376462],[91.6886517,26.2379012],[91.6885686,26.2381899],[91.6884962,26.2385003],[91.6884479,26.2387601],[91.688413,26.2390007],[91.6883862,26.2392461],[91.6883728,26.2394915],[91.6883674,26.2398211],[91.6883674,26.2401531],[91.6883674,26.2404322],[91.6883728,26.2406607],[91.6883916,26.2410096],[91.6884184,26.2413103],[91.6884506,26.2417145],[91.6884747,26.242032],[91.6885123,26.2424193],[91.6885498,26.2427273],[91.6885927,26.2429679],[91.688641,26.2432229],[91.6887054,26.2434809],[91.6887215,26.2435452],[91.6888046,26.2438868],[91.6890016,26.2446017],[91.6892155,26.2453073],[91.6893302,26.2457097],[91.6894242,26.2460195],[91.6895235,26.2463804],[91.6896415,26.2467737],[91.6896938,26.2469529],[91.6897595,26.2471538],[91.6898105,26.2473234],[91.6900532,26.2480114],[91.6901752,26.2483626],[91.690316,26.2487463],[91.69076,26.2500213],[91.6909638,26.2506491],[91.6911167,26.2511182],[91.6914439,26.2521093],[91.6917175,26.2529296],[91.6918436,26.2533265],[91.691983,26.2537643],[91.6921627,26.25432],[91.6923954,26.255032],[91.6926347,26.2557596],[91.6927944,26.25623],[91.6930211,26.2568915],[91.6931337,26.2572138],[91.6932812,26.2576324],[91.6935065,26.2582698],[91.6937077,26.2588375],[91.6938633,26.2592801],[91.6939893,26.2596192],[91.6940382,26.2597351],[91.6940939,26.259867],[91.6941851,26.2600642],[91.694271,26.260223],[91.6943702,26.260389],[91.6945499,26.2606632],[91.6947296,26.2609109],[91.6949201,26.261143],[91.6950501,26.2613006],[91.6954136,26.2617023],[91.6961311,26.2624672],[91.69618,26.2625167],[91.6963685,26.2627077],[91.6972348,26.2635544],[91.6976157,26.2639344],[91.6982594,26.2646368],[91.6984216,26.2648],[91.6987127,26.2651154],[91.6989924,26.2654064],[91.699115,26.265534],[91.6994413,26.2658985],[91.6997469,26.2662136],[91.6997588,26.2662267],[91.7002472,26.2667501],[91.7006052,26.2671373],[91.7009041,26.2674606],[91.7015358,26.2681741],[91.7020521,26.268769],[91.7023015,26.2690504],[91.7025965,26.2693801],[91.7027628,26.2695483],[91.7029694,26.2697311],[91.703361,26.2700799],[91.7037365,26.2704238],[91.7039725,26.2706306],[91.7042886,26.2709711],[91.7043889,26.2710652],[91.7045532,26.2712394],[91.7047423,26.2714821],[91.7050615,26.2719054],[91.705345,26.2723106],[91.7055443,26.2726221],[91.7057508,26.2730189],[91.7058742,26.2732931],[91.706019,26.2735697],[91.7061371,26.2737669],[91.7062739,26.2739593],[91.7064401,26.2741542],[91.706782,26.274545],[91.7068475,26.2746198],[91.7071505,26.2749502],[91.7072609,26.2750705],[91.7076901,26.2755563],[91.7079341,26.2758497],[91.7080382,26.275992],[91.7080978,26.2760734],[91.7082694,26.2763404],[91.7083874,26.2765328],[91.708482,26.2767165],[91.7086208,26.2770162],[91.7087388,26.2772904],[91.7089105,26.2777449],[91.7092468,26.2787222],[91.7094102,26.2791833],[91.709714,26.2800401],[91.7098197,26.2803832],[91.7098895,26.2806333],[91.7099565,26.2809195],[91.7100155,26.2812081],[91.7100759,26.2815592],[91.7100872,26.2816441],[91.7101201,26.2818911],[91.7101469,26.2822328],[91.7101604,26.2825404],[91.7101657,26.2831176],[91.7101711,26.2833461],[91.7101845,26.2835505],[91.7102087,26.2837814],[91.7102406,26.2839601],[91.7102516,26.2840219],[91.7103133,26.2842744],[91.7103551,26.2843833],[91.7104018,26.2845052],[91.710501,26.2847361],[91.7106405,26.2850055],[91.7108068,26.2852508],[91.7110133,26.2855466],[91.7112493,26.285876],[91.711472,26.2862055],[91.7116061,26.286434]]}},{"type":"Feature","properties":{"id":386384636,"highway":"trunk","name":null,"oneway":"yes","junction":null},"geometry":{"type":"LineString","coordinates":[[91.6887041,26.2347908],[91.6887295,26.2346653],[91.6887671,26.2345378],[91.6888207,26.2344019],[91.6888985,26.2342407],[91.6889736,26.234118],[91.6890809,26.2339748],[91.6892418,26.233804],[91.6894108,26.2336584],[91.6895892,26.2335081],[91.6897394,26.2333842],[91.689911,26.233235],[91.6902141,26.2329715],[91.6904131,26.2327976],[91.6907412,26.2325108],[91.6918758,26.2315015],[91.6923612,26.2310925],[91.6929191,26.2306161],[91.6929638,26.230574],[91.6931364,26.2304116],[91.6933697,26.2301999],[91.6937439,26.2298895],[91.6941625,26.2295723],[91.6946653,26.2292543],[91.6951695,26.2289535],[91.6957113,26.2286287],[91.6962142,26.2283352],[91.6964824,26.2281644],[91.6967185,26.22802],[91.6969223,26.2278768],[91.6971382,26.2277012],[91.6973019,26.227564],[91.6974427,26.2274269],[91.6975446,26.2273186],[91.6976599,26.2271839],[91.6978142,26.2269709],[91.6979443,26.2267604],[91.6980462,26.226592],[91.6981186,26.2264416],[91.698183,26.2262972],[91.6982152,26.226201],[91.6982514,26.2260867],[91.6983291,26.2258413],[91.69836,26.2257462],[91.6983922,26.2256199],[91.698419,26.2254359],[91.6984391,26.2252482],[91.6984566,26.2250725],[91.6984713,26.224862],[91.6984914,26.2245227],[91.6985115,26.2241257],[91.6985276,26.2238262],[91.698534,26.2236964],[91.6985397,26.2235807],[91.6985504,26.2233365],[91.6985504,26.223049],[91.6985444,26.2228282],[91.6985357,26.222605],[91.6985196,26.2223632],[91.6984968,26.222125],[91.69847,26.2218615],[91.6984543,26.2217137],[91.6984016,26.2214609],[91.6983627,26.2213153],[91.6983157,26.2211397],[91.6982031,26.2207366],[91.6981558,26.2205886],[91.6980698,26.2203198],[91.6980226,26.2201555],[91.6979512,26.2199215],[91.6977804,26.2194031],[91.697701,26.2191499],[91.6976291,26.2189416],[91.6974936,26.2185518],[91.6974855,26.218529],[91.6974212,26.2183472],[91.6973687,26.2182272],[91.6973327,26.2181451],[91.697267,26.2180224],[91.6971718,26.217878],[91.697043,26.2176976],[91.6968781,26.2174786],[91.6967399,26.2172897],[91.696579,26.2170888],[91.696311,26.2168069],[91.6961203,26.2166157],[91.6953734,26.2158495],[91.6951883,26.2156546],[91.6950193,26.2154501],[91.6947578,26.2150927],[91.6946049,26.2149099],[91.694389,26.2146524],[91.6942079,26.2144382],[91.6940416,26.2142577],[91.6939116,26.2141206],[91.6938204,26.2140376],[91.6937131,26.2139389],[91.6934985,26.2137476],[91.6933201,26.2135972],[91.6931525,26.2134661],[91.6929339,26.2133084],[91.6927193,26.213158],[91.6925088,26.2130076],[91.6923036,26.2128609],[91.691916,26.2125793],[91.6914171,26.2122184],[91.6910604,26.2119633],[91.6907063,26.2116805],[91.6905132,26.2115181],[91.6902235,26.2112498],[91.6899888,26.2110272],[91.6897407,26.2107974],[91.6894551,26.2105351],[91.6892298,26.2103245],[91.6889951,26.2101031],[91.6887322,26.2098589],[91.6884908,26.2096567],[91.6882843,26.2094979],[91.6881649,26.2094161],[91.6879919,26.2092982],[91.6878283,26.2092164],[91.6876392,26.2091189],[91.6874327,26.2090275],[91.6872342,26.2089541],[91.6870558,26.2088975],[91.6868006,26.2088151],[91.6865947,26.2087637],[91.6863225,26.208705],[91.6861328,26.2086642],[91.6860249,26.2086427],[91.6858327,26.2086051],[91.6853043,26.2085004],[91.684851,26.2084078],[91.6843897,26.2083079],[91.6836628,26.2081635],[91.683172,26.2080601],[91.6826516,26.2079602],[91.68237,26.2079157],[91.6821648,26.2078904],[91.6819529,26.2078832],[91.6817035,26.207876],[91.6813427,26.2078808],[91.6811188,26.2078964],[91.6809176,26.2079121],[91.6805783,26.2079445],[91.6805166,26.2079494],[91.6802108,26.2079734],[91.6799265,26.2080035],[91.6794142,26.2080661],[91.6792198,26.2080865],[91.6789851,26.2081094],[91.6784392,26.2081335],[91.6782582,26.2081298],[91.6780865,26.2081202],[91.6779202,26.208101],[91.6778076,26.2080865],[91.677648,26.2080528],[91.677479,26.2080155],[91.6772188,26.2079421],[91.6771062,26.2079096],[91.6769835,26.2078675],[91.6768272,26.2078026],[91.6766824,26.2077352],[91.6765389,26.2076606],[91.6764021,26.2075884],[91.6762358,26.2074765],[91.6760708,26.2073477],[91.6758858,26.2071889],[91.6757007,26.2070096],[91.6755679,26.20687],[91.6754727,26.2067569],[91.6753574,26.2066101],[91.6752031,26.2064104],[91.6749617,26.2061144],[91.6747512,26.2058425],[91.6745286,26.2055597],[91.6743985,26.2053816],[91.6742899,26.20523],[91.6741812,26.2050676],[91.6740699,26.2048799],[91.6739854,26.2047138],[91.6739157,26.204561],[91.6738459,26.2043853],[91.6738003,26.2042361],[91.6737668,26.2040809],[91.6737413,26.2039353],[91.6737185,26.2037596],[91.6736931,26.2035226],[91.6736783,26.2033661],[91.6736756,26.2032037],[91.6736689,26.2029281],[91.6736609,26.2026321],[91.6736554,26.202443],[91.6736429,26.2017332],[91.673635,26.2012063],[91.6736302,26.2010551],[91.6736136,26.2004654],[91.6736089,26.2001844],[91.6736081,26.200015],[91.673586,26.1992329],[91.6735784,26.1990176],[91.6735697,26.1988754],[91.6735571,26.1987686],[91.6735345,26.1986549],[91.673504,26.1985373],[91.6734664,26.1984073],[91.6733994,26.1982473],[91.6733323,26.1981065],[91.6732652,26.1979861],[91.6731915,26.1978803],[91.6730721,26.1977419],[91.6729394,26.1976035],[91.6727945,26.1974603],[91.6726175,26.1972918],[91.6723774,26.1970848],[91.6720328,26.19679],[91.6718128,26.1966107],[91.6716492,26.1964964],[91.6715057,26.1964134],[91.6713099,26.1963207],[91.671145,26.1962485],[91.670917,26.1961643],[91.6706233,26.1960788],[91.6703229,26.195985],[91.6699876,26.1958695],[91.6697744,26.1957816],[91.6695718,26.1956962],[91.6694364,26.1956192],[91.6692808,26.1955133],[91.6691387,26.1954098],[91.6689898,26.1952762],[91.6688302,26.1951077],[91.6687162,26.1949645],[91.668621,26.1948249],[91.6685432,26.1946902],[91.6684718,26.1945281],[91.6684265,26.1944158],[91.6683796,26.1942485],[91.6683514,26.1941089],[91.6683327,26.1939838],[91.6683193,26.1938129],[91.6683286,26.1936384],[91.6683514,26.1934784],[91.6683729,26.1933339],[91.6684198,26.1931703],[91.6684775,26.1929922],[91.6685566,26.1928297],[91.6686371,26.1926986],[91.6687256,26.192565],[91.6688316,26.1924242],[91.6689348,26.192299],[91.6690917,26.1921306],[91.6693144,26.1919007],[91.6695611,26.191636],[91.6697703,26.1914037],[91.6702183,26.1909356],[91.6704422,26.1907202],[91.6706394,26.1905336],[91.6707627,26.1904025],[91.6709141,26.1902191]]}},{"type":"Feature","properties":{"id":386384637,"highway":"trunk","name":null,"oneway":"yes","junction":null},"geometry":{"type":"LineString","coordinates":[[91.6711503,26.1897743],[91.6712013,26.1896034],[91.6712442,26.1893796],[91.6712764,26.1890667],[91.6713032,26.1886479],[91.6713327,26.1881882],[91.6713461,26.1878464],[91.6713434,26.1875263],[91.67133,26.1872567],[91.67133,26.1868307],[91.6713622,26.1859738],[91.6714346,26.1847703],[91.6714883,26.1839833],[91.6714963,26.1837915],[91.6715134,26.1833853]]}},{"type":"Feature","properties":{"id":393657586,"highway":"primary","name":"Assam Trunk Rd","oneway":"yes","junction":null},"geometry":{"type":"LineString","coordinates":[[91.7160067,26.1645197],[91.716219,26.1647034],[91.716767,26.1651052],[91.7171121,26.1653119],[91.717795,26.1657272],[91.7188353,26.1664346],[91.7191411,26.1666672],[91.719971,26.1673213],[91.7204054,26.1676605],[91.7210454,26.1681455],[91.7213922,26.1684119],[91.7216259,26.1685939],[91.7217999,26.1687173],[91.7223967,26.1691584],[91.7226004,26.169314],[91.7235666,26.1701115],[91.7241649,26.1705895]]}},{"type":"Feature","properties":{"id":393657588,"highway":"residential","name":null,"oneway":null,"junction":null},"geometry":{"type":"LineString","coordinates":[[91.7037367,26.1536066],[91.7036656,26.153569],[91.703848,26.1534317],[91.7039433,26.1531838],[91.7040371,26.1529743],[91.7041967,26.1528286],[91.7044234,26.1526926],[91.7045655,26.1525626],[91.7046165,26.1524374],[91.704819,26.1524127],[91.7049129,26.1523284],[91.7049343,26.1520612],[91.7049746,26.1519264],[91.7050202,26.1517964],[91.7048485,26.1515556],[91.7049531,26.151505],[91.705114,26.1512402],[91.7053957,26.1509031],[91.7055834,26.1506696],[91.7062754,26.1506214],[91.7066268,26.1505155],[91.706679,26.1505269],[91.7071472,26.1506287],[91.7075522,26.1505781],[91.7077936,26.1504216],[91.7080591,26.1503783],[91.7084534,26.1504481],[91.708786,26.150619],[91.7089442,26.1506479],[91.7091293,26.1506913],[91.7096845,26.1503566],[91.709934,26.1501808],[91.7103148,26.1501014],[91.7109747,26.1499714],[91.7110364,26.1499786],[91.7112241,26.1503518],[91.7112912,26.1504505],[91.7114816,26.1505251],[91.7115827,26.1505277],[91.7118652,26.1505348],[91.7121307,26.1508309],[91.7123426,26.1510765],[91.7128281,26.1514641],[91.7130829,26.1517578],[91.7133645,26.1520227],[91.7135067,26.1521407],[91.713563,26.1523116],[91.7135213,26.1524095],[91.7134932,26.1524753],[91.7133055,26.1526438],[91.7130507,26.1528292],[91.7128844,26.1529905],[91.7128549,26.1531398],[91.7127771,26.153188],[91.7126116,26.1531589],[91.7125572,26.1531494],[91.7122675,26.1531687],[91.7119617,26.153188],[91.7117042,26.1532746],[91.7112482,26.1534697],[91.7108406,26.1536261],[91.7106645,26.1537025],[91.710575,26.1537442]]}},{"type":"Feature","properties":{"id":393657589,"highway":"residential","name":null,"oneway":null,"junction":null},"geometry":{"type":"LineString","coordinates":[[91.7110364,26.1499786],[91.7113185,26.1493439],[91.7112219,26.148872],[91.7110181,26.1483953],[91.7109914,26.1483363],[91.7107713,26.1482557],[91.7105353,26.1482123],[91.7103743,26.1482268],[91.7103529,26.1481305],[91.710369,26.1478752],[91.7103582,26.1476441],[91.710369,26.1473696],[91.7104119,26.1472107],[91.7103797,26.1471433],[91.7101135,26.1469128],[91.7098983,26.1468647],[91.7095267,26.1465269],[91.7091834,26.1462332],[91.7090118,26.1460309],[91.7087489,26.1457324],[91.70861,26.1456566],[91.7084753,26.1455831],[91.708315,26.1454996],[91.7082071,26.1454434],[91.7080623,26.1453375],[91.7079442,26.145116],[91.7079335,26.1449571],[91.7078852,26.1448174],[91.7077311,26.1447232],[91.7076331,26.1446633],[91.7075151,26.1449763],[91.7074078,26.1453471],[91.7073971,26.1454531],[91.7072898,26.145559],[91.7070484,26.1457805],[91.7067641,26.1460502],[91.7065602,26.1463054],[91.7063135,26.1466136],[91.7062062,26.1470373],[91.7060506,26.147307],[91.705836,26.1474996],[91.7056912,26.1476826],[91.7055732,26.1478319],[91.7054981,26.1480101],[91.7053264,26.1481256],[91.7052406,26.1482894],[91.7054176,26.1484097],[91.7053693,26.1484627],[91.7052567,26.148559],[91.7051923,26.1486698],[91.7050045,26.1486842],[91.7048919,26.1485783],[91.7049348,26.148429],[91.7050206,26.1483712]]}},{"type":"Feature","properties":{"id":431216810,"highway":"trunk","name":null,"oneway":"yes","junction":null},"geometry":{"type":"LineString","coordinates":[[91.6708677,26.1583504],[91.6702509,26.1589678],[91.6697611,26.1593901],[91.6696,26.159497],[91.6694444,26.1595957],[91.6692218,26.1597065],[91.6690019,26.1598148],[91.6687471,26.1599256],[91.6685191,26.1599978],[91.668283,26.1600387],[91.6680577,26.1600652],[91.6677815,26.1600869],[91.6674408,26.1600965],[91.6671726,26.1600917],[91.6669366,26.1600628],[91.6665316,26.1600002],[91.6662097,26.1599328],[91.6659844,26.1598774],[91.6655606,26.1597474],[91.6649652,26.1595596],[91.6643992,26.1593743],[91.6640183,26.1592491],[91.6631037,26.1589192],[91.6626745,26.1587628],[91.6620308,26.1585509],[91.6610746,26.1582539],[91.6605955,26.1580951],[91.660054,26.1579153],[91.6597429,26.1578166],[91.6594318,26.1577059],[91.6590402,26.1575325],[91.6587371,26.1573881],[91.6585064,26.1572629],[91.6583106,26.1571088],[91.6581202,26.1569379],[91.6579136,26.1567308],[91.6577473,26.1565551],[91.6576025,26.1563745],[91.6574979,26.1561988],[91.657412,26.1560254],[91.6573074,26.1557847],[91.6571894,26.1554404],[91.6571304,26.1552165],[91.6570714,26.1549589],[91.6570137,26.1547078],[91.656881,26.1543329],[91.6567442,26.1540464],[91.656602,26.1537792],[91.6564384,26.1534806],[91.6562507,26.1531821],[91.6560522,26.1528956],[91.6558912,26.1527054],[91.6556257,26.1524381]]}},{"type":"Feature","properties":{"id":431216811,"highway":"trunk","name":null,"oneway":"yes","junction":null},"geometry":{"type":"LineString","coordinates":[[91.6552153,26.1521998],[91.6554219,26.1523852],[91.6557008,26.1526741],[91.6559127,26.1529076],[91.6561353,26.1532061],[91.6563177,26.1534782],[91.6565055,26.1537984],[91.6566798,26.1541234],[91.6567898,26.1543522],[91.6568997,26.1546531],[91.6569588,26.1548794],[91.6570097,26.155113],[91.6570821,26.1553922],[91.6571519,26.1556185],[91.6572297,26.1558521],[91.6573182,26.1560639],[91.6573906,26.1562276],[91.6575274,26.1564323],[91.6577259,26.1566827],[91.6578267,26.156786],[91.6578948,26.1568488],[91.6581336,26.1570847],[91.6583294,26.1572533],[91.6585681,26.1574121],[91.6588497,26.1575542],[91.6591823,26.1577083],[91.659531,26.1578503],[91.6598743,26.1579587],[91.6605261,26.1581657],[91.6610733,26.1583487],[91.6614139,26.158457],[91.6623339,26.1587363],[91.6631091,26.1590059],[91.6643724,26.1594441],[91.6651985,26.159733],[91.6655695,26.1598715],[91.6659522,26.1599593],[91.6662499,26.1600267],[91.6666013,26.1601061],[91.6668346,26.1601471],[91.6671512,26.1601808],[91.6674918,26.1601904],[91.6678137,26.1601711],[91.6680926,26.1601543],[91.6684037,26.1601109],[91.668621,26.1600724],[91.6688078,26.1600089],[91.6690287,26.1598967],[91.6692513,26.1597907],[91.6695866,26.1596078],[91.6698012,26.1594633],[91.6699916,26.1593117],[91.6701633,26.1591696],[91.6702999,26.1590568],[91.6709221,26.1584596]]}},{"type":"Feature","properties":{"id":461940996,"highway":"residential","name":null,"oneway":null,"junction":null},"geometry":{"type":"LineString","coordinates":[[91.7331631,26.2132558],[91.7331604,26.2127649],[91.7331336,26.2121296],[91.7331313,26.2115785],[91.7331309,26.2115063],[91.7330907,26.2110732],[91.7330934,26.2109023],[91.7331897,26.2108228],[91.7332917,26.2108151],[91.7337616,26.2108257],[91.7344664,26.2108806],[91.7346122,26.2108872],[91.7357211,26.2108691],[91.7358863,26.2108676],[91.7359985,26.2108666],[91.7363378,26.2108091],[91.7366643,26.2106282],[91.7369354,26.2106352],[91.7371092,26.2106397],[91.7377374,26.2105032],[91.7381399,26.2104157],[91.7382583,26.2102836],[91.7385496,26.2102807],[91.7393805,26.210139],[91.7397115,26.2100826],[91.739862,26.2101486],[91.7402717,26.2101975]]}},{"type":"Feature","properties":{"id":461940997,"highway":"secondary","name":null,"oneway":null,"junction":null},"geometry":{"type":"LineString","coordinates":[[91.7362056,26.2164642],[91.736478,26.2160859],[91.7367446,26.215917],[91.7375835,26.2154623],[91.7377845,26.2151408],[91.7385489,26.2126756],[91.7386991,26.2123194],[91.7393264,26.2111515],[91.7396689,26.210664],[91.7398632,26.2104593],[91.7400884,26.2102798],[91.7402717,26.2101975],[91.7406035,26.2100869],[91.7408599,26.2100345],[91.7412043,26.2099599],[91.7415896,26.2098945],[91.7417471,26.2098747],[91.7418791,26.2098463],[91.741948,26.2098125],[91.742015,26.2097578],[91.7420401,26.2097215],[91.7420477,26.2096886],[91.7420478,26.2095345],[91.7420364,26.2093894],[91.7419394,26.2088361],[91.7419033,26.2086842],[91.741776,26.2080619],[91.7415539,26.20705]]}},{"type":"Feature","properties":{"id":461951857,"highway":"living_street","name":null,"oneway":null,"junction":null},"geometry":{"type":"LineString","coordinates":[[91.7065173,26.166074],[91.7064508,26.165843],[91.706786,26.165753]]}},{"type":"Feature","properties":{"id":497520981,"highway":"secondary","name":null,"oneway":null,"junction":null},"geometry":{"type":"LineString","coordinates":[[91.7366633,26.1679566],[91.7366686,26.1680865],[91.7365827,26.1682748],[91.7364916,26.1685199],[91.7364219,26.168946],[91.736392,26.169649],[91.7363762,26.17002],[91.7363563,26.1703584],[91.7362931,26.1714351],[91.7362699,26.1717702],[91.7361456,26.1735679],[91.7361316,26.1738242],[91.7361112,26.1740236],[91.7361047,26.17408],[91.7360279,26.1747511],[91.7360195,26.1748244],[91.7360033,26.1749064],[91.7359927,26.1754719],[91.7359485,26.1756549],[91.735912,26.1758058],[91.7358437,26.1760354],[91.735824,26.1761016],[91.7356366,26.1763296],[91.7349778,26.1769795],[91.7347226,26.1772517],[91.7339972,26.1779537]]}},{"type":"Feature","properties":{"id":497520982,"highway":"secondary","name":null,"oneway":null,"junction":null},"geometry":{"type":"LineString","coordinates":[[91.7366632,26.1676797],[91.7366633,26.1679566]]}},{"type":"Feature","properties":{"id":499177406,"highway":"residential","name":"Laxmi Chatterjee Lane","oneway":"no","junction":null},"geometry":{"type":"LineString","coordinates":[[91.7451832,26.1835576],[91.7441655,26.1832507]]}},{"type":"Feature","properties":{"id":507819040,"highway":"unclassified","name":null,"oneway":null,"junction":null},"geometry":{"type":"LineString","coordinates":[[91.6962078,26.1641165],[91.6962615,26.16422],[91.6963368,26.1642377],[91.6963741,26.1642465],[91.6966075,26.1642802],[91.6968274,26.16435],[91.6969105,26.1644487],[91.6970393,26.1645715],[91.69727,26.1646991],[91.6975677,26.164846]]}},{"type":"Feature","properties":{"id":507819041,"highway":"residential","name":null,"oneway":null,"junction":null},"geometry":{"type":"LineString","coordinates":[[91.7110473,26.161047],[91.711185,26.1606791],[91.7112129,26.1606082],[91.7112416,26.1605353],[91.7112471,26.1605139],[91.7112637,26.1604494],[91.7113952,26.1600907],[91.7114488,26.1598307],[91.7115856,26.1595875],[91.7117144,26.1594166],[91.7117948,26.1593348],[91.7119879,26.1593901],[91.7120684,26.1593925],[91.7123179,26.1589905],[91.7124365,26.1588444]]}},{"type":"Feature","properties":{"id":507819042,"highway":"residential","name":null,"oneway":null,"junction":null},"geometry":{"type":"LineString","coordinates":[[91.6842691,26.1631091],[91.6839929,26.1630947],[91.6838287,26.163056],[91.6832472,26.1629189],[91.6830595,26.162878],[91.6828744,26.1628395],[91.6827564,26.1628756],[91.6826115,26.1629743],[91.6824989,26.1630321],[91.6822997,26.1631186]]}},{"type":"Feature","properties":{"id":507819043,"highway":"residential","name":null,"oneway":null,"junction":null},"geometry":{"type":"LineString","coordinates":[[91.685027,26.1501291],[91.6850315,26.1496451],[91.6850324,26.1495465],[91.6850398,26.1492671],[91.6850458,26.1490433],[91.6850504,26.1489258],[91.6850619,26.148634],[91.6850753,26.1485088],[91.685196,26.1484991],[91.6852577,26.1480561],[91.6853489,26.1473507]]}},{"type":"Feature","properties":{"id":507819044,"highway":"residential","name":null,"oneway":null,"junction":null},"geometry":{"type":"LineString","coordinates":[[91.680498,26.1642207],[91.680919,26.1643128],[91.6812999,26.1643754],[91.6813878,26.1643563],[91.6814769,26.1643369],[91.6821609,26.1644452],[91.6823755,26.1645078],[91.6824747,26.1646017],[91.6825418,26.1647076],[91.6825313,26.1649481]]}},{"type":"Feature","properties":{"id":507819047,"highway":"unclassified","name":null,"oneway":null,"junction":null},"geometry":{"type":"LineString","coordinates":[[91.6908756,26.1663433],[91.6910147,26.1664335],[91.6911247,26.1664888],[91.6911998,26.1665033],[91.6913017,26.1665273],[91.6913902,26.1665803],[91.691519,26.1666549],[91.6915753,26.1666501],[91.6916665,26.1666309],[91.6917067,26.1666116]]}},{"type":"Feature","properties":{"id":507819048,"highway":"residential","name":null,"oneway":null,"junction":null},"geometry":{"type":"LineString","coordinates":[[91.6748653,26.1620174],[91.675246,26.1620359],[91.6756142,26.1620537],[91.6758094,26.1620631],[91.6759304,26.1620611],[91.67648,26.1620518],[91.6765202,26.1620511],[91.6770427,26.1620703],[91.6772417,26.1620776],[91.6773698,26.1620839],[91.6774243,26.1620866],[91.6777749,26.1621041],[91.6781135,26.1621209],[91.6783758,26.1621176]]}},{"type":"Feature","properties":{"id":507819050,"highway":"residential","name":null,"oneway":null,"junction":null},"geometry":{"type":"LineString","coordinates":[[91.680454,26.1659834],[91.6805642,26.1662342],[91.6813344,26.1663172],[91.6813903,26.1663233],[91.6819026,26.1664075],[91.6820398,26.1664389],[91.6824605,26.1665351],[91.6829352,26.1666386],[91.6830345,26.1663209],[91.6830908,26.1661066],[91.6831043,26.1660167]]}},{"type":"Feature","properties":{"id":507819051,"highway":"residential","name":null,"oneway":null,"junction":null},"geometry":{"type":"LineString","coordinates":[[91.7083767,26.1578118],[91.7086084,26.157753],[91.7088095,26.1577169],[91.7089329,26.1576423],[91.7090938,26.157534],[91.7092306,26.1572523],[91.7092574,26.1571969],[91.7084956,26.156712]]}},{"type":"Feature","properties":{"id":507819052,"highway":"residential","name":null,"oneway":null,"junction":null},"geometry":{"type":"LineString","coordinates":[[91.7135213,26.1524095],[91.7135687,26.1524663],[91.7136749,26.1526449],[91.7138305,26.1528014],[91.7139967,26.1528472],[91.7142891,26.1529002],[91.7145627,26.152994],[91.7147773,26.1530759],[91.7149409,26.1531867],[91.7150884,26.1533576],[91.7152386,26.1535334],[91.71537,26.1536537],[91.7156195,26.1537404],[91.7156517,26.1537476],[91.7157777,26.1536898],[91.7158823,26.1536754],[91.7159977,26.1537332],[91.7161479,26.1538247],[91.7162739,26.1538487],[91.7164349,26.1538271],[91.7166521,26.153815],[91.7168318,26.1538512],[91.7169606,26.1539378],[91.7170411,26.1540919],[91.7171135,26.1541473],[91.7172798,26.1541497],[91.7176606,26.1540727],[91.7180147,26.1540076],[91.7181354,26.1539884],[91.7183151,26.1539908],[91.7187148,26.1540076],[91.7188569,26.1540365],[91.7189857,26.1541184],[91.7191064,26.1541714],[91.7192271,26.1541906],[91.7192753,26.1540341],[91.7193692,26.1538969],[91.719506,26.1538632],[91.7198091,26.1538536],[91.720139,26.1538969],[91.7204394,26.1538945],[91.7205404,26.1538859],[91.7206942,26.1538728],[91.7209732,26.1538825],[91.7210939,26.1539234],[91.7212548,26.1539571],[91.7215016,26.1539426],[91.7218395,26.1539499],[91.7220622,26.1539908],[91.7222928,26.1540943],[91.722494,26.1541473],[91.7226925,26.1541377],[91.7228346,26.1541256],[91.7230385,26.1541473],[91.7233335,26.154234],[91.7234918,26.1542869],[91.7236366,26.1544266],[91.7237305,26.1545036],[91.7238834,26.1545518],[91.7239746,26.1545758],[91.724114,26.154624],[91.724224,26.1547203],[91.7244305,26.154807],[91.7244976,26.154819],[91.7246237,26.1548407],[91.7248007,26.1549249],[91.7251467,26.1551055],[91.7255571,26.1553174],[91.7257234,26.1554498],[91.7259031,26.1556039],[91.7261606,26.1558783],[91.72641,26.1561335],[91.7265709,26.1562659],[91.7267802,26.1564104],[91.7269062,26.1564417],[91.727035,26.1564561],[91.7273071,26.1565289],[91.72744,26.1565645],[91.7277484,26.1566728],[91.728073,26.1568341],[91.728647,26.1570797],[91.7288508,26.1571351],[91.7289474,26.1573012],[91.7290413,26.1573951],[91.729162,26.1574697],[91.7293578,26.1575925],[91.7295187,26.1576671],[91.7297762,26.1577538],[91.7301678,26.1578405],[91.730326,26.1579921],[91.7304172,26.1581101],[91.7305379,26.1582594],[91.7306667,26.1583484],[91.7308839,26.1584231],[91.7311495,26.1584784],[91.7312219,26.1584977],[91.7312782,26.1586205],[91.7313345,26.1587698],[91.7313641,26.1587794],[91.7314358,26.1587615],[91.731651,26.1587385],[91.7317476,26.1587577],[91.7319434,26.1588203],[91.7321633,26.1589166],[91.7323511,26.1589672],[91.7324772,26.1589672],[91.7326891,26.1589335],[91.7329975,26.1588829],[91.7330887,26.1588709],[91.7333328,26.1588035],[91.7336541,26.1586549]]}},{"type":"Feature","properties":{"id":507819053,"highway":"residential","name":null,"oneway":null,"junction":null},"geometry":{"type":"LineString","coordinates":[[91.7226804,26.1686197],[91.7229765,26.1680133],[91.7229944,26.1679578],[91.7230427,26.1678194],[91.7231652,26.167307],[91.7231696,26.1672768],[91.7232307,26.1668545],[91.7233635,26.1665994],[91.7236276,26.1661987],[91.723661,26.1660778],[91.7236518,26.1659556]]}},{"type":"Feature","properties":{"id":507819057,"highway":"residential","name":null,"oneway":null,"junction":null},"geometry":{"type":"LineString","coordinates":[[91.7216555,26.1644398],[91.7218476,26.1644272],[91.7219998,26.1644326],[91.7222036,26.1645073],[91.7225414,26.1647492],[91.7230081,26.1650835],[91.7231833,26.165209],[91.7233402,26.1652993],[91.7234158,26.1653634],[91.7235092,26.1654425],[91.7235749,26.1655809],[91.7236259,26.1658927],[91.7236518,26.1659556]]}},{"type":"Feature","properties":{"id":507819059,"highway":"residential","name":null,"oneway":null,"junction":null},"geometry":{"type":"LineString","coordinates":[[91.6772365,26.167072],[91.6772651,26.1665937],[91.6772847,26.1662664],[91.6772927,26.1661436],[91.6774805,26.1661436],[91.6780035,26.1661629],[91.6781245,26.1661764],[91.6784139,26.1662086],[91.6784487,26.1662544],[91.678451,26.1666491],[91.6784514,26.1667262],[91.6784275,26.1671423]]}},{"type":"Feature","properties":{"id":507819060,"highway":"unclassified","name":null,"oneway":null,"junction":null},"geometry":{"type":"LineString","coordinates":[[91.6919347,26.1663468],[91.6919857,26.1662144],[91.6919857,26.1661446],[91.6919669,26.1660916],[91.6919454,26.1660338],[91.6920393,26.1659544],[91.6920608,26.1659207],[91.6921761,26.1658388],[91.6923451,26.1657329],[91.6926079,26.1655644],[91.692854,26.1653986]]}},{"type":"Feature","properties":{"id":507819062,"highway":"residential","name":null,"oneway":null,"junction":null},"geometry":{"type":"LineString","coordinates":[[91.6749994,26.1657548],[91.6750705,26.1657456],[91.6753084,26.1657149],[91.6753722,26.1657067],[91.6759811,26.16575],[91.6760955,26.1657572],[91.6764827,26.1657813],[91.6767536,26.1658102],[91.6768849,26.1658247],[91.6772552,26.1658656],[91.6776736,26.1658872],[91.6777083,26.1658895],[91.6781,26.1659149]]}},{"type":"Feature","properties":{"id":507819065,"highway":"residential","name":null,"oneway":null,"junction":null},"geometry":{"type":"LineString","coordinates":[[91.6913868,26.163546],[91.6912806,26.1631004],[91.6911758,26.1627966],[91.6911364,26.1626679],[91.6915602,26.1625583],[91.6915726,26.1624929],[91.6915417,26.162341],[91.6915334,26.1623128],[91.6915066,26.1621587],[91.6915326,26.1621526],[91.6916146,26.1621332],[91.6917924,26.1620858],[91.6923428,26.1619047],[91.6929007,26.1617344],[91.6929764,26.1617157]]}},{"type":"Feature","properties":{"id":507819066,"highway":"residential","name":null,"oneway":null,"junction":null},"geometry":{"type":"LineString","coordinates":[[91.683444,26.1673915],[91.6836395,26.1674752],[91.6840177,26.1675353],[91.6841207,26.1675575],[91.6842778,26.1675907],[91.6844844,26.167634],[91.6846534,26.167699],[91.6847419,26.1677231],[91.6848572,26.1676413],[91.6850181,26.1675859],[91.6851871,26.167569],[91.6853788,26.1675869]]}},{"type":"Feature","properties":{"id":507819068,"highway":"residential","name":null,"oneway":null,"junction":null},"geometry":{"type":"LineString","coordinates":[[91.6776387,26.1641648],[91.6777363,26.1635067],[91.6777755,26.163197],[91.6777996,26.1628214],[91.6777782,26.1622653],[91.6777749,26.1621041],[91.6777648,26.1616538],[91.6777701,26.1611555],[91.6777782,26.1607655],[91.677805,26.1607366],[91.6779606,26.1607318]]}},{"type":"Feature","properties":{"id":507819070,"highway":"unclassified","name":null,"oneway":null,"junction":null},"geometry":{"type":"LineString","coordinates":[[91.69549,26.1658815],[91.6955289,26.1658177],[91.6955584,26.1657202],[91.6955598,26.1656431],[91.6955249,26.1655757],[91.6955088,26.1654963],[91.6954739,26.165382],[91.6954324,26.1652616],[91.6954055,26.1651545],[91.6953908,26.1650389],[91.6953398,26.1649703],[91.6952822,26.1648896],[91.6952205,26.1647705],[91.6951521,26.1646549],[91.6951333,26.1645984],[91.6950904,26.164543],[91.6950475,26.1644888],[91.6950005,26.1644238],[91.6949509,26.1643709],[91.6950059,26.1643432],[91.6950756,26.1643323],[91.6951843,26.1643143],[91.6952476,26.1643115],[91.695438,26.164208],[91.6956311,26.1641647],[91.695835,26.1641912],[91.6960388,26.1642826],[91.6961166,26.1642562],[91.6962078,26.1641165],[91.6962722,26.1640178],[91.6964787,26.1636038],[91.6967577,26.1631367],[91.69681,26.1630214]]}},{"type":"Feature","properties":{"id":507819071,"highway":"residential","name":null,"oneway":null,"junction":null},"geometry":{"type":"LineString","coordinates":[[91.6763458,26.1597115],[91.6763579,26.1595839],[91.6763539,26.1595189],[91.6763249,26.1594734],[91.6762439,26.159401],[91.6762104,26.1593541],[91.676193,26.1593071],[91.6761903,26.159219],[91.6762038,26.1590351],[91.6762225,26.1586523],[91.6762547,26.1583682],[91.6762627,26.1583074],[91.6762815,26.1582562],[91.6763191,26.1582261],[91.6764183,26.158166],[91.676488,26.1581226],[91.6765173,26.1580664],[91.6765413,26.1579633]]}},{"type":"Feature","properties":{"id":507819077,"highway":"residential","name":null,"oneway":null,"junction":null},"geometry":{"type":"LineString","coordinates":[[91.6738358,26.152066],[91.6742415,26.1521167],[91.674719,26.1520926],[91.6751267,26.1520806],[91.6754485,26.1520734],[91.67547,26.1521577],[91.6754807,26.1524201],[91.6753734,26.1524393],[91.6751401,26.1524586],[91.6748933,26.1525068],[91.6746599,26.1525429],[91.6744603,26.152634]]}},{"type":"Feature","properties":{"id":507819079,"highway":"residential","name":null,"oneway":null,"junction":null},"geometry":{"type":"LineString","coordinates":[[91.6932381,26.1607513],[91.6932914,26.1606674],[91.6933977,26.1605075],[91.6936033,26.1604232],[91.6939796,26.1603251],[91.6944302,26.1602024],[91.6945361,26.1601398],[91.6946331,26.1600363],[91.6947373,26.1599063],[91.6948771,26.1597125],[91.6950015,26.1594922],[91.695098,26.1592851],[91.6951522,26.1591956]]}},{"type":"Feature","properties":{"id":507819080,"highway":"residential","name":null,"oneway":null,"junction":null},"geometry":{"type":"LineString","coordinates":[[91.6826008,26.1679699],[91.6825666,26.1677496],[91.682521,26.1676292],[91.6824298,26.1675378],[91.6821884,26.1674752],[91.6817485,26.1674029],[91.681424,26.1673331],[91.6813455,26.1673352],[91.6813053,26.1673786],[91.6812221,26.1673954],[91.6811149,26.1675784],[91.6810183,26.1675591],[91.6808923,26.167691]]}},{"type":"Feature","properties":{"id":507819084,"highway":"residential","name":null,"oneway":null,"junction":null},"geometry":{"type":"LineString","coordinates":[[91.6760955,26.1657572],[91.6761098,26.16536],[91.6760964,26.1650278],[91.6761125,26.1649219],[91.6756592,26.1649074],[91.6753724,26.1648772],[91.6753401,26.1648737],[91.6753293,26.1648232],[91.675324,26.1647028],[91.6753427,26.1645512],[91.6754232,26.1645223],[91.6755332,26.1645247],[91.6758148,26.1645343]]}},{"type":"Feature","properties":{"id":507819086,"highway":"residential","name":null,"oneway":null,"junction":null},"geometry":{"type":"LineString","coordinates":[[91.6840233,26.1479109],[91.6839112,26.1479237],[91.6836081,26.1479381],[91.683584,26.148345],[91.6835733,26.1488627],[91.6839732,26.1488796],[91.6841902,26.1488892],[91.6843752,26.1489012],[91.6844208,26.1484269],[91.6844745,26.1475192],[91.684504,26.1474349],[91.6846649,26.1474373],[91.6848259,26.1474518]]}},{"type":"Feature","properties":{"id":507819087,"highway":"residential","name":null,"oneway":null,"junction":null},"geometry":{"type":"LineString","coordinates":[[91.6943693,26.1629626],[91.6939045,26.1629243],[91.6936685,26.1629002],[91.6929368,26.1631069],[91.6922713,26.1632949],[91.6921181,26.1633383],[91.6913868,26.163546],[91.6909098,26.1636815],[91.6907448,26.1637283],[91.6906376,26.1637736],[91.6905624,26.1638054],[91.6905195,26.1638969],[91.68957,26.1641665],[91.6893072,26.1643254],[91.6889311,26.1644228],[91.6889084,26.1645092]]}},{"type":"Feature","properties":{"id":507819089,"highway":"residential","name":null,"oneway":null,"junction":null},"geometry":{"type":"LineString","coordinates":[[91.685027,26.1501291],[91.6847856,26.1501051],[91.6846354,26.1500714],[91.6843001,26.1500545],[91.6838281,26.1500762],[91.683592,26.1500786],[91.68347,26.1500695],[91.6833077,26.1498547],[91.6831683,26.1496716],[91.6830905,26.1496524],[91.6829537,26.1496741],[91.6828062,26.1496428]]}},{"type":"Feature","properties":{"id":507819090,"highway":"residential","name":null,"oneway":null,"junction":null},"geometry":{"type":"LineString","coordinates":[[91.6931642,26.1607642],[91.6929491,26.1605855],[91.6929404,26.1604914],[91.6929568,26.1603791],[91.6929675,26.1603338],[91.6928584,26.160212],[91.6927323,26.1600772],[91.6926384,26.1599881],[91.6925767,26.1599256],[91.6925339,26.1598822],[91.6926062,26.1597425],[91.6926344,26.1596884],[91.6927002,26.1595764],[91.6929092,26.1592324]]}},{"type":"Feature","properties":{"id":507819092,"highway":"residential","name":null,"oneway":null,"junction":null},"geometry":{"type":"LineString","coordinates":[[91.680624,26.1616086],[91.6808171,26.1616159],[91.6810423,26.1616262],[91.6811323,26.1616303],[91.6815883,26.1616652],[91.6819584,26.1616821],[91.6823554,26.1617061],[91.6826799,26.1617519],[91.6830206,26.1617495],[91.6831895,26.1618048],[91.6834443,26.1618554],[91.6840291,26.1618939],[91.6845601,26.1619421],[91.6849088,26.1619469],[91.685003,26.1619728]]}},{"type":"Feature","properties":{"id":507819093,"highway":"residential","name":null,"oneway":null,"junction":null},"geometry":{"type":"LineString","coordinates":[[91.6807041,26.1582746],[91.6806993,26.1588709],[91.6806989,26.1589214],[91.6806901,26.1591162],[91.6806585,26.1598159],[91.6806481,26.1599246],[91.6806401,26.1600354],[91.6806589,26.1606745],[91.6806589,26.1611827],[91.6806589,26.1613607],[91.680624,26.1616086],[91.6805382,26.1618397],[91.6804161,26.1618222],[91.6803296,26.161824],[91.6802887,26.1618542],[91.6801891,26.1620765],[91.6801438,26.162243]]}},{"type":"Feature","properties":{"id":507819102,"highway":"residential","name":null,"oneway":null,"junction":null},"geometry":{"type":"LineString","coordinates":[[91.6855956,26.1546831],[91.6856842,26.1540716],[91.6857566,26.1535829],[91.6858424,26.1527161],[91.6859068,26.1524332],[91.686108,26.1524489],[91.6864379,26.1524826],[91.6866578,26.1525187],[91.6867034,26.1525476],[91.6868187,26.1527811],[91.6871031,26.1532735],[91.6871835,26.1534035],[91.6873123,26.1534866],[91.6874249,26.1535853],[91.6877253,26.1539753]]}},{"type":"Feature","properties":{"id":507819103,"highway":"residential","name":"WGC College Street","oneway":null,"junction":null},"geometry":{"type":"LineString","coordinates":[[91.6881602,26.1617131],[91.6883059,26.1614473],[91.6888477,26.1606577],[91.6891856,26.1600751],[91.6893412,26.1598247],[91.689604,26.1596032],[91.6898562,26.1594347],[91.6899888,26.1593755],[91.6901451,26.1592516],[91.6902487,26.1593193],[91.6903482,26.1592332],[91.6905395,26.1593662],[91.6908087,26.1591788],[91.6908422,26.1591517]]}},{"type":"Feature","properties":{"id":507819104,"highway":"residential","name":null,"oneway":null,"junction":null},"geometry":{"type":"LineString","coordinates":[[91.7140046,26.1857725],[91.714258,26.1857584],[91.7143921,26.1857632],[91.7145112,26.1857757],[91.7146235,26.1858041],[91.7148503,26.1858796],[91.7151807,26.1859943],[91.7152832,26.1860169],[91.7153899,26.186028],[91.7156793,26.1860212],[91.7160551,26.1859943],[91.7162643,26.1859702],[91.7165111,26.1859558],[91.7166613,26.1859269],[91.7167954,26.1858113],[91.7169134,26.1855995],[91.7169739,26.1852109],[91.7169831,26.1851518],[91.7170465,26.1845411]]}},{"type":"Feature","properties":{"id":507819108,"highway":"residential","name":null,"oneway":null,"junction":null},"geometry":{"type":"LineString","coordinates":[[91.7240957,26.1676724],[91.7241489,26.1676934],[91.7248731,26.1679196],[91.7251628,26.1679822],[91.7255772,26.1681302],[91.7256944,26.168172],[91.7258555,26.1682194],[91.7259621,26.1682543],[91.726172,26.1683157],[91.7266925,26.168468],[91.7269572,26.1685455],[91.7273138,26.1686508]]}},{"type":"Feature","properties":{"id":507819118,"highway":"residential","name":null,"oneway":null,"junction":null},"geometry":{"type":"LineString","coordinates":[[91.6799793,26.1663089],[91.6800492,26.1662029],[91.6801913,26.1660994],[91.6804032,26.1659959],[91.680454,26.1659834],[91.6807063,26.1659212],[91.681114,26.1658273],[91.6813783,26.1657784],[91.6816987,26.165719],[91.6819375,26.1657359],[91.6822383,26.1657905],[91.6823747,26.1658153],[91.6826674,26.1658961],[91.6830527,26.1660024],[91.6831043,26.1660167],[91.6832732,26.1660633],[91.6835078,26.1661123],[91.6838557,26.1661849]]}},{"type":"Feature","properties":{"id":507819123,"highway":"residential","name":null,"oneway":null,"junction":null},"geometry":{"type":"LineString","coordinates":[[91.681316,26.1680565],[91.6810317,26.1677686],[91.6808923,26.167691],[91.680742,26.1676073],[91.6804658,26.1674002],[91.680168,26.1672317],[91.6799534,26.16723],[91.6798757,26.1672293],[91.6795136,26.1672221],[91.6784275,26.1671423],[91.6783012,26.167133],[91.6779016,26.167121],[91.6772365,26.167072],[91.6771827,26.167068],[91.6768527,26.1670593],[91.6766356,26.1670536],[91.6765229,26.1670054],[91.6764424,26.1669669]]}},{"type":"Feature","properties":{"id":507819125,"highway":"unclassified","name":null,"oneway":null,"junction":null},"geometry":{"type":"LineString","coordinates":[[91.6942812,26.1692575],[91.6944469,26.1692884],[91.6946696,26.1693221],[91.6948975,26.1693148],[91.6950987,26.169298],[91.6952892,26.1692426],[91.6954045,26.1692065],[91.6955252,26.1691873],[91.6956968,26.169221],[91.6958417,26.1692595],[91.6959624,26.1693028],[91.6960402,26.169298],[91.6961528,26.1692571],[91.6962172,26.1692571],[91.696303,26.1692185],[91.6963701,26.1691415],[91.6964479,26.1689947]]}},{"type":"Feature","properties":{"id":507819132,"highway":"residential","name":null,"oneway":null,"junction":null},"geometry":{"type":"LineString","coordinates":[[91.7277877,26.167084],[91.7272083,26.1671659],[91.7268703,26.1672381],[91.7266343,26.1672381],[91.7263643,26.1672055],[91.7262749,26.1671947],[91.7260818,26.1671273],[91.7258994,26.1670455],[91.7258136,26.1669348],[91.7257331,26.1667759],[91.72554,26.1666074],[91.7253844,26.1664677],[91.7251859,26.1663426],[91.7250464,26.1663522],[91.7249177,26.1664244],[91.7249064,26.1664588],[91.7248909,26.1665063]]}},{"type":"Feature","properties":{"id":507819141,"highway":"residential","name":null,"oneway":null,"junction":null},"geometry":{"type":"LineString","coordinates":[[91.6910989,26.1605755],[91.691152,26.1605595],[91.6914102,26.1605108],[91.6915118,26.1604651],[91.691568,26.1604385],[91.6915963,26.1604039],[91.6916118,26.1603495],[91.6915307,26.1600531],[91.6915072,26.1599911],[91.6913993,26.1597064],[91.6913698,26.1595981],[91.691359,26.1595162],[91.691402,26.1594801],[91.6914851,26.1593935],[91.6914958,26.1593549],[91.6914931,26.1592923],[91.6914881,26.1591766]]}},{"type":"Feature","properties":{"id":507819143,"highway":"residential","name":null,"oneway":null,"junction":null},"geometry":{"type":"LineString","coordinates":[[91.6917924,26.1620858],[91.6916657,26.1616445],[91.6916516,26.1616031],[91.6915781,26.1613831],[91.691553,26.1613197],[91.6915025,26.161125],[91.6915891,26.1611054],[91.6920727,26.1609959],[91.6922306,26.1609827],[91.6923401,26.1609962],[91.6924257,26.1610117],[91.692499,26.1609944],[91.6926059,26.1609819],[91.6927481,26.1609736],[91.69284,26.1609552],[91.6929303,26.1609244],[91.6930022,26.1609134],[91.6930655,26.1608807],[91.693084,26.160875],[91.693116,26.1608618]]}},{"type":"Feature","properties":{"id":507819145,"highway":"residential","name":null,"oneway":null,"junction":null},"geometry":{"type":"LineString","coordinates":[[91.7276556,26.1672916],[91.7277877,26.167084],[91.7279486,26.1669396],[91.7280827,26.1667181],[91.7281417,26.1664774],[91.7280559,26.1662029],[91.7278789,26.165837],[91.7277877,26.1655626],[91.7277902,26.165494],[91.727793,26.1654181],[91.7274551,26.1652785],[91.7267899,26.1651774],[91.7266719,26.1653604],[91.7265431,26.1654326],[91.7262213,26.1653652],[91.7259477,26.1652785],[91.7254971,26.1652352],[91.7254166,26.1652111],[91.725261,26.165033],[91.7251645,26.1649174]]}},{"type":"Feature","properties":{"id":507819147,"highway":"residential","name":null,"oneway":null,"junction":null},"geometry":{"type":"LineString","coordinates":[[91.6767026,26.1639842],[91.6767454,26.1637542],[91.6768103,26.1634051]]}},{"type":"Feature","properties":{"id":507819151,"highway":"residential","name":null,"oneway":null,"junction":null},"geometry":{"type":"LineString","coordinates":[[91.6832809,26.1496271],[91.6842331,26.1496404]]}},{"type":"Feature","properties":{"id":507819152,"highway":"residential","name":null,"oneway":null,"junction":null},"geometry":{"type":"LineString","coordinates":[[91.6870409,26.1604453],[91.6881236,26.1607437]]}},{"type":"Feature","properties":{"id":507819155,"highway":"residential","name":null,"oneway":null,"junction":null},"geometry":{"type":"LineString","coordinates":[[91.6753213,26.1653239],[91.6761098,26.16536]]}},{"type":"Feature","properties":{"id":507819160,"highway":"residential","name":null,"oneway":null,"junction":null},"geometry":{"type":"LineString","coordinates":[[91.7096907,26.1590339],[91.7102366,26.1580415]]}},{"type":"Feature","properties":{"id":507819161,"highway":"residential","name":null,"oneway":null,"junction":null},"geometry":{"type":"LineString","coordinates":[[91.67648,26.1620518],[91.676488,26.1614546]]}},{"type":"Feature","properties":{"id":507819163,"highway":"residential","name":null,"oneway":null,"junction":null},"geometry":{"type":"LineString","coordinates":[[91.7254357,26.1694763],[91.7255973,26.1688705]]}},{"type":"Feature","properties":{"id":507819166,"highway":"residential","name":null,"oneway":null,"junction":null},"geometry":{"type":"LineString","coordinates":[[91.6833197,26.1647344],[91.6835369,26.163971]]}},{"type":"Feature","properties":{"id":507819167,"highway":"residential","name":null,"oneway":null,"junction":null},"geometry":{"type":"LineString","coordinates":[[91.6752971,26.1660004],[91.6753084,26.1657149]]}},{"type":"Feature","properties":{"id":507819168,"highway":"residential","name":null,"oneway":null,"junction":null},"geometry":{"type":"LineString","coordinates":[[91.6850398,26.1492671],[91.6844772,26.1492431]]}},{"type":"Feature","properties":{"id":507819170,"highway":"residential","name":null,"oneway":null,"junction":null},"geometry":{"type":"LineString","coordinates":[[91.7308038,26.1690055],[91.7309334,26.1690221]]}},{"type":"Feature","properties":{"id":507819173,"highway":"residential","name":null,"oneway":null,"junction":null},"geometry":{"type":"LineString","coordinates":[[91.6772686,26.1640348],[91.6773544,26.1634498]]}},{"type":"Feature","properties":{"id":507819174,"highway":"residential","name":null,"oneway":null,"junction":null},"geometry":{"type":"LineString","coordinates":[[91.6796209,26.1597645],[91.6806585,26.1598159]]}},{"type":"Feature","properties":{"id":507819177,"highway":"residential","name":null,"oneway":null,"junction":null},"geometry":{"type":"LineString","coordinates":[[91.6834449,26.1664292],[91.6835078,26.1661123]]}},{"type":"Feature","properties":{"id":507819180,"highway":"residential","name":null,"oneway":null,"junction":null},"geometry":{"type":"LineString","coordinates":[[91.7400165,26.1745151],[91.7412761,26.1748056],[91.7414372,26.174832],[91.7415127,26.1748268]]}},{"type":"Feature","properties":{"id":507819181,"highway":"residential","name":null,"oneway":null,"junction":null},"geometry":{"type":"LineString","coordinates":[[91.6837421,26.1614485],[91.6834846,26.1614269]]}},{"type":"Feature","properties":{"id":507819182,"highway":"residential","name":null,"oneway":null,"junction":null},"geometry":{"type":"LineString","coordinates":[[91.7243987,26.1690907],[91.7245164,26.1687333]]}},{"type":"Feature","properties":{"id":507819187,"highway":"residential","name":null,"oneway":null,"junction":null},"geometry":{"type":"LineString","coordinates":[[91.6908112,26.1582135],[91.6912041,26.1581966]]}},{"type":"Feature","properties":{"id":507819190,"highway":"residential","name":null,"oneway":null,"junction":null},"geometry":{"type":"LineString","coordinates":[[91.6895676,26.1590713],[91.6893789,26.1594558]]}},{"type":"Feature","properties":{"id":507819191,"highway":"residential","name":null,"oneway":null,"junction":null},"geometry":{"type":"LineString","coordinates":[[91.6776012,26.1602696],[91.6779168,26.1602724]]}},{"type":"Feature","properties":{"id":507819195,"highway":"residential","name":null,"oneway":null,"junction":null},"geometry":{"type":"LineString","coordinates":[[91.6854438,26.1598356],[91.6841364,26.1597946]]}},{"type":"Feature","properties":{"id":507819197,"highway":"residential","name":null,"oneway":null,"junction":null},"geometry":{"type":"LineString","coordinates":[[91.6772651,26.1665937],[91.678451,26.1666491]]}},{"type":"Feature","properties":{"id":507819199,"highway":"unclassified","name":null,"oneway":null,"junction":null},"geometry":{"type":"LineString","coordinates":[[91.6942526,26.1680338],[91.6943799,26.1681305],[91.6944764,26.1682388],[91.6945998,26.1683206],[91.6947876,26.1683327],[91.6949887,26.1683254],[91.6951014,26.1683206],[91.6951336,26.1683832],[91.6951685,26.1684314],[91.6952704,26.1684627],[91.6953938,26.168441],[91.6957049,26.1683399],[91.6958122,26.1683158],[91.6959141,26.1683351],[91.6960375,26.1683062],[91.6961528,26.1682412],[91.6962869,26.1681545],[91.6963701,26.1681112],[91.6965471,26.1680631],[91.6967215,26.1680342]]}},{"type":"Feature","properties":{"id":507819203,"highway":"residential","name":null,"oneway":null,"junction":null},"geometry":{"type":"LineString","coordinates":[[91.6822937,26.159607],[91.6823117,26.1596186],[91.682327,26.1596399],[91.6823573,26.159682],[91.6824345,26.1600378],[91.6825782,26.1602029],[91.6827332,26.1602327],[91.6828845,26.1602099],[91.6830812,26.1600921],[91.6831365,26.1599047],[91.6831418,26.1596143],[91.6831095,26.1594226],[91.6831045,26.159393],[91.6831694,26.1588864],[91.6831827,26.158518],[91.683186,26.1584262]]}},{"type":"Feature","properties":{"id":507819205,"highway":"unclassified","name":null,"oneway":null,"junction":null},"geometry":{"type":"LineString","coordinates":[[91.6944487,26.1626192],[91.694734,26.1626277],[91.6949284,26.1626336],[91.6952739,26.1626287],[91.6954997,26.1625806],[91.695784,26.1625541],[91.6960871,26.1625565],[91.6963446,26.1626865],[91.696755,26.1629826],[91.69681,26.1630214],[91.6972539,26.1633341],[91.6977286,26.1637],[91.6981685,26.1640515],[91.6983911,26.1642489],[91.6985735,26.1643669],[91.6988632,26.1644608],[91.6991904,26.1646654],[91.6995042,26.1648074],[91.6995096,26.1648508],[91.6995042,26.1649134],[91.699287,26.1650915]]}},{"type":"Feature","properties":{"id":507819207,"highway":"residential","name":null,"oneway":null,"junction":null},"geometry":{"type":"LineString","coordinates":[[91.6875956,26.1719292],[91.6876918,26.1718584],[91.6877302,26.1718054],[91.6877454,26.171748],[91.6877803,26.1716201],[91.6878205,26.1715286],[91.6878995,26.1714588],[91.6880217,26.1713938],[91.6881505,26.1713408],[91.688239,26.1712855],[91.6883784,26.1711651],[91.6885769,26.1710423],[91.6888022,26.1709364],[91.6890007,26.1708642],[91.6891563,26.1708329],[91.6893628,26.1707968],[91.6895103,26.1707631],[91.6895953,26.170729],[91.6896964,26.1706788],[91.6897678,26.1706114],[91.6898,26.1705513],[91.6898134,26.170479],[91.6898406,26.1704157],[91.6899222,26.1703011],[91.6901606,26.1699944]]}},{"type":"Feature","properties":{"id":507819209,"highway":"residential","name":null,"oneway":null,"junction":null},"geometry":{"type":"LineString","coordinates":[[91.7302289,26.1729128],[91.730281,26.1727253],[91.730285,26.172546],[91.7303458,26.1723902]]}},{"type":"Feature","properties":{"id":507819212,"highway":"residential","name":null,"oneway":null,"junction":null},"geometry":{"type":"LineString","coordinates":[[91.6810731,26.1503868],[91.6822426,26.150488],[91.6823609,26.1505252],[91.6824092,26.1505469],[91.6833292,26.1505469],[91.6836189,26.1505661],[91.6838334,26.1506215],[91.6839199,26.1506883],[91.6839649,26.1508165],[91.6839434,26.1508599],[91.6838468,26.1508912],[91.6836001,26.1509104]]}},{"type":"Feature","properties":{"id":507819216,"highway":"residential","name":null,"oneway":null,"junction":null},"geometry":{"type":"LineString","coordinates":[[91.7366314,26.16724],[91.7373898,26.1672418],[91.7378243,26.166823],[91.738452,26.1661008],[91.7385271,26.1659804],[91.7386558,26.1656241],[91.7385914,26.16508],[91.7384842,26.1646275],[91.7383347,26.1642488],[91.738283,26.1641177],[91.7382106,26.1639341],[91.7380571,26.1635438],[91.7379853,26.1633612],[91.7377761,26.1627979],[91.737569,26.162159],[91.7375523,26.1621075],[91.7375186,26.1620034],[91.7372664,26.1613101],[91.7372377,26.1612509],[91.7371752,26.1611223],[91.737068,26.1609152],[91.7370291,26.160837],[91.735346,26.1614449],[91.7353084,26.1615171],[91.7353889,26.1616808],[91.7352823,26.1617175],[91.734809,26.1619084]]}},{"type":"Feature","properties":{"id":507819218,"highway":"residential","name":null,"oneway":null,"junction":null},"geometry":{"type":"LineString","coordinates":[[91.6872885,26.171808],[91.687429,26.1718524],[91.68753,26.1718983],[91.6875956,26.1719292],[91.6877512,26.1720367],[91.687873,26.1721409],[91.6879391,26.1721916],[91.6880287,26.1722422],[91.6882074,26.1723143],[91.6883646,26.172354],[91.6885779,26.1723662],[91.6887631,26.1723221],[91.6889126,26.1722528],[91.6889766,26.1721966],[91.6890512,26.1720698],[91.689117,26.171987],[91.6891827,26.1719362],[91.6893348,26.1718482],[91.6894898,26.1717498],[91.6896773,26.1716017],[91.6898704,26.1714669],[91.6899957,26.1713837],[91.6901149,26.171312],[91.6902184,26.1712542],[91.6904681,26.1711414],[91.6907474,26.1710187],[91.6909713,26.1709248],[91.6912169,26.1708297]]}},{"type":"Feature","properties":{"id":507819227,"highway":"residential","name":null,"oneway":null,"junction":null},"geometry":{"type":"LineString","coordinates":[[91.6784182,26.1635659],[91.6782503,26.1635557],[91.6777996,26.16351],[91.6777363,26.1635067],[91.6776146,26.1635003],[91.6773544,26.1634498],[91.6772762,26.1634387],[91.6771157,26.1634161],[91.6768716,26.1634064],[91.6768103,26.1634051],[91.6767643,26.163404],[91.6766543,26.1633535],[91.6765363,26.1632789],[91.6764129,26.1632139],[91.6761903,26.1631994],[91.6759033,26.1631892],[91.6757907,26.1631826],[91.6753964,26.1631705],[91.675324,26.1631633],[91.6753561,26.1628022],[91.6753696,26.162547],[91.6753776,26.1624459],[91.6756142,26.1620537],[91.6757987,26.1617044],[91.6758229,26.1616563]]}},{"type":"Feature","properties":{"id":507819229,"highway":"residential","name":null,"oneway":null,"junction":null},"geometry":{"type":"LineString","coordinates":[[91.6848185,26.1626501],[91.6851328,26.162719],[91.6854117,26.1627494],[91.6857229,26.1627928],[91.686034,26.1627639],[91.6860941,26.1627508],[91.6864421,26.1629567],[91.6867251,26.1625606],[91.6863842,26.1623306],[91.6863322,26.1622495],[91.6862964,26.1621813],[91.6862882,26.1621322],[91.6863022,26.1620561],[91.6863773,26.1618972],[91.6865222,26.1616035],[91.6866617,26.161358],[91.6866226,26.1611177],[91.6867207,26.1609054],[91.6868106,26.1607776],[91.6868746,26.1606866],[91.6869138,26.1606309],[91.6870409,26.1604453],[91.6871015,26.1603372],[91.6871713,26.1601205],[91.6871624,26.1600428],[91.6871329,26.1600038],[91.6869948,26.1599786],[91.6868218,26.1599798]]}},{"type":"Feature","properties":{"id":507819231,"highway":"service","name":null,"oneway":null,"junction":null},"geometry":{"type":"LineString","coordinates":[[91.681316,26.1680565],[91.6809781,26.1679819],[91.6809395,26.1679671],[91.680734,26.167888],[91.6804577,26.1677676],[91.68016,26.1676328],[91.6799266,26.1675823],[91.6791917,26.1675269],[91.6782315,26.1674836],[91.6776843,26.1674378],[91.6771881,26.167421],[91.676598,26.1674162],[91.6764639,26.1674691],[91.6764371,26.1675678],[91.6764827,26.1676377],[91.6765792,26.1676641],[91.6775421,26.1677171],[91.6789449,26.1677917],[91.6802136,26.1679025],[91.6807501,26.1679771],[91.6809395,26.1679671]]}},{"type":"Feature","properties":{"id":507819232,"highway":"residential","name":null,"oneway":null,"junction":null},"geometry":{"type":"LineString","coordinates":[[91.7105819,26.1585184],[91.7107353,26.1585692],[91.7108016,26.1585704],[91.7108755,26.1585279],[91.7109474,26.1584592],[91.7109962,26.158413],[91.7110603,26.1583924],[91.7111029,26.1583887],[91.7111455,26.1583954],[91.7112813,26.1584369],[91.711342,26.1584464],[91.7113997,26.1584511],[91.7114612,26.1584444],[91.7116325,26.1584366],[91.7116863,26.1584385],[91.7117401,26.1584503],[91.7117741,26.1584613],[91.7118048,26.1584792],[91.7118398,26.1585051],[91.711866,26.1585419],[91.7119022,26.1586036],[91.7119359,26.1586639],[91.7119671,26.1586953],[91.7120122,26.1587139],[91.7120868,26.1587348],[91.7121733,26.1587574],[91.7122906,26.1587859],[91.7123643,26.1588097],[91.7124365,26.1588444],[91.712505,26.158839],[91.7125526,26.1588439],[91.7125981,26.1588535],[91.7126427,26.1588652],[91.7126873,26.1588807],[91.7127692,26.1589222],[91.712851,26.1589602],[91.7129125,26.1589767],[91.712973,26.1589775],[91.7131061,26.158973],[91.7132345,26.158965],[91.7135114,26.1588099],[91.7135624,26.1587834],[91.7136992,26.1587233],[91.7137636,26.1586438]]}},{"type":"Feature","properties":{"id":507819233,"highway":"residential","name":null,"oneway":null,"junction":null},"geometry":{"type":"LineString","coordinates":[[91.6888479,26.1580228],[91.6891536,26.158045],[91.6895559,26.1580642],[91.6899333,26.158078],[91.6901997,26.1580835],[91.690425,26.1581003],[91.690551,26.1581244],[91.6906449,26.1581413],[91.6908112,26.1582135],[91.6908836,26.158317],[91.6909426,26.1586011],[91.6909655,26.1587309],[91.6909775,26.1587937],[91.6909822,26.1588189],[91.6910267,26.1588209],[91.6912247,26.1588416]]}},{"type":"Feature","properties":{"id":507819248,"highway":"residential","name":null,"oneway":null,"junction":null},"geometry":{"type":"LineString","coordinates":[[91.6885134,26.1618294],[91.6885991,26.1618563],[91.6887171,26.1618635],[91.688827,26.1618418],[91.6890121,26.1615],[91.6891594,26.1612589],[91.6892401,26.1611268],[91.6894386,26.1607922],[91.6899858,26.1601301],[91.690541,26.1596222],[91.6909862,26.1592514],[91.6911713,26.1591888],[91.6913751,26.1591672],[91.6914881,26.1591766],[91.6921503,26.1592322],[91.6929092,26.1592324],[91.6932017,26.1592249],[91.6935119,26.1592232],[91.6937472,26.1592134],[91.6938529,26.1591433]]}},{"type":"Feature","properties":{"id":507819254,"highway":"residential","name":null,"oneway":null,"junction":null},"geometry":{"type":"LineString","coordinates":[[91.6983271,26.1584967],[91.6983237,26.1581056],[91.6982896,26.1575698]]}},{"type":"Feature","properties":{"id":507819255,"highway":"residential","name":null,"oneway":null,"junction":null},"geometry":{"type":"LineString","coordinates":[[91.7263643,26.1672055],[91.7264409,26.1669676],[91.72652,26.1667918]]}},{"type":"Feature","properties":{"id":507819258,"highway":"residential","name":null,"oneway":null,"junction":null},"geometry":{"type":"LineString","coordinates":[[91.6835078,26.1661123],[91.6835548,26.165784],[91.683692,26.1652962]]}},{"type":"Feature","properties":{"id":507819269,"highway":"residential","name":null,"oneway":null,"junction":null},"geometry":{"type":"LineString","coordinates":[[91.677805,26.1607366],[91.6774751,26.1606571],[91.6771827,26.1605874],[91.6771571,26.160584],[91.6771518,26.1606418],[91.6771424,26.160773],[91.6771384,26.160856],[91.6771303,26.1609921],[91.6770512,26.1609921],[91.6770418,26.1613363],[91.6770391,26.1615097],[91.6770431,26.1619213],[91.6770427,26.1620703]]}},{"type":"Feature","properties":{"id":507819271,"highway":"residential","name":null,"oneway":null,"junction":null},"geometry":{"type":"LineString","coordinates":[[91.6842946,26.1592241],[91.6849383,26.1592409],[91.6854548,26.1592672]]}},{"type":"Feature","properties":{"id":507819276,"highway":"residential","name":null,"oneway":null,"junction":null},"geometry":{"type":"LineString","coordinates":[[91.6830527,26.1660024],[91.6831831,26.1655208],[91.6832115,26.1654157],[91.6832392,26.1651891]]}},{"type":"Feature","properties":{"id":507819284,"highway":"residential","name":null,"oneway":null,"junction":null},"geometry":{"type":"LineString","coordinates":[[91.6753084,26.1657149],[91.6753213,26.1653239],[91.6753724,26.1648772]]}},{"type":"Feature","properties":{"id":507819288,"highway":"residential","name":null,"oneway":null,"junction":null},"geometry":{"type":"LineString","coordinates":[[91.6882436,26.1602652],[91.6881236,26.1607437],[91.6880485,26.1611168],[91.688011,26.1613032]]}},{"type":"Feature","properties":{"id":507819290,"highway":"residential","name":null,"oneway":null,"junction":null},"geometry":{"type":"LineString","coordinates":[[91.6888479,26.1580228],[91.6888183,26.1576008],[91.6888169,26.1571588]]}},{"type":"Feature","properties":{"id":507819291,"highway":"residential","name":null,"oneway":null,"junction":null},"geometry":{"type":"LineString","coordinates":[[91.6774243,26.1620866],[91.6773759,26.1626024],[91.6772762,26.1634387]]}},{"type":"Feature","properties":{"id":507819303,"highway":"residential","name":null,"oneway":null,"junction":null},"geometry":{"type":"LineString","coordinates":[[91.6823782,26.164036],[91.6826303,26.1640023],[91.6827399,26.1639916]]}},{"type":"Feature","properties":{"id":507819306,"highway":"residential","name":null,"oneway":null,"junction":null},"geometry":{"type":"LineString","coordinates":[[91.7238874,26.1669748],[91.7242844,26.1662887],[91.7242649,26.1662413]]}},{"type":"Feature","properties":{"id":507819320,"highway":"residential","name":null,"oneway":null,"junction":null},"geometry":{"type":"LineString","coordinates":[[91.6784514,26.1624989],[91.6789691,26.1624928],[91.6799132,26.1624784],[91.6801914,26.1624587],[91.680557,26.1624567],[91.6806936,26.1624658],[91.6809566,26.1624832],[91.6812919,26.1625217],[91.681755,26.1626041],[91.6817196,26.1627226],[91.6816488,26.1629562],[91.6820804,26.1630056],[91.6821098,26.1630149],[91.6821797,26.1630369],[91.6822789,26.163073],[91.6822997,26.1631186],[91.6824884,26.1635323],[91.6825391,26.1636436],[91.6827399,26.1639916],[91.6827725,26.164048],[91.6829388,26.1642815],[91.6831292,26.1644669],[91.6832874,26.1646571],[91.6833197,26.1647344],[91.6833438,26.1647919],[91.683333,26.1649411],[91.6832392,26.1651891],[91.683692,26.1652962],[91.6837381,26.1653071],[91.684073,26.165387]]}},{"type":"Feature","properties":{"id":507819326,"highway":"residential","name":null,"oneway":null,"junction":null},"geometry":{"type":"LineString","coordinates":[[91.7226873,26.1692256],[91.7228046,26.1690901],[91.7228284,26.1690627],[91.7228431,26.1690292],[91.7229049,26.1688882],[91.72288,26.1688033],[91.722845,26.1687655],[91.7226804,26.1686197],[91.7225446,26.1685151],[91.721579,26.1677737],[91.7209889,26.1673548],[91.7204064,26.167014],[91.7201414,26.1668589],[91.7199231,26.1667262],[91.719842,26.1666696],[91.7198171,26.1666185],[91.7198252,26.1665378],[91.7198534,26.166453],[91.7198875,26.1662947],[91.7199057,26.166205],[91.720084,26.1658825],[91.7204059,26.1655117],[91.7209343,26.1649243],[91.7210872,26.164739],[91.721181,26.1647799],[91.7213473,26.1648473],[91.7214466,26.164763],[91.7215807,26.1645945],[91.7216223,26.1644922],[91.7216555,26.1644398],[91.7216773,26.1644055],[91.7218516,26.1643779],[91.722042,26.1643369],[91.722152,26.1642912],[91.7222566,26.1641853],[91.7223585,26.1640914],[91.7225307,26.1639304],[91.7228065,26.1636725],[91.7230076,26.1634149],[91.7231149,26.1631525]]}},{"type":"Feature","properties":{"id":507819337,"highway":"residential","name":null,"oneway":null,"junction":null},"geometry":{"type":"LineString","coordinates":[[91.6777083,26.1658895],[91.6777326,26.1655045],[91.6777111,26.1654684],[91.6774805,26.1654395]]}},{"type":"Feature","properties":{"id":507819342,"highway":"residential","name":null,"oneway":null,"junction":null},"geometry":{"type":"LineString","coordinates":[[91.6915025,26.161125],[91.6915013,26.1609778],[91.6914829,26.1608246],[91.6914102,26.1605108]]}},{"type":"Feature","properties":{"id":507819344,"highway":"residential","name":null,"oneway":null,"junction":null},"geometry":{"type":"LineString","coordinates":[[91.7374679,26.1746065],[91.7375377,26.1743803],[91.7375524,26.174219],[91.7375479,26.1740215],[91.7375471,26.1739857],[91.7375417,26.1737544],[91.7375551,26.1735086],[91.7375685,26.1732646],[91.7374465,26.1732309],[91.7374107,26.1732075],[91.7374905,26.1728857],[91.7375878,26.1724937],[91.7375919,26.1724758],[91.7377399,26.1718298],[91.7377447,26.1717795],[91.7377858,26.1713469]]}},{"type":"Feature","properties":{"id":507819345,"highway":"residential","name":null,"oneway":null,"junction":null},"geometry":{"type":"LineString","coordinates":[[91.6788085,26.1687796],[91.6787173,26.1688615],[91.678433,26.1689626],[91.6782667,26.16903]]}},{"type":"Feature","properties":{"id":507819351,"highway":"residential","name":null,"oneway":null,"junction":null},"geometry":{"type":"LineString","coordinates":[[91.7385051,26.1728981],[91.7391488,26.1729126],[91.7394331,26.1729703],[91.7398056,26.1730626]]}},{"type":"Feature","properties":{"id":507819353,"highway":"residential","name":null,"oneway":null,"junction":null},"geometry":{"type":"LineString","coordinates":[[91.7001749,26.1586848],[91.7002335,26.1583656],[91.7001745,26.1576963],[91.700129,26.1572836]]}},{"type":"Feature","properties":{"id":507819359,"highway":"residential","name":null,"oneway":null,"junction":null},"geometry":{"type":"LineString","coordinates":[[91.6779747,26.1598286],[91.6784895,26.1599033],[91.6784711,26.1601086],[91.6784565,26.1604311]]}},{"type":"Feature","properties":{"id":507819361,"highway":"residential","name":null,"oneway":null,"junction":null},"geometry":{"type":"LineString","coordinates":[[91.6793354,26.1499184],[91.6794316,26.1496356],[91.680483,26.1499053],[91.6804614,26.1501454]]}},{"type":"Feature","properties":{"id":507819365,"highway":"residential","name":null,"oneway":null,"junction":null},"geometry":{"type":"LineString","coordinates":[[91.6836215,26.1502868],[91.6842867,26.1503109],[91.6847078,26.1503398],[91.685001,26.1503698]]}},{"type":"Feature","properties":{"id":507819367,"highway":"residential","name":null,"oneway":null,"junction":null},"geometry":{"type":"LineString","coordinates":[[91.6883252,26.1598998],[91.6884311,26.1593887],[91.6884941,26.1589734],[91.6885131,26.1588545],[91.6885181,26.1588149]]}},{"type":"Feature","properties":{"id":507819370,"highway":"unclassified","name":null,"oneway":null,"junction":null},"geometry":{"type":"LineString","coordinates":[[91.6915963,26.1604039],[91.691697,26.1604022],[91.6918338,26.160354],[91.6919143,26.160342]]}},{"type":"Feature","properties":{"id":507819378,"highway":"residential","name":null,"oneway":null,"junction":null},"geometry":{"type":"LineString","coordinates":[[91.6785296,26.1696655],[91.6788085,26.1693478],[91.6790446,26.1691792],[91.6792967,26.1691504]]}},{"type":"Feature","properties":{"id":507819381,"highway":"residential","name":null,"oneway":null,"junction":null},"geometry":{"type":"LineString","coordinates":[[91.685027,26.1501291],[91.6850297,26.1501797],[91.685001,26.1503698],[91.6849868,26.1504638]]}},{"type":"Feature","properties":{"id":507819386,"highway":"residential","name":null,"oneway":null,"junction":null},"geometry":{"type":"LineString","coordinates":[[91.70068,26.1572567],[91.7008021,26.1580575],[91.7008079,26.1583539],[91.7007967,26.158486],[91.70079,26.1587474]]}},{"type":"Feature","properties":{"id":507819389,"highway":"residential","name":null,"oneway":null,"junction":null},"geometry":{"type":"LineString","coordinates":[[91.7242844,26.1662887],[91.7243192,26.1662959],[91.7247625,26.1664189],[91.7249064,26.1664588]]}},{"type":"Feature","properties":{"id":507819394,"highway":"residential","name":null,"oneway":null,"junction":null},"geometry":{"type":"LineString","coordinates":[[91.6802216,26.1631419],[91.6805194,26.1631662],[91.6808949,26.1632096],[91.6814187,26.1632694]]}},{"type":"Feature","properties":{"id":507819396,"highway":"residential","name":null,"oneway":null,"junction":null},"geometry":{"type":"LineString","coordinates":[[91.7229944,26.1679578],[91.7225341,26.1677695],[91.722638,26.1675952],[91.7218674,26.167282]]}},{"type":"Feature","properties":{"id":507819400,"highway":"residential","name":null,"oneway":null,"junction":null},"geometry":{"type":"LineString","coordinates":[[91.683866,26.1522701],[91.6837937,26.1528437],[91.6837259,26.1533325],[91.6836739,26.1538197]]}},{"type":"Feature","properties":{"id":507819402,"highway":"residential","name":null,"oneway":null,"junction":null},"geometry":{"type":"LineString","coordinates":[[91.6896984,26.1608993],[91.6901231,26.1608232],[91.6903934,26.1607633],[91.6910989,26.1605755]]}},{"type":"Feature","properties":{"id":507819404,"highway":"residential","name":null,"oneway":null,"junction":null},"geometry":{"type":"LineString","coordinates":[[91.6844095,26.1641517],[91.6840191,26.1640755],[91.6835369,26.163971],[91.6837434,26.1632319]]}},{"type":"Feature","properties":{"id":507819406,"highway":"service","name":null,"oneway":null,"junction":null},"geometry":{"type":"LineString","coordinates":[[91.6775733,26.1704214],[91.6776105,26.1701832],[91.6776215,26.1701267],[91.6776278,26.170076],[91.6776299,26.170042],[91.6776927,26.16955],[91.6777126,26.1694389],[91.6777893,26.1690107],[91.6777838,26.1684627]]}},{"type":"Feature","properties":{"id":507819408,"highway":"residential","name":null,"oneway":null,"junction":null},"geometry":{"type":"LineString","coordinates":[[91.701228,26.1594996],[91.7012098,26.1604053],[91.7013252,26.1609503],[91.701352,26.1612198]]}},{"type":"Feature","properties":{"id":507819410,"highway":"residential","name":null,"oneway":null,"junction":null},"geometry":{"type":"LineString","coordinates":[[91.684891,26.1523607],[91.6847829,26.1531206],[91.6846703,26.1541318],[91.6845496,26.1550948]]}},{"type":"Feature","properties":{"id":507819412,"highway":"residential","name":null,"oneway":null,"junction":null},"geometry":{"type":"LineString","coordinates":[[91.691152,26.1605595],[91.6909997,26.1601029],[91.6909304,26.1598766]]}},{"type":"Feature","properties":{"id":507819422,"highway":"residential","name":null,"oneway":null,"junction":null},"geometry":{"type":"LineString","coordinates":[[91.6814929,26.1633658],[91.6824884,26.1635323],[91.6828476,26.1633908],[91.6830407,26.1632512],[91.6831748,26.163073],[91.6832472,26.1629189]]}},{"type":"Feature","properties":{"id":507819426,"highway":"residential","name":null,"oneway":null,"junction":null},"geometry":{"type":"LineString","coordinates":[[91.7298797,26.1673306],[91.7299978,26.1669059],[91.7301856,26.1664148],[91.7303733,26.1659911],[91.7305155,26.1654999]]}},{"type":"Feature","properties":{"id":507819430,"highway":"residential","name":null,"oneway":null,"junction":null},"geometry":{"type":"LineString","coordinates":[[91.6852338,26.1523863],[91.6851799,26.1528606],[91.6851584,26.1533493],[91.6850699,26.1539464],[91.6850262,26.1544629]]}},{"type":"Feature","properties":{"id":507819433,"highway":"residential","name":null,"oneway":null,"junction":null},"geometry":{"type":"LineString","coordinates":[[91.6827399,26.1639916],[91.6831775,26.1637832],[91.6835449,26.1634943],[91.6837434,26.1632319],[91.6838287,26.163056]]}},{"type":"Feature","properties":{"id":507819438,"highway":"residential","name":null,"oneway":null,"junction":null},"geometry":{"type":"LineString","coordinates":[[91.7240957,26.1676724],[91.7241985,26.1674249],[91.7243058,26.1672588],[91.7246035,26.166734],[91.7247625,26.1664189]]}},{"type":"Feature","properties":{"id":507819439,"highway":"residential","name":null,"oneway":null,"junction":null},"geometry":{"type":"LineString","coordinates":[[91.6825088,26.1683731],[91.6819597,26.1683213],[91.6816057,26.1682684],[91.681369,26.1680902],[91.681316,26.1680565]]}},{"type":"Feature","properties":{"id":507819440,"highway":"residential","name":null,"oneway":null,"junction":null},"geometry":{"type":"LineString","coordinates":[[91.6920845,26.162834],[91.6929174,26.1625972],[91.6934807,26.1624383],[91.6936228,26.1627344],[91.6936685,26.1629002]]}},{"type":"Feature","properties":{"id":507819442,"highway":"residential","name":null,"oneway":null,"junction":null},"geometry":{"type":"LineString","coordinates":[[91.7330602,26.1721904],[91.7330119,26.1724119],[91.7329958,26.1726141],[91.7333773,26.1726709],[91.7339159,26.1727511],[91.7340634,26.172773],[91.7350279,26.1729248]]}},{"type":"Feature","properties":{"id":507819446,"highway":"residential","name":null,"oneway":null,"junction":null},"geometry":{"type":"LineString","coordinates":[[91.6829352,26.1666386],[91.6828682,26.1670286],[91.6829326,26.1670936],[91.6833456,26.167161],[91.6835793,26.1671996]]}},{"type":"Feature","properties":{"id":507819447,"highway":"residential","name":null,"oneway":null,"junction":null},"geometry":{"type":"LineString","coordinates":[[91.6838252,26.1606517],[91.6837662,26.1609189],[91.6837421,26.1614485],[91.6839701,26.1614606],[91.6839647,26.1616917]]}},{"type":"Feature","properties":{"id":507819448,"highway":"residential","name":null,"oneway":null,"junction":null},"geometry":{"type":"LineString","coordinates":[[91.6922713,26.1632949],[91.6920845,26.162834],[91.6920471,26.162755],[91.6920176,26.1627051],[91.6919623,26.1625846],[91.6919303,26.16253],[91.6919032,26.1624674],[91.691894,26.1624118],[91.691836,26.1622166],[91.6918055,26.1621366],[91.6917924,26.1620858]]}},{"type":"Feature","properties":{"id":507819449,"highway":"residential","name":null,"oneway":null,"junction":null},"geometry":{"type":"LineString","coordinates":[[91.6784702,26.1627781],[91.6786553,26.1628058],[91.6793151,26.1628419],[91.6799588,26.1628299],[91.6802405,26.1628395]]}},{"type":"Feature","properties":{"id":507819451,"highway":"residential","name":null,"oneway":null,"junction":null},"geometry":{"type":"LineString","coordinates":[[91.6841736,26.1683703],[91.6845032,26.1683683],[91.684817,26.1683755],[91.6851174,26.1683562],[91.6852193,26.1683418]]}},{"type":"Feature","properties":{"id":507819453,"highway":"residential","name":null,"oneway":null,"junction":null},"geometry":{"type":"LineString","coordinates":[[91.6738131,26.1521374],[91.6738358,26.152066],[91.6739545,26.151693],[91.6739867,26.1514618],[91.6739867,26.1514185]]}},{"type":"Feature","properties":{"id":507819456,"highway":"residential","name":null,"oneway":null,"junction":null},"geometry":{"type":"LineString","coordinates":[[91.6909098,26.1636815],[91.6907452,26.1632237],[91.6907093,26.1631415],[91.6905993,26.162831],[91.6909775,26.1627082],[91.6911364,26.1626679]]}},{"type":"Feature","properties":{"id":507819459,"highway":"unclassified","name":null,"oneway":null,"junction":null},"geometry":{"type":"LineString","coordinates":[[91.6939812,26.1643463],[91.6941744,26.1642404],[91.6942816,26.164262],[91.6943594,26.1643294],[91.6944614,26.1643824],[91.6945675,26.1644561]]}},{"type":"Feature","properties":{"id":507819462,"highway":"residential","name":null,"oneway":null,"junction":null},"geometry":{"type":"LineString","coordinates":[[91.6754762,26.1578793],[91.6754768,26.1583634],[91.6754795,26.1588641],[91.6754983,26.1590254],[91.6755868,26.1590495],[91.6759918,26.1590495]]}},{"type":"Feature","properties":{"id":507819463,"highway":"residential","name":null,"oneway":null,"junction":null},"geometry":{"type":"LineString","coordinates":[[91.7233755,26.1684641],[91.723701,26.1685672],[91.7235991,26.1688503]]}},{"type":"Feature","properties":{"id":507819464,"highway":"residential","name":null,"oneway":null,"junction":null},"geometry":{"type":"LineString","coordinates":[[91.6842316,26.1660331],[91.6848217,26.1640206],[91.6850124,26.1632583],[91.685047,26.1631202],[91.6851328,26.162719],[91.6852401,26.1622343]]}},{"type":"Feature","properties":{"id":507819466,"highway":"residential","name":null,"oneway":null,"junction":null},"geometry":{"type":"LineString","coordinates":[[91.6839199,26.1506883],[91.6841553,26.1506624],[91.6845362,26.1507034],[91.68474,26.1507202],[91.6849492,26.1507058],[91.6849868,26.1504638]]}},{"type":"Feature","properties":{"id":507819470,"highway":"residential","name":null,"oneway":null,"junction":null},"geometry":{"type":"LineString","coordinates":[[91.6794155,26.1488941],[91.6799416,26.1489975],[91.680588,26.1490866],[91.6811298,26.149142],[91.6811699,26.1491451],[91.6813443,26.1491588]]}},{"type":"Feature","properties":{"id":507819471,"highway":"residential","name":null,"oneway":null,"junction":null},"geometry":{"type":"LineString","coordinates":[[91.682295,26.164881],[91.6825313,26.1649481],[91.6826169,26.1649724],[91.6829361,26.1650398],[91.6831292,26.1650928],[91.6832392,26.1651891]]}},{"type":"Feature","properties":{"id":507819472,"highway":"residential","name":null,"oneway":null,"junction":null},"geometry":{"type":"LineString","coordinates":[[91.679227,26.1688374],[91.6793128,26.1690396],[91.6792967,26.1691504],[91.6793319,26.1693558],[91.6793611,26.1695259],[91.6793074,26.1698388]]}},{"type":"Feature","properties":{"id":507819473,"highway":"residential","name":null,"oneway":null,"junction":null},"geometry":{"type":"LineString","coordinates":[[91.6813783,26.1657784],[91.6814627,26.1661812],[91.6814412,26.1662583],[91.6813344,26.1663172],[91.6812508,26.1665375],[91.6812508,26.1666531]]}},{"type":"Feature","properties":{"id":507819476,"highway":"unclassified","name":null,"oneway":null,"junction":null},"geometry":{"type":"LineString","coordinates":[[91.6963309,26.1649541],[91.6962611,26.1646364],[91.6962209,26.1645088],[91.6962236,26.1644221],[91.6962692,26.1643403],[91.6963368,26.1642377]]}},{"type":"Feature","properties":{"id":507819477,"highway":"residential","name":null,"oneway":null,"junction":null},"geometry":{"type":"LineString","coordinates":[[91.6842733,26.1550154],[91.6843189,26.1544689],[91.6843806,26.153932],[91.6844074,26.1535251],[91.6844611,26.1529425],[91.6845298,26.152333]]}},{"type":"Feature","properties":{"id":507819478,"highway":"residential","name":null,"oneway":null,"junction":null},"geometry":{"type":"LineString","coordinates":[[91.723661,26.1660778],[91.7242649,26.1662413],[91.7242549,26.1660985],[91.7242951,26.165983],[91.7243943,26.1657928],[91.72422,26.1657398]]}},{"type":"Feature","properties":{"id":507819479,"highway":"residential","name":null,"oneway":null,"junction":null},"geometry":{"type":"LineString","coordinates":[[91.6801914,26.1624587],[91.6802297,26.1627835],[91.6802405,26.1628395],[91.6802216,26.1631419],[91.680219,26.1631831],[91.6802002,26.1635442]]}},{"type":"Feature","properties":{"id":507819484,"highway":"residential","name":null,"oneway":null,"junction":null},"geometry":{"type":"LineString","coordinates":[[91.6850124,26.1632583],[91.6859106,26.1634235],[91.6860501,26.163462],[91.6863291,26.1634524],[91.6864471,26.1635439],[91.6866938,26.1638135]]}},{"type":"Feature","properties":{"id":507819486,"highway":"residential","name":null,"oneway":null,"junction":null},"geometry":{"type":"LineString","coordinates":[[91.6832594,26.1492672],[91.6842465,26.149284],[91.6842519,26.1494189],[91.6842331,26.1496404],[91.6844906,26.149638],[91.6850315,26.1496451]]}},{"type":"Feature","properties":{"id":507819488,"highway":"residential","name":null,"oneway":null,"junction":null},"geometry":{"type":"LineString","coordinates":[[91.6916657,26.1616445],[91.6922233,26.1614697],[91.6927407,26.1613206],[91.6926867,26.1611672],[91.6926059,26.1609819]]}},{"type":"Feature","properties":{"id":507819493,"highway":"residential","name":null,"oneway":null,"junction":null},"geometry":{"type":"LineString","coordinates":[[91.6899888,26.1593755],[91.6896523,26.1591121],[91.6895676,26.1590713],[91.6894324,26.1590062],[91.6889589,26.158952],[91.688898,26.1589135],[91.6888547,26.1588553]]}},{"type":"Feature","properties":{"id":507819498,"highway":"residential","name":null,"oneway":null,"junction":null},"geometry":{"type":"LineString","coordinates":[[91.7283798,26.1692849],[91.7285552,26.1689715],[91.7289108,26.1681005],[91.7290235,26.1672916],[91.7290858,26.1669203],[91.7293219,26.166097],[91.729534,26.1654698],[91.7296245,26.1648127]]}},{"type":"Feature","properties":{"id":507819500,"highway":"residential","name":null,"oneway":null,"junction":null},"geometry":{"type":"LineString","coordinates":[[91.6934738,26.1609514],[91.6937804,26.1608569],[91.694113,26.1607678],[91.6944268,26.1606908],[91.6947728,26.1605776],[91.694915,26.1605584],[91.6950152,26.1605805]]}},{"type":"Feature","properties":{"id":507819505,"highway":"residential","name":null,"oneway":null,"junction":null},"geometry":{"type":"LineString","coordinates":[[91.6839325,26.1594046],[91.6839218,26.1597489],[91.6838762,26.1601967],[91.6838252,26.1606517],[91.684418,26.1607263],[91.6848686,26.1607672],[91.6853249,26.1608065]]}},{"type":"Feature","properties":{"id":507819506,"highway":"residential","name":null,"oneway":null,"junction":null},"geometry":{"type":"LineString","coordinates":[[91.6919032,26.1624674],[91.6920718,26.1624097],[91.6925251,26.1622821],[91.6930616,26.1621232],[91.693244,26.1620534],[91.6934103,26.1620365],[91.6937573,26.1621103]]}},{"type":"Feature","properties":{"id":507819509,"highway":"residential","name":null,"oneway":null,"junction":null},"geometry":{"type":"LineString","coordinates":[[91.6839061,26.1659998],[91.6842316,26.1660331],[91.6844032,26.1661583],[91.6849826,26.1663027],[91.68516,26.1663841],[91.6852133,26.1664086],[91.6852401,26.1666205],[91.6851278,26.1668755]]}},{"type":"Feature","properties":{"id":507819512,"highway":"residential","name":null,"oneway":null,"junction":null},"geometry":{"type":"LineString","coordinates":[[91.6836343,26.1669978],[91.6846611,26.167198],[91.6849937,26.1672799],[91.68516,26.1671643],[91.6851976,26.1670681],[91.6851278,26.1668755],[91.6837427,26.1665996]]}},{"type":"Feature","properties":{"id":507819515,"highway":"residential","name":null,"oneway":null,"junction":null},"geometry":{"type":"LineString","coordinates":[[91.7271942,26.1718567],[91.7272547,26.1717581],[91.7273242,26.1715969],[91.7273527,26.1715019],[91.7273341,26.1713836],[91.7273389,26.1713337],[91.7273635,26.1710882],[91.7273478,26.1709178],[91.7272951,26.1703462],[91.7273025,26.1700213],[91.7273049,26.1699161],[91.7273086,26.169754],[91.7273005,26.1694146],[91.7272807,26.1691324]]}},{"type":"Feature","properties":{"id":507819516,"highway":"residential","name":null,"oneway":null,"junction":null},"geometry":{"type":"LineString","coordinates":[[91.6799534,26.16723],[91.6799937,26.1668923],[91.6799983,26.1666893],[91.6800044,26.1664156],[91.6800017,26.1663314],[91.6799793,26.1663089],[91.6799561,26.1662856],[91.6798971,26.1662832],[91.6795914,26.1662688],[91.6794841,26.1662519],[91.679406,26.1662669],[91.6794063,26.1661605],[91.6794063,26.1660329],[91.6793634,26.1659847],[91.6789074,26.1659245],[91.6788667,26.1659216],[91.6785748,26.1659005],[91.6785237,26.165897],[91.6784407,26.1659294],[91.678261,26.1659558],[91.6781403,26.1659414],[91.6781,26.1659149],[91.6780893,26.1658379],[91.6781027,26.1655875],[91.6781081,26.1654768],[91.6782234,26.1654623],[91.6784058,26.1654647],[91.6785428,26.1654527],[91.6785963,26.1654022],[91.6787304,26.1653973],[91.6788511,26.1653878],[91.6789155,26.1653781],[91.6789337,26.1648185],[91.678891,26.1645191],[91.6788591,26.1644055],[91.6788322,26.1643357],[91.6787759,26.1642852],[91.6786821,26.1642442],[91.6785641,26.1642298],[91.6784407,26.1642177],[91.6783736,26.1641889],[91.6783602,26.1641335],[91.6783656,26.1640926],[91.6783895,26.1637879],[91.6784139,26.1636087],[91.6784182,26.1635659],[91.678438,26.1633679],[91.6784495,26.1632285],[91.6784595,26.1631079],[91.6784702,26.1627781],[91.6784514,26.1624989],[91.6784031,26.1622437],[91.6783758,26.1621176],[91.6783414,26.1619596],[91.6783093,26.1617188],[91.6782851,26.1615527],[91.6782422,26.1610183],[91.6782073,26.1608016],[91.6781349,26.1607607],[91.6779954,26.1607487],[91.6779606,26.1607318],[91.6779177,26.1606837],[91.6779016,26.1605922],[91.6779096,26.1603273],[91.6779168,26.1602724],[91.6779338,26.160142],[91.6779747,26.1598286],[91.6779847,26.1597833],[91.6780222,26.1594679],[91.6780786,26.1588203],[91.6781,26.1585097],[91.6781245,26.1580829]]}},{"type":"Feature","properties":{"id":507819518,"highway":"unclassified","name":null,"oneway":null,"junction":null},"geometry":{"type":"LineString","coordinates":[[91.6906498,26.1655225],[91.6906127,26.1657391],[91.6907093,26.1659678],[91.6908353,26.1662663],[91.6908756,26.1663433],[91.6907146,26.1664492],[91.6903955,26.1665913],[91.6900253,26.1667574],[91.6898081,26.1668585],[91.6896364,26.1669885],[91.6895023,26.1672389],[91.6894936,26.16733],[91.6894983,26.1674636],[91.68956,26.1676105],[91.6897075,26.1677477],[91.6897987,26.1677886],[91.6899033,26.1677814],[91.6899811,26.1676899],[91.6900776,26.167661],[91.6902359,26.1676201],[91.6904853,26.1675696],[91.6906999,26.1674684],[91.690834,26.1674588],[91.6909467,26.167466],[91.6910352,26.1674781],[91.6910861,26.167507],[91.6911103,26.1675864],[91.6911639,26.1677453],[91.6912605,26.1678127],[91.6913999,26.1678536],[91.6914911,26.1678608],[91.6916118,26.1678705],[91.6917164,26.1678632],[91.691864,26.1678103],[91.6920598,26.167726],[91.6921456,26.1676658],[91.69221,26.167596],[91.6923119,26.1675359],[91.6924594,26.1674829],[91.6925721,26.1674564],[91.692725,26.1674059],[91.6927813,26.1673409],[91.6928376,26.1672566],[91.6930468,26.1671098],[91.6931702,26.1670327],[91.693484,26.1669364],[91.6935806,26.166922],[91.6936932,26.1669124],[91.6937898,26.1669316],[91.6939078,26.1670183],[91.6940151,26.1671844],[91.6941197,26.1674684],[91.6941921,26.1678729],[91.6942526,26.1680338],[91.6942699,26.1680799],[91.6943182,26.168299],[91.6943423,26.1685469],[91.6943665,26.1687876],[91.6943316,26.1689225],[91.6942619,26.1690428],[91.6942458,26.169115],[91.6942511,26.1691897],[91.6942619,26.169221],[91.6942812,26.1692575],[91.6943396,26.1693678],[91.6944121,26.1694809],[91.6945328,26.1696061],[91.6947098,26.1696687],[91.6950638,26.1697024],[91.6955466,26.1697602],[91.6957827,26.1697746],[91.6960965,26.1697939],[91.6963191,26.1697818],[91.6964194,26.1698093],[91.6964666,26.1698517],[91.6965042,26.1699624],[91.6965257,26.1700081],[91.6965525,26.1700394]]}},{"type":"Feature","properties":{"id":507819521,"highway":"residential","name":null,"oneway":null,"junction":null},"geometry":{"type":"LineString","coordinates":[[91.6865222,26.1616035],[91.685916,26.1613531],[91.6857765,26.1613387],[91.6856612,26.1615662],[91.6855673,26.1619743],[91.6855888,26.1621332],[91.685916,26.1625857],[91.6860941,26.1627508]]}},{"type":"Feature","properties":{"id":507819522,"highway":"residential","name":null,"oneway":null,"junction":null},"geometry":{"type":"LineString","coordinates":[[91.6847419,26.1677231],[91.6846936,26.1678194],[91.6844871,26.1679614],[91.6842135,26.1682311],[91.6841679,26.168337],[91.6841736,26.1683703],[91.684184,26.1684309],[91.6841167,26.1687597]]}},{"type":"Feature","properties":{"id":507819524,"highway":"residential","name":null,"oneway":null,"junction":null},"geometry":{"type":"LineString","coordinates":[[91.6842886,26.1688473],[91.6842571,26.1688172],[91.6841167,26.1687597],[91.6840713,26.1687366],[91.6838192,26.1686571],[91.6835349,26.1685199],[91.6833498,26.1684622],[91.683162,26.1684092],[91.6825088,26.1683731]]}},{"type":"Feature","properties":{"id":507819525,"highway":"tertiary","name":null,"oneway":null,"junction":null},"geometry":{"type":"LineString","coordinates":[[91.697932,26.1478213],[91.6978463,26.1475723],[91.6977873,26.1474279],[91.6973742,26.1472641],[91.6971597,26.147163],[91.6970953,26.1470282],[91.697047,26.1463396],[91.6969916,26.1450938]]}},{"type":"Feature","properties":{"id":507819526,"highway":"residential","name":null,"oneway":null,"junction":null},"geometry":{"type":"LineString","coordinates":[[91.72288,26.1688033],[91.7230653,26.1688079],[91.7231726,26.1688368],[91.7232531,26.1688127],[91.7233013,26.1687261],[91.7233755,26.1684641],[91.7234247,26.1682904],[91.7234645,26.1681758]]}},{"type":"Feature","properties":{"id":507819527,"highway":"residential","name":null,"oneway":null,"junction":null},"geometry":{"type":"LineString","coordinates":[[91.7210872,26.164739],[91.7209316,26.1645897],[91.7206687,26.1643947],[91.7203308,26.1641154],[91.7201725,26.1640457],[91.7199606,26.1638771],[91.7199056,26.1638353],[91.7196844,26.1636244],[91.7196187,26.1635553],[91.719388,26.1633126]]}},{"type":"Feature","properties":{"id":507819528,"highway":"residential","name":null,"oneway":null,"junction":null},"geometry":{"type":"LineString","coordinates":[[91.6754807,26.1524201],[91.6756899,26.1524201],[91.6759072,26.1523599],[91.676111,26.152343],[91.6762478,26.1523984],[91.6763283,26.1524466],[91.676567,26.1524779],[91.6767717,26.152524]]}},{"type":"Feature","properties":{"id":507819529,"highway":"residential","name":null,"oneway":null,"junction":null},"geometry":{"type":"LineString","coordinates":[[91.676664,26.1596156],[91.6769789,26.1596562],[91.6771586,26.1596779],[91.6773598,26.1597116],[91.6776173,26.1597549],[91.6779747,26.1598286]]}},{"type":"Feature","properties":{"id":507819531,"highway":"residential","name":null,"oneway":null,"junction":null},"geometry":{"type":"LineString","coordinates":[[91.6891594,26.1612589],[91.6894279,26.1613218],[91.6894677,26.1613281],[91.6896719,26.1613603],[91.6898114,26.1613941],[91.6900367,26.1614374],[91.6902108,26.1614552],[91.6903385,26.1614236],[91.6908171,26.1612813],[91.6913302,26.1611575],[91.6915025,26.161125]]}},{"type":"Feature","properties":{"id":507819536,"highway":"residential","name":null,"oneway":null,"junction":null},"geometry":{"type":"LineString","coordinates":[[91.7245446,26.1696902],[91.7247122,26.1691883],[91.724924,26.1692733],[91.7251499,26.169364],[91.7254015,26.1694651],[91.7254357,26.1694763],[91.7259299,26.1696384],[91.7262812,26.1697372],[91.7265549,26.1698142],[91.7273025,26.1700213]]}},{"type":"Feature","properties":{"id":507819537,"highway":"residential","name":null,"oneway":null,"junction":null},"geometry":{"type":"LineString","coordinates":[[91.6894677,26.1613281],[91.6896984,26.1608993],[91.6899577,26.1605296],[91.6900733,26.160348],[91.6901162,26.1602953],[91.6903049,26.1600892],[91.6907126,26.1596944],[91.6909272,26.1595235],[91.691182,26.159379],[91.6914931,26.1592923],[91.6917936,26.1592755],[91.6921503,26.1592322]]}},{"type":"Feature","properties":{"id":507819538,"highway":"residential","name":null,"oneway":null,"junction":null},"geometry":{"type":"LineString","coordinates":[[91.683692,26.1652962],[91.6838373,26.1647365],[91.6840191,26.1640755],[91.6840465,26.1639758],[91.6841753,26.1635569],[91.6842691,26.1631091],[91.6843737,26.1631091],[91.6846766,26.163171]]}},{"type":"Feature","properties":{"id":507819539,"highway":"residential","name":null,"oneway":null,"junction":null},"geometry":{"type":"LineString","coordinates":[[91.7316436,26.1661061],[91.7321865,26.1660633],[91.7325405,26.1661115],[91.7329482,26.1663714],[91.7331789,26.1665303],[91.7333774,26.1666074],[91.7334632,26.1667759],[91.7334769,26.1669579],[91.7334974,26.1672296],[91.7335169,26.1674884]]}},{"type":"Feature","properties":{"id":507819540,"highway":"residential","name":null,"oneway":null,"junction":null},"geometry":{"type":"LineString","coordinates":[[91.6871624,26.1600428],[91.6882436,26.1602652],[91.6883252,26.1598998],[91.6876486,26.1597893]]}},{"type":"Feature","properties":{"id":507819541,"highway":"unclassified","name":null,"oneway":null,"junction":null},"geometry":{"type":"LineString","coordinates":[[91.694734,26.1626277],[91.6947001,26.1629211],[91.6947202,26.1630114],[91.6947886,26.1630403],[91.6949106,26.1630716],[91.695026,26.1631029],[91.6952338,26.1631859],[91.6952714,26.1631943]]}},{"type":"Feature","properties":{"id":507819544,"highway":"residential","name":null,"oneway":null,"junction":null},"geometry":{"type":"LineString","coordinates":[[91.6793319,26.1693558],[91.6798561,26.169348],[91.6801484,26.1693167],[91.6805588,26.169348],[91.6806399,26.1693496],[91.6809316,26.1693553],[91.6809397,26.1693191],[91.6809692,26.1691964],[91.6809561,26.1688742]]}},{"type":"Feature","properties":{"id":507819545,"highway":"residential","name":null,"oneway":null,"junction":null},"geometry":{"type":"LineString","coordinates":[[91.6784495,26.1632285],[91.6788859,26.1632801],[91.6790308,26.163321],[91.6791488,26.1633691],[91.6792427,26.1633715],[91.6792936,26.1633138],[91.679307,26.1631862],[91.6793151,26.1631525]]}},{"type":"Feature","properties":{"id":507819546,"highway":"residential","name":null,"oneway":null,"junction":null},"geometry":{"type":"LineString","coordinates":[[91.6796289,26.1604723],[91.6801332,26.1604844],[91.680328,26.1604698],[91.6804228,26.1604603],[91.680552,26.1604435]]}},{"type":"Feature","properties":{"id":507819550,"highway":"residential","name":null,"oneway":null,"junction":null},"geometry":{"type":"LineString","coordinates":[[91.6829388,26.1642815],[91.6827054,26.1641539],[91.6823782,26.164036],[91.6821502,26.1640215],[91.6819061,26.1639782],[91.6817103,26.1639421],[91.6815118,26.1639156],[91.6814743,26.1640288],[91.6813878,26.1643563]]}},{"type":"Feature","properties":{"id":507819551,"highway":"residential","name":null,"oneway":null,"junction":null},"geometry":{"type":"LineString","coordinates":[[91.6821098,26.1630149],[91.6821596,26.1627798],[91.6823259,26.1621684],[91.6823178,26.1620769],[91.6821327,26.1620167],[91.6819369,26.1620143],[91.6818779,26.1621756],[91.681755,26.1626041]]}},{"type":"Feature","properties":{"id":507819552,"highway":"residential","name":null,"oneway":null,"junction":null},"geometry":{"type":"LineString","coordinates":[[91.6864421,26.1629567],[91.6864599,26.1629635],[91.6866778,26.1630672],[91.6870287,26.16312],[91.6874019,26.163048],[91.6876916,26.1629132],[91.6879335,26.1627329],[91.6880501,26.1625024],[91.6881611,26.1622342],[91.6881749,26.1619618]]}},{"type":"Feature","properties":{"id":507819553,"highway":"residential","name":null,"oneway":null,"junction":null},"geometry":{"type":"LineString","coordinates":[[91.6809247,26.1700363],[91.6814172,26.1694511],[91.6817346,26.1691371],[91.6820332,26.1689527],[91.6823173,26.168784],[91.6823947,26.1687381]]}},{"type":"Feature","properties":{"id":507819557,"highway":"residential","name":null,"oneway":null,"junction":null},"geometry":{"type":"LineString","coordinates":[[91.6839732,26.1488796],[91.6840051,26.1482945],[91.6840185,26.147967],[91.6840233,26.1479109],[91.6840614,26.1474638],[91.684099,26.1473747],[91.6841553,26.1473145],[91.6841848,26.1472423],[91.6842116,26.1469413]]}},{"type":"Feature","properties":{"id":507819558,"highway":"residential","name":null,"oneway":null,"junction":null},"geometry":{"type":"LineString","coordinates":[[91.6823947,26.1687381],[91.6816248,26.1689],[91.6809561,26.1688742],[91.6805037,26.1688567],[91.6793342,26.1688278],[91.679227,26.1688374],[91.6788085,26.1687796],[91.6784116,26.1687074],[91.6781702,26.1686496]]}},{"type":"Feature","properties":{"id":507819559,"highway":"residential","name":null,"oneway":null,"junction":null},"geometry":{"type":"LineString","coordinates":[[91.6851976,26.1670681],[91.6853097,26.1671687],[91.6853412,26.1671969],[91.6854002,26.1674088],[91.6853788,26.1675869],[91.6857275,26.1676784],[91.6859635,26.1677699],[91.6860952,26.1678472],[91.6863122,26.167948],[91.68643,26.1680031],[91.6865697,26.1680684]]}},{"type":"Feature","properties":{"id":507819560,"highway":"residential","name":null,"oneway":null,"junction":null},"geometry":{"type":"LineString","coordinates":[[91.7092574,26.1571969],[91.7095766,26.1573871],[91.7099736,26.1577699],[91.7102366,26.1580415],[91.7103116,26.158119],[91.7105851,26.1584705],[91.7105819,26.1585184],[91.7105744,26.158627],[91.7101993,26.1593697]]}},{"type":"Feature","properties":{"id":507819561,"highway":"residential","name":null,"oneway":null,"junction":null},"geometry":{"type":"LineString","coordinates":[[91.6901231,26.1608232],[91.6901279,26.160744],[91.6902754,26.1604889],[91.6904551,26.1602481],[91.6906107,26.1601446],[91.6908146,26.1600916],[91.6909997,26.1601029],[91.6912866,26.1600603],[91.6915072,26.1599911]]}},{"type":"Feature","properties":{"id":507819562,"highway":"residential","name":null,"oneway":null,"junction":null},"geometry":{"type":"LineString","coordinates":[[91.6948312,26.161243],[91.6951279,26.1613265],[91.6953733,26.1613758],[91.6957521,26.1613932]]}},{"type":"Feature","properties":{"id":507819564,"highway":"residential","name":null,"oneway":null,"junction":null},"geometry":{"type":"LineString","coordinates":[[91.6865478,26.1485112],[91.6865907,26.1483956],[91.6866149,26.1482006],[91.6866605,26.1481356],[91.6871057,26.1481645]]}},{"type":"Feature","properties":{"id":507819567,"highway":"residential","name":null,"oneway":null,"junction":null},"geometry":{"type":"LineString","coordinates":[[91.7194716,26.187919],[91.719304,26.1872548],[91.7192681,26.1871057],[91.7191499,26.1865445],[91.7191624,26.1864249],[91.7192416,26.1861581],[91.719505,26.1852631]]}},{"type":"Feature","properties":{"id":508332844,"highway":"residential","name":null,"oneway":null,"junction":null},"geometry":{"type":"LineString","coordinates":[[91.7108125,26.2048965],[91.711,26.2051966],[91.7112307,26.2053362],[91.7115365,26.2053795],[91.7116545,26.2053025],[91.711735,26.2051821],[91.7117886,26.2051533]]}},{"type":"Feature","properties":{"id":508332845,"highway":"residential","name":null,"oneway":null,"junction":null},"geometry":{"type":"LineString","coordinates":[[91.7134855,26.2094375],[91.7134677,26.2092876],[91.7135428,26.2090662],[91.7136125,26.2088448],[91.7136662,26.2086571],[91.713752,26.2082432],[91.7138217,26.2077667],[91.7138378,26.2073576],[91.7137734,26.2070063],[91.7137655,26.2068419],[91.7137627,26.2067849],[91.7138164,26.2066309],[91.7138915,26.2064672],[91.714047,26.206318],[91.7142294,26.2062314],[91.7143635,26.2061447],[91.7144494,26.2059907],[91.714495,26.2057501]]}},{"type":"Feature","properties":{"id":508332846,"highway":"residential","name":null,"oneway":null,"junction":null},"geometry":{"type":"LineString","coordinates":[[91.712309,26.2092395],[91.7126845,26.2093454],[91.7130117,26.2093742],[91.7133818,26.2094272],[91.7134855,26.2094375],[91.7136232,26.2094512],[91.71387,26.2094897],[91.714047,26.2095282],[91.714106,26.2096101],[91.7140953,26.2097304],[91.714047,26.2098555],[91.7139719,26.2099807]]}},{"type":"Feature","properties":{"id":508332847,"highway":"residential","name":null,"oneway":null,"junction":null},"geometry":{"type":"LineString","coordinates":[[91.7157797,26.2102742],[91.7160533,26.2103127],[91.7164342,26.2103464],[91.7167185,26.2103994],[91.7173193,26.2105053],[91.7180811,26.2106256],[91.7181723,26.2106593],[91.7181776,26.2107555],[91.7181293,26.2110539],[91.7181723,26.2114438]]}},{"type":"Feature","properties":{"id":508332848,"highway":"residential","name":null,"oneway":null,"junction":null},"geometry":{"type":"LineString","coordinates":[[91.7157744,26.2100577],[91.7157797,26.2102742],[91.7157744,26.2105438],[91.7157666,26.2109182]]}},{"type":"Feature","properties":{"id":508332849,"highway":"residential","name":null,"oneway":null,"junction":null},"geometry":{"type":"LineString","coordinates":[[91.7143667,26.2109],[91.7145727,26.2109047],[91.714959,26.2109143],[91.7152554,26.2109439],[91.7152969,26.210948],[91.7155169,26.210948],[91.7156993,26.210924],[91.7157666,26.2109182],[91.7158119,26.2109143],[91.7162357,26.2109192],[91.716461,26.210924],[91.7166488,26.2109192],[91.7167668,26.2109192]]}},{"type":"Feature","properties":{"id":508332850,"highway":"residential","name":null,"oneway":null,"junction":null},"geometry":{"type":"LineString","coordinates":[[91.7144384,26.2100359],[91.7144494,26.2101972],[91.7144279,26.2104283],[91.7144206,26.2104722],[91.7143743,26.2107507],[91.7143667,26.2109],[91.7143635,26.2109625],[91.7143528,26.2110972],[91.7143313,26.2111694],[91.714224,26.2112272],[91.7141436,26.2112849],[91.7140738,26.2114293],[91.7140202,26.2115641],[91.7139827,26.2117181],[91.7139715,26.2120498],[91.7139558,26.212517],[91.7139183,26.2126084],[91.7139022,26.2128587],[91.7138646,26.2130753],[91.7138271,26.21321],[91.7138314,26.2132856],[91.7138539,26.2136817]]}},{"type":"Feature","properties":{"id":508332851,"highway":"residential","name":null,"oneway":null,"junction":null},"geometry":{"type":"LineString","coordinates":[[91.6825258,26.2115367],[91.6827863,26.2115191],[91.6829558,26.2115118],[91.6831437,26.2115019],[91.6833306,26.2114808],[91.6835332,26.2114405],[91.6837427,26.2113944],[91.6838067,26.2113897],[91.6838449,26.2114074],[91.6838626,26.2114465],[91.6838745,26.2114958],[91.6839559,26.2119216],[91.6840219,26.2122546],[91.6840918,26.2125459],[91.6841543,26.2127622],[91.684285,26.2131077],[91.6843255,26.2132148],[91.6844255,26.2135401],[91.6845044,26.2138177],[91.6845441,26.2139576],[91.6845945,26.2142272],[91.6845995,26.2142539],[91.6847052,26.2146454],[91.6847133,26.2146753],[91.6847663,26.2148749],[91.6848098,26.2150388],[91.6849904,26.2155195],[91.685106,26.2158618],[91.6851447,26.2160336],[91.6851606,26.2160796],[91.6851831,26.2161059],[91.6852238,26.2161181],[91.6853006,26.2161181],[91.6853751,26.2161201],[91.6854135,26.2161363],[91.6855151,26.2162194],[91.6856303,26.2163227],[91.6856754,26.2163875],[91.6858516,26.2167178],[91.6859216,26.2168657],[91.6860097,26.2170885],[91.6860616,26.2172506],[91.6860751,26.2173276],[91.6860367,26.217516],[91.6860345,26.2175585],[91.6860548,26.2176011],[91.6860955,26.2177186],[91.6861203,26.217749],[91.6861497,26.2177632],[91.6861926,26.2177672],[91.6862648,26.2177672],[91.6863032,26.2177773],[91.6863755,26.2178037],[91.6864161,26.2178158],[91.6864771,26.217826],[91.686651,26.2178503],[91.6867244,26.2178671],[91.6869536,26.2179354]]}},{"type":"Feature","properties":{"id":508332852,"highway":"residential","name":null,"oneway":null,"junction":null},"geometry":{"type":"LineString","coordinates":[[91.6830295,26.2143352],[91.6832132,26.2145934],[91.6833605,26.2147979],[91.683436,26.2149502],[91.6835723,26.2152655],[91.683677,26.2154778],[91.6837541,26.2156405],[91.6837781,26.2156909],[91.6838256,26.215791],[91.6838874,26.2158842],[91.6839492,26.2159775],[91.6839792,26.2160478],[91.6839859,26.2160927],[91.6839926,26.2161646],[91.6839973,26.2162088],[91.6840053,26.2162554],[91.6840199,26.2163704],[91.6840306,26.2164385],[91.6840612,26.216498],[91.6841454,26.2166331],[91.684199,26.2166858],[91.6842551,26.2167178],[91.684324,26.2167499],[91.6843674,26.2167705],[91.6843929,26.2168025],[91.684421,26.2168689],[91.6844516,26.2169399],[91.6844618,26.2169857],[91.6844465,26.217313],[91.6843598,26.21778],[91.6843368,26.217954],[91.684347,26.2179952],[91.6843751,26.2180296],[91.6844287,26.2180524],[91.6849339,26.2181852]]}},{"type":"Feature","properties":{"id":508332853,"highway":"residential","name":null,"oneway":null,"junction":null},"geometry":{"type":"LineString","coordinates":[[91.6813709,26.2079915],[91.6813763,26.2084133],[91.6814726,26.2089526],[91.6816225,26.209511],[91.6817519,26.2100416],[91.6817863,26.2101456],[91.681832,26.2102411],[91.6821257,26.2107966],[91.6822294,26.2109929],[91.6822605,26.2110517],[91.6824659,26.2113983],[91.6825001,26.2114744],[91.6825258,26.2115367],[91.6825485,26.2116661],[91.6825604,26.2119359],[91.6825632,26.2121406],[91.6826094,26.2124004],[91.6827172,26.2128462],[91.6829599,26.214012],[91.6830295,26.2143352],[91.6830281,26.2144793],[91.6830013,26.2145795],[91.6829647,26.2146593],[91.682928,26.2147164],[91.6828543,26.2148083],[91.6827753,26.2148783],[91.6826838,26.2149296],[91.6826121,26.2149337],[91.6825659,26.2149185],[91.6825132,26.2148879],[91.6824754,26.2148324],[91.6823821,26.214486],[91.6823449,26.2143631],[91.6822185,26.2139697],[91.6821812,26.2139148],[91.6821397,26.2138861],[91.6821086,26.2138682],[91.6820628,26.2138432],[91.6820187,26.2138419],[91.6819271,26.2138587],[91.6817418,26.213923],[91.6814248,26.2140647],[91.6811817,26.2141733],[91.6811193,26.2141978],[91.681072,26.2142004],[91.6810307,26.2141816],[91.6810162,26.2141452],[91.6810092,26.2140552],[91.6810045,26.2140073],[91.6809809,26.2139854],[91.6809463,26.2139752],[91.6808936,26.2139731],[91.6807599,26.2139913],[91.680698,26.214],[91.6806607,26.2139998],[91.6806292,26.2139827],[91.6805892,26.213934],[91.6804989,26.2138086],[91.6804557,26.2137741],[91.6804189,26.2137514],[91.6803709,26.2137367],[91.6803055,26.2137329],[91.6801396,26.213728],[91.6799378,26.2137146],[91.6798841,26.2137055],[91.6798368,26.2136984],[91.6798184,26.2136949],[91.6797105,26.2136841],[91.6796933,26.2136774],[91.6796838,26.2136637],[91.6796731,26.2136473],[91.6796656,26.2136069],[91.6796146,26.2131596],[91.6796207,26.2131351],[91.6796359,26.2131188],[91.6796647,26.2131025],[91.6797497,26.2130426]]}},{"type":"Feature","properties":{"id":508332856,"highway":"residential","name":null,"oneway":null,"junction":null},"geometry":{"type":"LineString","coordinates":[[91.7137171,26.2044],[91.7138056,26.204388],[91.7139505,26.2044193],[91.7142106,26.2044939],[91.7144038,26.2044939],[91.7145191,26.2044915],[91.714613,26.2045083],[91.7147524,26.204554]]}},{"type":"Feature","properties":{"id":508332857,"highway":"residential","name":null,"oneway":null,"junction":null},"geometry":{"type":"LineString","coordinates":[[91.7124878,26.203872],[91.7126013,26.2039837],[91.7127622,26.2040727],[91.7129661,26.2041281],[91.7131968,26.2041959],[91.7132933,26.2042243],[91.7136313,26.2043591],[91.7137171,26.2044],[91.7137493,26.2044578],[91.713752,26.2045757],[91.7137386,26.2046936],[91.7137466,26.2048091],[91.713819,26.2048837],[91.7139183,26.2049535],[91.713988,26.2050161],[91.7141382,26.2051966],[91.7143984,26.2054661],[91.7144181,26.2055138],[91.7144681,26.2056346],[91.714495,26.2057501],[91.7145701,26.2057862],[91.7147498,26.2057934],[91.7149804,26.205791],[91.7150636,26.2057814],[91.7152272,26.2057958],[91.7152862,26.2057958]]}},{"type":"Feature","properties":{"id":508332858,"highway":"residential","name":null,"oneway":null,"junction":null},"geometry":{"type":"LineString","coordinates":[[91.6956524,26.2033455],[91.6955747,26.2034663],[91.69558,26.2040679]]}},{"type":"Feature","properties":{"id":508332859,"highway":"residential","name":null,"oneway":null,"junction":null},"geometry":{"type":"LineString","coordinates":[[91.6924761,26.2033617],[91.6923676,26.2041121]]}},{"type":"Feature","properties":{"id":508332860,"highway":"residential","name":null,"oneway":null,"junction":null},"geometry":{"type":"LineString","coordinates":[[91.6921952,26.203353],[91.6921281,26.2031506],[91.692056,26.2029505],[91.6920336,26.2028505],[91.692059,26.2026752],[91.6920671,26.2025745],[91.6920824,26.2025181],[91.6920502,26.2022871],[91.6918804,26.2018959],[91.6915615,26.201117],[91.6914004,26.2009208],[91.6911078,26.2007144],[91.690913,26.2005399],[91.6904677,26.2000826],[91.6902137,26.1997427]]}},{"type":"Feature","properties":{"id":508332861,"highway":"residential","name":null,"oneway":null,"junction":null},"geometry":{"type":"LineString","coordinates":[[91.690339,26.2024218],[91.6906448,26.2024218],[91.6907822,26.2024403],[91.6908593,26.2024507],[91.6911394,26.2025256],[91.6912663,26.202543]]}},{"type":"Feature","properties":{"id":508332862,"highway":"residential","name":null,"oneway":null,"junction":null},"geometry":{"type":"LineString","coordinates":[[91.6903302,26.2015171],[91.6902579,26.201718],[91.6902686,26.2019357],[91.690339,26.2024218]]}},{"type":"Feature","properties":{"id":508332863,"highway":"residential","name":null,"oneway":null,"junction":null},"geometry":{"type":"LineString","coordinates":[[91.6903765,26.2005687],[91.6901941,26.2008335],[91.6900869,26.2010597],[91.6898991,26.201257],[91.6896952,26.2015603],[91.6896416,26.2018154],[91.6896577,26.2020464],[91.6897274,26.2022919],[91.6897787,26.2025101]]}},{"type":"Feature","properties":{"id":508332864,"highway":"residential","name":null,"oneway":"no","junction":null},"geometry":{"type":"LineString","coordinates":[[91.6902137,26.1997427],[91.6900386,26.2001452],[91.6899742,26.2003184],[91.6897918,26.2006121],[91.6893466,26.2014062],[91.6892178,26.201671],[91.6892017,26.2019309],[91.6892178,26.202186],[91.68925,26.2023833],[91.6892876,26.2024796],[91.6893358,26.2025421],[91.6895611,26.2025566],[91.6897787,26.2025101],[91.6898991,26.2024844],[91.690162,26.2024555],[91.690339,26.2024218],[91.6904614,26.2024876],[91.6904901,26.2026771],[91.6904796,26.2031102],[91.6905027,26.203261],[91.6905321,26.2033219],[91.6907574,26.2033556],[91.6913636,26.2033459],[91.6919698,26.2033556],[91.6921952,26.203353],[91.6924761,26.2033617],[91.6928281,26.2033459],[91.692929,26.2033428],[91.6940726,26.2033074],[91.6941518,26.2033004],[91.6947217,26.2032497],[91.6950328,26.2032112],[91.6953011,26.203216],[91.6955425,26.2032978],[91.6956524,26.2033455],[91.6958643,26.2034374],[91.6963954,26.2038465],[91.6969158,26.2042508],[91.697125,26.2044096],[91.6972217,26.2044486],[91.6976024,26.2046022],[91.6978814,26.2046936],[91.6981227,26.2048043],[91.6983802,26.2049872],[91.6985734,26.2051075],[91.6988899,26.2052616],[91.6996355,26.205584],[91.6999198,26.2057332],[91.7000248,26.205755],[91.700129,26.2057766],[91.7004026,26.2057766],[91.7007674,26.2056947],[91.701395,26.2054011],[91.7017706,26.2052664],[91.7020549,26.2052134],[91.7024196,26.2052712],[91.7029078,26.2054156],[91.7032726,26.2055359],[91.7035462,26.2056418],[91.7038013,26.2058257],[91.7038466,26.2058584],[91.704206,26.2060846],[91.7044528,26.2061616],[91.7046888,26.2061953],[91.7048712,26.206075],[91.7049356,26.2057813],[91.7050321,26.2054733],[91.7050944,26.2051949],[91.7053325,26.2050642],[91.7057402,26.2048669],[91.7058797,26.2048332],[91.7060192,26.2047177],[91.7060889,26.2045444],[91.7061694,26.2043615],[91.7062337,26.2043086],[91.7064269,26.2042941],[91.706679,26.2043038],[91.7068131,26.2042701],[91.7068721,26.2039235],[91.7069204,26.2035192],[91.7070672,26.2033035],[91.7072235,26.2032665],[91.7075132,26.2032473],[91.7077707,26.203151],[91.7079101,26.2030596],[91.707996,26.2029489],[91.7080764,26.2026986],[91.7081623,26.2023713],[91.7083199,26.2016584]]}},{"type":"Feature","properties":{"id":508332865,"highway":"residential","name":null,"oneway":null,"junction":null},"geometry":{"type":"LineString","coordinates":[[91.7246675,26.2086178],[91.72503,26.2085632],[91.725602,26.2084646],[91.7257746,26.2084325],[91.7262765,26.2083669],[91.7264726,26.2083534],[91.7266534,26.2083491],[91.7270306,26.2083717],[91.7271977,26.2083739],[91.7273704,26.2083554],[91.727659,26.2082991]]}},{"type":"Feature","properties":{"id":508332866,"highway":"residential","name":null,"oneway":null,"junction":null},"geometry":{"type":"LineString","coordinates":[[91.7243486,26.2059363],[91.7243682,26.2063325],[91.7243766,26.2064315],[91.7244218,26.206963],[91.7244272,26.2070448],[91.7245237,26.2074346],[91.7245723,26.2078902],[91.7245935,26.2080892],[91.7246138,26.2083009],[91.7246675,26.2086178],[91.7246686,26.2091384],[91.7246748,26.2091694],[91.7247586,26.2095919],[91.7247651,26.2096245],[91.7249904,26.2112753]]}},{"type":"Feature","properties":{"id":508332867,"highway":"residential","name":null,"oneway":null,"junction":null},"geometry":{"type":"LineString","coordinates":[[91.7100578,26.2109956],[91.7106996,26.2110299],[91.7113165,26.2110732],[91.7115391,26.2110764],[91.7116491,26.211078],[91.7117085,26.211078],[91.7121105,26.211078],[91.7126952,26.2110347],[91.7129956,26.2109721],[91.7130423,26.2109302],[91.7132531,26.2107411],[91.7134359,26.2105342],[91.7138271,26.2100914],[91.7139719,26.2099807],[91.714106,26.2099999],[91.7143528,26.2100432],[91.7144384,26.2100359],[91.7145781,26.210024],[91.7148624,26.2100432],[91.7149778,26.2100609],[91.7153023,26.2101106],[91.7155544,26.2101154],[91.7157744,26.2100577],[91.7164181,26.20987],[91.7177565,26.2092281],[91.7178933,26.2091625],[91.7185424,26.2086764],[91.7187401,26.208569],[91.719154,26.2083443],[91.7196743,26.208017],[91.7201839,26.2078822],[91.7208437,26.2078004],[91.7210855,26.20778],[91.7217074,26.2076271],[91.7223243,26.2074154],[91.722791,26.2072902],[91.7228354,26.2072855],[91.7230646,26.2072614],[91.7239819,26.2071266],[91.7244272,26.2070448]]}},{"type":"Feature","properties":{"id":508332868,"highway":"residential","name":null,"oneway":null,"junction":null},"geometry":{"type":"LineString","coordinates":[[91.7214868,26.2032219],[91.7216055,26.2038682],[91.7217396,26.2044891],[91.721804,26.2050763],[91.722204,26.2050241],[91.7224602,26.2057938],[91.7225374,26.2059689],[91.723196,26.2058631]]}},{"type":"Feature","properties":{"id":508332869,"highway":"residential","name":null,"oneway":null,"junction":null},"geometry":{"type":"LineString","coordinates":[[91.7273832,26.2063001],[91.7277987,26.2063325],[91.7283807,26.2063998]]}},{"type":"Feature","properties":{"id":508332870,"highway":"residential","name":null,"oneway":null,"junction":null},"geometry":{"type":"LineString","coordinates":[[91.7278894,26.209699],[91.7283754,26.2097208],[91.7284613,26.2097039],[91.7285089,26.2096716],[91.7285336,26.2096341],[91.7285712,26.2095282]]}},{"type":"Feature","properties":{"id":508332871,"highway":"residential","name":null,"oneway":null,"junction":null},"geometry":{"type":"LineString","coordinates":[[91.7314874,26.2092538],[91.7314942,26.2092995],[91.7314908,26.2093566],[91.7314632,26.2094972],[91.7313522,26.210239],[91.7311872,26.2113782]]}},{"type":"Feature","properties":{"id":508332872,"highway":"residential","name":null,"oneway":null,"junction":null},"geometry":{"type":"LineString","coordinates":[[91.7306009,26.2092192],[91.7312373,26.2092257],[91.7314359,26.2092326],[91.7314628,26.209239],[91.7314874,26.2092538]]}},{"type":"Feature","properties":{"id":508332873,"highway":"residential","name":null,"oneway":null,"junction":null},"geometry":{"type":"LineString","coordinates":[[91.7290264,26.2109725],[91.7290783,26.2108823],[91.7290946,26.2107737],[91.7291373,26.2105293],[91.7291741,26.2102161],[91.7292007,26.2098755],[91.7292525,26.2092996]]}},{"type":"Feature","properties":{"id":508332874,"highway":"residential","name":null,"oneway":null,"junction":null},"geometry":{"type":"LineString","coordinates":[[91.7297968,26.215854],[91.7303146,26.2159605],[91.7306553,26.2160615],[91.7312239,26.2162709],[91.7313795,26.216319]]}},{"type":"Feature","properties":{"id":508332875,"highway":"residential","name":null,"oneway":null,"junction":null},"geometry":{"type":"LineString","coordinates":[[91.7325145,26.211523],[91.7324658,26.2116218],[91.732455,26.2117325],[91.7323504,26.2118889],[91.7322646,26.2120742],[91.7322324,26.2122234],[91.73216,26.2127023],[91.7321525,26.2127249],[91.732101,26.2128804],[91.7320098,26.2129429],[91.7319937,26.2130392],[91.7319347,26.213186],[91.7317845,26.2131884],[91.731468,26.2131836],[91.7311434,26.2131595],[91.7310683,26.2132149],[91.7310576,26.2132774],[91.7310254,26.2134579],[91.7309315,26.2137876],[91.7308457,26.2138862],[91.730733,26.2139127],[91.7306499,26.2139127],[91.7304648,26.2138862],[91.7302744,26.213891],[91.7301912,26.213956],[91.7301322,26.2140523],[91.7300142,26.2140884],[91.7299364,26.2141196],[91.7299123,26.214163],[91.7299031,26.2142163],[91.7298721,26.2143964],[91.7298828,26.2145913],[91.7298962,26.2147597],[91.7299123,26.214933],[91.7298721,26.2152362],[91.7298157,26.2157656],[91.7297968,26.215854],[91.7297379,26.2161289],[91.7296897,26.2162516],[91.7295636,26.2162998],[91.7292712,26.2162877],[91.7287428,26.2163094],[91.7284231,26.2163319]]}},{"type":"Feature","properties":{"id":508332876,"highway":"residential","name":null,"oneway":null,"junction":null},"geometry":{"type":"LineString","coordinates":[[91.7331313,26.2115785],[91.7329915,26.2115809],[91.7326669,26.2115472],[91.7325145,26.211523],[91.732455,26.2115135],[91.7322056,26.2114149],[91.7320178,26.2113523],[91.7319052,26.2113282],[91.731881,26.2113788],[91.7318274,26.2114269],[91.7317094,26.2114221],[91.731257,26.2113846],[91.7311872,26.2113782],[91.7311783,26.2114295],[91.7311246,26.2118745],[91.7310791,26.2119491],[91.7310013,26.2119635],[91.7307116,26.2119491],[91.7304273,26.2119491],[91.7303575,26.21199],[91.7302771,26.2120478],[91.7301269,26.2120478],[91.7296923,26.2120093],[91.7292954,26.2119828],[91.7292203,26.2120213],[91.7291291,26.2120718],[91.7290406,26.2120714]]}},{"type":"Feature","properties":{"id":508332877,"highway":"residential","name":null,"oneway":null,"junction":null},"geometry":{"type":"LineString","coordinates":[[91.7337616,26.2108257],[91.7337318,26.210409],[91.7336942,26.2100962]]}},{"type":"Feature","properties":{"id":508332878,"highway":"residential","name":null,"oneway":null,"junction":null},"geometry":{"type":"LineString","coordinates":[[91.7389863,26.2082414],[91.7385841,26.2082233],[91.7381112,26.2081975],[91.7377621,26.208173],[91.7375169,26.2081488],[91.7369688,26.2080869]]}},{"type":"Feature","properties":{"id":508332879,"highway":"residential","name":null,"oneway":null,"junction":null},"geometry":{"type":"LineString","coordinates":[[91.7366802,26.2087264],[91.7367723,26.2085423],[91.7368537,26.2083853],[91.7369351,26.2081959],[91.7369688,26.2080869],[91.7369899,26.2080188],[91.73706,26.207764],[91.7371665,26.2073641]]}},{"type":"Feature","properties":{"id":508332880,"highway":"residential","name":null,"oneway":null,"junction":null},"geometry":{"type":"LineString","coordinates":[[91.7389692,26.2083515],[91.7391502,26.2083597],[91.7396652,26.2083694],[91.7400927,26.2083902]]}},{"type":"Feature","properties":{"id":508332884,"highway":"residential","name":null,"oneway":null,"junction":null},"geometry":{"type":"LineString","coordinates":[[91.7168124,26.2244159],[91.7167306,26.224464],[91.7165938,26.2244544],[91.7163536,26.224368],[91.7161995,26.2243125],[91.7158159,26.2241946],[91.7155502,26.2241166],[91.7155289,26.2241103],[91.7152554,26.2240237],[91.715073,26.2240093],[91.7148906,26.2240069],[91.7146545,26.2239708],[91.7145714,26.2238938],[91.7144587,26.2237903],[91.7143059,26.2237639],[91.7140189,26.223723],[91.7137936,26.2237109],[91.7135307,26.2236869],[91.7133564,26.2236724],[91.7130184,26.2236171],[91.7126751,26.2235497],[91.7124337,26.2235232],[91.7123586,26.223516]]}},{"type":"Feature","properties":{"id":508332885,"highway":"residential","name":null,"oneway":null,"junction":null},"geometry":{"type":"LineString","coordinates":[[91.7168843,26.2241609],[91.7170954,26.2242523],[91.717495,26.2244135],[91.7178866,26.2245386],[91.7184096,26.2246734],[91.7186832,26.2247528],[91.7188173,26.2248033],[91.7189058,26.2249693],[91.718938,26.2251209],[91.7189917,26.2252508],[91.7190185,26.2253062],[91.7190024,26.2253904],[91.718989,26.2254506],[91.718989,26.2255131],[91.7190453,26.2257417],[91.7190775,26.225939],[91.7190829,26.2260689],[91.7191419,26.2263697],[91.7192143,26.2269062],[91.7192679,26.2271444],[91.7192572,26.2272166],[91.7191794,26.2272768],[91.7191338,26.2273273],[91.7191151,26.2274572],[91.7191607,26.2275029],[91.7189454,26.2276487]]}},{"type":"Feature","properties":{"id":508332886,"highway":"residential","name":null,"oneway":null,"junction":null},"geometry":{"type":"LineString","coordinates":[[91.7197626,26.2258549],[91.7203623,26.2258428]]}},{"type":"Feature","properties":{"id":508332887,"highway":"residential","name":null,"oneway":null,"junction":null},"geometry":{"type":"LineString","coordinates":[[91.7261597,26.2235776],[91.7260888,26.2238264],[91.7260141,26.2240792],[91.7259815,26.2241994],[91.7259252,26.2243101],[91.7258072,26.2243389],[91.7256355,26.2243269],[91.7254853,26.2243341],[91.725437,26.2243943],[91.7253458,26.2245386],[91.7251339,26.2250752],[91.7250401,26.225234],[91.7249515,26.2253712],[91.724914,26.2254794],[91.7248818,26.2255805],[91.7247557,26.2255997],[91.7246726,26.2255997],[91.7245894,26.2256142],[91.7245117,26.2257224],[91.7244768,26.2260304],[91.7244419,26.2262325],[91.7243936,26.2263817],[91.7242944,26.2264154],[91.7241308,26.2264058],[91.7239377,26.2263432],[91.7238089,26.2262951],[91.7236748,26.2262542],[91.7235541,26.2261748],[91.7234012,26.2260882],[91.7231974,26.226028],[91.7230981,26.2260112]]}},{"type":"Feature","properties":{"id":508332888,"highway":"residential","name":null,"oneway":null,"junction":null},"geometry":{"type":"LineString","coordinates":[[91.7086255,26.2177641],[91.708751,26.217912],[91.7090192,26.2180275],[91.709266,26.2180563],[91.7109397,26.2182681],[91.7121628,26.2184221],[91.714752,26.2185907],[91.7148235,26.2185954],[91.7163041,26.2186339],[91.7180995,26.2184807],[91.7198017,26.2182296],[91.720263,26.2182777],[91.7207029,26.2184029],[91.7209819,26.218451],[91.7216041,26.2184606],[91.7218595,26.218455],[91.7224839,26.2184414],[91.723471,26.2184317],[91.7242113,26.2183644],[91.7250052,26.2183066],[91.7259064,26.2183355],[91.7263838,26.2183234],[91.7267915,26.218321],[91.7269042,26.2183547],[91.7269552,26.2184245],[91.7269712,26.2185785],[91.7269847,26.218682],[91.727041,26.2187542],[91.7272529,26.2187854],[91.7285055,26.2188408],[91.7287576,26.2188624],[91.7287916,26.2188568],[91.7288805,26.2188422]]}},{"type":"Feature","properties":{"id":508332889,"highway":"residential","name":null,"oneway":null,"junction":null},"geometry":{"type":"LineString","coordinates":[[91.7073472,26.2226657],[91.7074635,26.2226787],[91.7076164,26.2227148],[91.7080295,26.2228182],[91.7082816,26.2228591],[91.7086786,26.222888],[91.7090058,26.2229121],[91.7091399,26.2229265],[91.7092499,26.2229578],[91.7093545,26.2230252],[91.7094672,26.223042],[91.7098185,26.2230853],[91.7099875,26.2231022],[91.710245,26.2231431],[91.7104006,26.2231792],[91.7104703,26.2231984]]}},{"type":"Feature","properties":{"id":508332890,"highway":"service","name":null,"oneway":null,"junction":null},"geometry":{"type":"LineString","coordinates":[[91.7075436,26.2213861],[91.7075467,26.2216464],[91.7075091,26.2220507],[91.7074685,26.2221909],[91.7073643,26.2225512],[91.7073472,26.2226657],[91.7073267,26.2227725],[91.7072785,26.2229891],[91.7072731,26.2230613],[91.7071658,26.2231671],[91.707139,26.2233067],[91.7071068,26.2234462],[91.7070746,26.2235232],[91.707027,26.2236835],[91.7069673,26.2238842],[91.7067581,26.2246541],[91.7066616,26.225015],[91.7066577,26.2250404],[91.7066026,26.2254],[91.706565,26.2255781],[91.7065167,26.2257369],[91.7063826,26.2266753],[91.7062753,26.2274211],[91.7061412,26.2279649],[91.7060607,26.2282007],[91.705968,26.2288037],[91.7058867,26.2290955],[91.7058867,26.2292195],[91.7055615,26.2313857],[91.7053338,26.2326693],[91.7052355,26.2332761],[91.7049273,26.233258],[91.7045977,26.2332584],[91.7044763,26.2332495],[91.7043906,26.2332131],[91.7041617,26.2330945]]}},{"type":"Feature","properties":{"id":508332904,"highway":"residential","name":null,"oneway":null,"junction":null},"geometry":{"type":"LineString","coordinates":[[91.7347084,26.2210135],[91.7338082,26.2210256],[91.7331752,26.2210112],[91.7326924,26.2209631],[91.7325261,26.2209486],[91.7324403,26.2209246],[91.732392,26.2208331],[91.7323652,26.2207032],[91.7322579,26.2205877],[91.7321828,26.2205203],[91.7321667,26.2204481],[91.7321345,26.2199765],[91.732035,26.2197088],[91.7320004,26.2196156],[91.731936,26.2195097],[91.7318287,26.2195049],[91.7315551,26.2195675],[91.7311314,26.2197311],[91.7307934,26.219914],[91.7305788,26.2200391],[91.7304125,26.2200776],[91.7299733,26.2200974]]}},{"type":"Feature","properties":{"id":508332911,"highway":"service","name":null,"oneway":null,"junction":null},"geometry":{"type":"LineString","coordinates":[[91.6968875,26.2370113],[91.6974723,26.2369849],[91.6977337,26.2369654],[91.6979122,26.2369415],[91.6980261,26.2369076],[91.6981455,26.2368621],[91.6983896,26.2366913],[91.6986161,26.2365925],[91.6988563,26.2365326],[91.6991031,26.2365326],[91.6995323,26.2365422],[91.7001116,26.2365888],[91.7006695,26.236701],[91.7021394,26.2368934]]}},{"type":"Feature","properties":{"id":508332912,"highway":"residential","name":null,"oneway":null,"junction":null},"geometry":{"type":"LineString","coordinates":[[91.6944353,26.2301645],[91.6945031,26.2302266],[91.694727,26.230503],[91.6947967,26.23058],[91.6948959,26.2305728],[91.6953894,26.2304717]]}},{"type":"Feature","properties":{"id":508332916,"highway":"service","name":null,"oneway":null,"junction":null},"geometry":{"type":"LineString","coordinates":[[91.7024639,26.2301929],[91.7027402,26.2332389],[91.7041617,26.2330945],[91.7040437,26.2318386]]}},{"type":"Feature","properties":{"id":508332917,"highway":"service","name":null,"oneway":null,"junction":null},"geometry":{"type":"LineString","coordinates":[[91.7006494,26.230467],[91.7008316,26.233715],[91.7001867,26.2337586],[91.7002725,26.234923],[91.7003274,26.235428],[91.7003435,26.2356109],[91.7003193,26.2357961],[91.7002308,26.2361257],[91.7001116,26.2365888]]}},{"type":"Feature","properties":{"id":508332918,"highway":"service","name":null,"oneway":null,"junction":null},"geometry":{"type":"LineString","coordinates":[[91.7038773,26.230213],[91.7041188,26.2268822],[91.7041516,26.2258339],[91.7043334,26.2230083],[91.7044287,26.2224739]]}},{"type":"Feature","properties":{"id":508332919,"highway":"service","name":null,"oneway":null,"junction":null},"geometry":{"type":"LineString","coordinates":[[91.7004094,26.2256577],[91.7022984,26.2257283],[91.7041516,26.2258339],[91.7042261,26.2258379],[91.7051488,26.2259005],[91.7051863,26.2260593],[91.7051166,26.2269111],[91.7049181,26.2296058],[91.7048645,26.2301448],[91.7048162,26.2302073],[91.7046606,26.2302651]]}},{"type":"Feature","properties":{"id":508332920,"highway":"service","name":null,"oneway":null,"junction":null},"geometry":{"type":"LineString","coordinates":[[91.7001235,26.2304838],[91.7001977,26.2290963],[91.7002358,26.2283849],[91.70024,26.2283058],[91.7004094,26.2256577],[91.7005536,26.2231575],[91.7005817,26.2230817],[91.700622,26.2230454],[91.7006766,26.2230293],[91.7007819,26.2230123],[91.7009561,26.2230223],[91.702466,26.2230976],[91.7039446,26.2231605],[91.7040729,26.2231559],[91.7041447,26.2231381],[91.7041866,26.2230955],[91.7042326,26.2229807],[91.7044031,26.2225656],[91.7044287,26.2224739],[91.7044675,26.2223346],[91.704666,26.2216705],[91.7047994,26.2209868]]}},{"type":"Feature","properties":{"id":508332921,"highway":"service","name":null,"oneway":null,"junction":null},"geometry":{"type":"LineString","coordinates":[[91.7020038,26.2302302],[91.7022984,26.2257283],[91.702466,26.2230976]]}},{"type":"Feature","properties":{"id":508332922,"highway":"residential","name":null,"oneway":null,"junction":null},"geometry":{"type":"LineString","coordinates":[[91.6837752,26.2374586],[91.6837072,26.2366158],[91.6842179,26.2366023],[91.6842687,26.236599],[91.6843238,26.2365918],[91.6843804,26.2365736],[91.6844328,26.2365456],[91.6844616,26.2365377],[91.6844904,26.2365298],[91.6848338,26.2364809],[91.6848645,26.2364902],[91.6848953,26.2365094],[91.6849209,26.2365385],[91.6849571,26.236624],[91.6849731,26.2366514],[91.6850147,26.236667],[91.6850644,26.2366733],[91.6854694,26.2366504],[91.6855444,26.236649],[91.6855853,26.2366346],[91.6856074,26.2366117],[91.6856343,26.2365564],[91.6856396,26.2362821],[91.6856116,26.2360875],[91.6854908,26.2354258]]}},{"type":"Feature","properties":{"id":508332923,"highway":"residential","name":null,"oneway":null,"junction":null},"geometry":{"type":"LineString","coordinates":[[91.6835947,26.2353996],[91.6837072,26.2366158]]}},{"type":"Feature","properties":{"id":508332924,"highway":"residential","name":null,"oneway":null,"junction":null},"geometry":{"type":"LineString","coordinates":[[91.6804005,26.2352113],[91.6804296,26.2359576]]}},{"type":"Feature","properties":{"id":508332925,"highway":"service","name":null,"oneway":null,"junction":null},"geometry":{"type":"LineString","coordinates":[[91.6817039,26.2337365],[91.682916,26.2336022],[91.68295,26.2336019],[91.6829795,26.2336109],[91.6830111,26.2336476],[91.6830313,26.2337032],[91.6830323,26.2337237],[91.6830661,26.2344299],[91.6830942,26.2346774],[91.6830969,26.2348578],[91.6830849,26.2349808],[91.6830313,26.2351829],[91.6829612,26.2353578]]}},{"type":"Feature","properties":{"id":508332926,"highway":"residential","name":null,"oneway":null,"junction":null},"geometry":{"type":"LineString","coordinates":[[91.6816994,26.2352557],[91.6816741,26.2343624],[91.681678,26.2342563],[91.6816956,26.2341339],[91.6817117,26.2340184],[91.6817039,26.2337365],[91.6816231,26.2329934]]}},{"type":"Feature","properties":{"id":508332930,"highway":"residential","name":null,"oneway":null,"junction":null},"geometry":{"type":"LineString","coordinates":[[91.6897824,26.2304443],[91.6902545,26.2303818],[91.6903925,26.2303587],[91.6904917,26.230331],[91.6907359,26.2302482],[91.6908701,26.2301857]]}},{"type":"Feature","properties":{"id":508332931,"highway":"residential","name":null,"oneway":null,"junction":null},"geometry":{"type":"LineString","coordinates":[[91.6903296,26.230875],[91.6902545,26.2303818]]}},{"type":"Feature","properties":{"id":508332932,"highway":"residential","name":null,"oneway":null,"junction":null},"geometry":{"type":"LineString","coordinates":[[91.690821,26.2322889],[91.6906808,26.2321619],[91.690654,26.2320837],[91.6906406,26.232008],[91.6906205,26.231866],[91.6905696,26.2314885],[91.6904221,26.2309652],[91.6904019,26.2309144],[91.6903658,26.230893],[91.6903296,26.230875],[91.6898977,26.23094],[91.6898549,26.2309273],[91.6898319,26.2309054],[91.689824,26.2308738],[91.6897824,26.2304443],[91.6895491,26.2304587],[91.6894859,26.2304585],[91.6894296,26.2304405],[91.6893667,26.2303998],[91.689274,26.2303322],[91.6891655,26.2302638],[91.6890237,26.230207],[91.6888602,26.2301854],[91.6887398,26.2301545],[91.6886505,26.2301248],[91.6885473,26.2300606]]}},{"type":"Feature","properties":{"id":508332933,"highway":"residential","name":null,"oneway":null,"junction":null},"geometry":{"type":"LineString","coordinates":[[91.6913658,26.231805],[91.6911866,26.2316004],[91.6911227,26.2315214],[91.6910417,26.2314849],[91.6909237,26.2314609],[91.6907574,26.2314657],[91.6905696,26.2314885]]}},{"type":"Feature","properties":{"id":508332934,"highway":"residential","name":null,"oneway":null,"junction":null},"geometry":{"type":"LineString","coordinates":[[91.6928682,26.230491],[91.6925008,26.230093],[91.6923077,26.2298777],[91.6922482,26.2297767],[91.6922058,26.229666],[91.6921087,26.2292431],[91.6919698,26.2286891],[91.6918432,26.2282048],[91.6918,26.22802],[91.691777,26.2278231]]}},{"type":"Feature","properties":{"id":508332938,"highway":"residential","name":null,"oneway":null,"junction":null},"geometry":{"type":"LineString","coordinates":[[91.7206179,26.2311437],[91.7207499,26.2311192],[91.7209001,26.231124],[91.7210181,26.2312154],[91.7210918,26.2312705],[91.7212606,26.2313967],[91.7213078,26.231432],[91.721694,26.231687],[91.7220427,26.2318795],[91.7226757,26.2321875],[91.7230405,26.2323751],[91.723298,26.2325676],[91.7236091,26.2326975],[91.7238773,26.2327216],[91.7243011,26.2326975],[91.7244674,26.2326398],[91.7247303,26.2325724],[91.7249824,26.2325339],[91.7253311,26.232558],[91.7255081,26.2326398],[91.7256154,26.2327505],[91.7256744,26.2328611],[91.7257495,26.2329429],[91.7258321,26.2329768]]}},{"type":"Feature","properties":{"id":508332939,"highway":"residential","name":null,"oneway":null,"junction":null},"geometry":{"type":"LineString","coordinates":[[91.7171903,26.2235314],[91.717086,26.2237759],[91.7170103,26.2239117],[91.7169197,26.2240743],[91.7168843,26.2241609],[91.7168392,26.2242716],[91.7168124,26.2244159],[91.7168553,26.2244881],[91.7169948,26.2245603],[91.7171772,26.2246517],[91.7173971,26.2247383],[91.7175205,26.2247961],[91.7175902,26.2248779],[91.7175902,26.2251089],[91.7176814,26.2254794],[91.7177672,26.2256094],[91.717896,26.2257249],[91.7180355,26.2259029],[91.7181589,26.226081],[91.7182125,26.2261916],[91.7182179,26.2263456],[91.7182395,26.2264795],[91.7182661,26.226644],[91.7183144,26.2269664],[91.7184378,26.2271878],[91.718529,26.2273466],[91.7186738,26.227438],[91.7187972,26.2274861],[91.7188884,26.2275439],[91.7189305,26.2276213],[91.7189454,26.2276487],[91.7189903,26.2277315],[91.7190325,26.2278625],[91.7190601,26.2279481],[91.71928,26.2289586],[91.7192927,26.2290373],[91.7194653,26.2301036],[91.7194975,26.2302993],[91.7195594,26.230676],[91.7195751,26.2307824],[91.7196567,26.231095],[91.7196931,26.2312347],[91.7198379,26.2314657],[91.7199452,26.2315378]]}},{"type":"Feature","properties":{"id":508332940,"highway":"residential","name":null,"oneway":null,"junction":null},"geometry":{"type":"LineString","coordinates":[[91.7103708,26.2326686],[91.7107303,26.2334257],[91.7111734,26.2332506],[91.7113031,26.233275],[91.7116786,26.2333279],[91.7121829,26.2333712],[91.7123599,26.2334145],[91.7125477,26.2334722],[91.7126979,26.2334771],[91.7132182,26.2335107],[91.7136796,26.2335492],[91.7139052,26.2335397],[91.7140229,26.2335348],[91.7141677,26.23353],[91.7142428,26.2335492],[91.7142804,26.2336118],[91.7143608,26.2337321],[91.714511,26.2338187],[91.7147417,26.2338283],[91.7150421,26.2338909],[91.7152138,26.2339679],[91.7154498,26.2339967],[91.7155947,26.2339727],[91.7157341,26.2339486],[91.7157963,26.2339263],[91.7158951,26.2338909],[91.716115,26.2338331],[91.7165603,26.2337561],[91.7171049,26.2337117],[91.7172093,26.2337032],[91.7177887,26.2336551],[91.7181106,26.2335925],[91.7183037,26.2335492],[91.7183922,26.2335035],[91.7183949,26.2333712],[91.7184432,26.2330488],[91.7184324,26.2327793],[91.7185129,26.2326398],[91.7186148,26.2325628],[91.718765,26.2325002],[91.7188777,26.2324377],[91.7189689,26.232327],[91.7191888,26.2319613],[91.7193444,26.2317255],[91.7195912,26.2316197],[91.719795,26.2315667],[91.7199452,26.2315378],[91.7201008,26.2315138],[91.7203368,26.2314801],[91.7205407,26.2313261],[91.7206211,26.2311914],[91.7206179,26.2311437],[91.7206104,26.2310326],[91.7205889,26.2308642],[91.7205675,26.2305129],[91.7203797,26.229435],[91.7201073,26.2278893],[91.7200265,26.2274307],[91.7200089,26.2273311],[91.7199828,26.2271829],[91.7197626,26.2258549],[91.7195751,26.2247239],[91.7194892,26.2243582],[91.7193551,26.2242764],[91.7191566,26.2242523],[91.7186416,26.2241946],[91.718529,26.2241079],[91.7184754,26.2239106],[91.7184263,26.2238393]]}},{"type":"Feature","properties":{"id":508332945,"highway":"service","name":null,"oneway":null,"junction":null},"geometry":{"type":"LineString","coordinates":[[91.6938116,26.2325683],[91.6934155,26.2326855],[91.692938,26.2328684]]}},{"type":"Feature","properties":{"id":508332946,"highway":"service","name":null,"oneway":null,"junction":null},"geometry":{"type":"LineString","coordinates":[[91.6893499,26.2348587],[91.6895336,26.2347708],[91.6895825,26.2347531],[91.6896321,26.2347537],[91.6896899,26.2347739],[91.6897891,26.2348508],[91.6898642,26.2349663],[91.690034,26.2353711],[91.6900893,26.2354367],[91.6901259,26.235466],[91.6901702,26.2354931],[91.6902587,26.2355266],[91.6904922,26.2356456],[91.6906086,26.235737],[91.6907503,26.235792],[91.6908163,26.235831],[91.6908726,26.2358755],[91.6909412,26.2359784],[91.6909477,26.2360331],[91.690914,26.2361161],[91.6908672,26.2361967],[91.690827,26.2363338],[91.6908271,26.2363886],[91.690833,26.2364156],[91.6908444,26.2364289],[91.6908632,26.2364325],[91.6909267,26.2364295],[91.6910056,26.2364308],[91.6910464,26.2364395],[91.6910808,26.236455],[91.6911533,26.2364915],[91.6912221,26.2365395]]}},{"type":"Feature","properties":{"id":508332956,"highway":"service","name":null,"oneway":null,"junction":null},"geometry":{"type":"LineString","coordinates":[[91.6976029,26.2306811],[91.6976051,26.2307872],[91.6976264,26.2308699],[91.6976856,26.2310205],[91.6977364,26.2310817],[91.6977726,26.2310985],[91.6978263,26.2310988],[91.6979779,26.2310651],[91.6980059,26.2310744],[91.6980207,26.2310949],[91.6980302,26.2311301],[91.6980516,26.2319733],[91.6980677,26.232072],[91.6980676,26.2321174],[91.6980462,26.2321547],[91.6980194,26.2321704],[91.6976574,26.2323391]]}},{"type":"Feature","properties":{"id":508332957,"highway":"residential","name":null,"oneway":null,"junction":null},"geometry":{"type":"LineString","coordinates":[[91.6922626,26.2316893],[91.6931799,26.2310379],[91.6944353,26.2301645],[91.6949499,26.2298342],[91.6950264,26.2298132],[91.6952523,26.2298186],[91.6953121,26.2298304],[91.6953752,26.2298673],[91.6956793,26.2301327],[91.6958321,26.2303036],[91.6959174,26.2304066],[91.695977,26.2305249],[91.6961406,26.2308979],[91.6961871,26.2309502],[91.6962091,26.2309621],[91.6962387,26.230966],[91.6962962,26.2309484],[91.6965861,26.2307979],[91.6967387,26.2307475],[91.6969855,26.2307054],[91.6972248,26.2306805],[91.6974011,26.2306252],[91.6974735,26.2306348],[91.6976029,26.2306811],[91.6976593,26.2306654],[91.6977257,26.2306426],[91.6979536,26.2305752],[91.6981441,26.2305343],[91.6996804,26.2304951],[91.7001235,26.2304838],[91.7006494,26.230467],[91.700746,26.2304239],[91.7008719,26.2303587],[91.7009523,26.230325],[91.701041,26.2303156],[91.701678,26.2302458],[91.7020038,26.2302302],[91.7024639,26.2301929],[91.7028722,26.2301562],[91.7030225,26.2301574],[91.7032015,26.2301652],[91.7038773,26.230213],[91.7040384,26.2302266],[91.7046606,26.2302651]]}},{"type":"Feature","properties":{"id":508332958,"highway":"residential","name":null,"oneway":null,"junction":null},"geometry":{"type":"LineString","coordinates":[[91.6974011,26.2306252],[91.6974246,26.2302137],[91.6972762,26.2299131],[91.6971682,26.229829],[91.6971245,26.2297675],[91.6970496,26.2294562],[91.6969515,26.229168],[91.6968097,26.2289011],[91.6966864,26.2288071],[91.6966583,26.2287661],[91.6966648,26.2287282],[91.6966989,26.2286714],[91.6967384,26.2286284],[91.6974734,26.228064],[91.6976604,26.2281892],[91.6977274,26.2282129],[91.6980596,26.2282523]]}},{"type":"Feature","properties":{"id":508332959,"highway":"service","name":null,"oneway":null,"junction":null},"geometry":{"type":"LineString","coordinates":[[91.6944372,26.2332366],[91.694593,26.2331848],[91.6946573,26.2331907],[91.6947082,26.23321],[91.6947539,26.2332606],[91.6949363,26.2335781]]}},{"type":"Feature","properties":{"id":508332960,"highway":"service","name":null,"oneway":null,"junction":null},"geometry":{"type":"LineString","coordinates":[[91.6953387,26.235682],[91.6953279,26.2353861]]}},{"type":"Feature","properties":{"id":508332961,"highway":"service","name":null,"oneway":null,"junction":null},"geometry":{"type":"LineString","coordinates":[[91.6931799,26.2310379],[91.6932438,26.2311745],[91.6932894,26.2312539],[91.6933331,26.231317],[91.6933768,26.23138],[91.6934718,26.2314681],[91.6935952,26.2315595],[91.6936343,26.2316009],[91.6936681,26.2316702],[91.6936719,26.2317626],[91.6936596,26.2318747],[91.6936671,26.2320181],[91.6936783,26.2321899],[91.6937105,26.2323342],[91.6937803,26.2325171],[91.6938116,26.2325683],[91.6938554,26.2326398],[91.6940029,26.2327505],[91.6941236,26.2328299],[91.6942443,26.2329381],[91.6943569,26.2330705],[91.6943998,26.2331426],[91.6944372,26.2332366],[91.6944454,26.2332605],[91.6945018,26.2334265],[91.694535,26.2335723],[91.6946091,26.2339871],[91.6946842,26.2344683],[91.6947217,26.2348412],[91.6947539,26.2350193],[91.6947432,26.2355317],[91.6947539,26.2357531]]}},{"type":"Feature","properties":{"id":508333048,"highway":"residential","name":null,"oneway":null,"junction":null},"geometry":{"type":"LineString","coordinates":[[91.733097,26.2035866],[91.7330471,26.2037599],[91.7329452,26.204157],[91.732862,26.204477],[91.7327816,26.2046166],[91.7327011,26.2047225],[91.7326153,26.2047899],[91.7325295,26.2048693],[91.7324248,26.2049944],[91.7323149,26.2051677],[91.732176,26.2054218],[91.7321442,26.205514],[91.7321483,26.2056001],[91.732169,26.2056939],[91.7322131,26.2057928]]}},{"type":"Feature","properties":{"id":508333049,"highway":"residential","name":null,"oneway":null,"junction":null},"geometry":{"type":"LineString","coordinates":[[91.7339532,26.2053111],[91.7348706,26.2055253]]}},{"type":"Feature","properties":{"id":508333051,"highway":"residential","name":null,"oneway":null,"junction":null},"geometry":{"type":"LineString","coordinates":[[91.7346821,26.2026217],[91.7345626,26.2032016],[91.7344606,26.2038008],[91.7344204,26.2040053],[91.7344112,26.2040499],[91.7343809,26.2041458],[91.7343564,26.2042173],[91.7343189,26.204312],[91.7342562,26.2044227],[91.7342011,26.2044915],[91.7341629,26.2045584],[91.7341286,26.204631],[91.7340902,26.204749],[91.7340412,26.2049222],[91.7339532,26.2053111],[91.7338137,26.2059248],[91.7338081,26.2059502],[91.7337316,26.2062983]]}},{"type":"Feature","properties":{"id":508333052,"highway":"residential","name":null,"oneway":null,"junction":null},"geometry":{"type":"LineString","coordinates":[[91.7329494,26.2035109],[91.7332496,26.202706],[91.7334339,26.2022286]]}},{"type":"Feature","properties":{"id":508333053,"highway":"residential","name":null,"oneway":null,"junction":null},"geometry":{"type":"LineString","coordinates":[[91.7318393,26.2027642],[91.7321486,26.2022004],[91.7323763,26.2017864]]}},{"type":"Feature","properties":{"id":508333054,"highway":"residential","name":null,"oneway":null,"junction":null},"geometry":{"type":"LineString","coordinates":[[91.7308404,26.2023897],[91.7308836,26.202321],[91.7312393,26.2017047],[91.7314503,26.2013599]]}},{"type":"Feature","properties":{"id":508333055,"highway":"residential","name":null,"oneway":null,"junction":null},"geometry":{"type":"LineString","coordinates":[[91.7225414,26.1979442],[91.7224256,26.1984413],[91.7223505,26.1986242]]}},{"type":"Feature","properties":{"id":508333056,"highway":"residential","name":null,"oneway":null,"junction":null},"geometry":{"type":"LineString","coordinates":[[91.723086,26.1981039],[91.7231471,26.1979503],[91.7231793,26.1977698],[91.7232061,26.1976206]]}},{"type":"Feature","properties":{"id":508333057,"highway":"residential","name":null,"oneway":null,"junction":null},"geometry":{"type":"LineString","coordinates":[[91.7224893,26.1979274],[91.7225409,26.1976471],[91.72257,26.1973606],[91.7225758,26.1973029],[91.722574,26.1972389],[91.7225702,26.1971039],[91.722565,26.1969178],[91.7225811,26.1968553],[91.7225865,26.1967012],[91.7226241,26.1965929],[91.7226589,26.1965183]]}},{"type":"Feature","properties":{"id":508333058,"highway":"residential","name":null,"oneway":null,"junction":null},"geometry":{"type":"LineString","coordinates":[[91.7214291,26.1975491],[91.7216021,26.197067],[91.7216124,26.1970468],[91.7217783,26.1967227],[91.7217979,26.1966844],[91.7221171,26.1962343],[91.7221684,26.1961654],[91.7225168,26.1957038]]}},{"type":"Feature","properties":{"id":508333059,"highway":"residential","name":null,"oneway":null,"junction":null},"geometry":{"type":"LineString","coordinates":[[91.7200519,26.1924326],[91.7201269,26.1923595],[91.7202825,26.1923378],[91.7207358,26.192345],[91.721026,26.1923562],[91.7210553,26.1923573],[91.7218569,26.1923883],[91.7218811,26.1924365],[91.7218891,26.1925231],[91.7215952,26.1936086]]}},{"type":"Feature","properties":{"id":508333060,"highway":"residential","name":null,"oneway":null,"junction":null},"geometry":{"type":"LineString","coordinates":[[91.7070402,26.199894],[91.7066432,26.1998651],[91.7062462,26.1997785],[91.7062572,26.1989394],[91.7063055,26.198434],[91.706343,26.1983089],[91.7064182,26.19828],[91.706504,26.1982752],[91.7066381,26.1982896],[91.7073247,26.1983426],[91.7075018,26.1983474],[91.7076734,26.1983185],[91.708006,26.1983041],[91.7081401,26.1982993],[91.709154,26.1982223],[91.7092935,26.1981886],[91.7094812,26.1981645],[91.709597,26.1981402],[91.7096914,26.1981435],[91.7097506,26.1982382],[91.7097666,26.1983235],[91.7097936,26.1986074],[91.7098292,26.1988528],[91.7097918,26.1991384],[91.7097642,26.1992505],[91.7096904,26.1995507],[91.70961,26.1998732],[91.7095617,26.2000994],[91.7095724,26.2002727],[91.7095939,26.2004364],[91.7095993,26.2005567],[91.7095885,26.2007204],[91.7096207,26.2008298],[91.7095671,26.2008599],[91.7095456,26.2009851],[91.7094061,26.2010332],[91.7091218,26.2010717],[91.7088536,26.2012306],[91.7087088,26.2013846],[91.7085907,26.2015386],[91.708521,26.2015867],[91.7083923,26.2016397],[91.7083199,26.2016584],[91.7081133,26.2017119],[91.7078075,26.2017841],[91.7073784,26.2018948],[91.7070775,26.2019268],[91.7069707,26.2019381],[91.7066864,26.2019092],[91.7063806,26.2018466],[91.7060158,26.2017552],[91.7057959,26.2017022],[91.7055867,26.2015579],[91.7054257,26.2013846],[91.705179,26.2011006],[91.7048927,26.2007509],[91.7048678,26.2007204],[91.7046103,26.2004701],[91.7042831,26.2002679],[91.7040954,26.2001572],[91.7038915,26.2000706],[91.7036776,26.2000381]]}},{"type":"Feature","properties":{"id":508333061,"highway":"unclassified","name":null,"oneway":null,"junction":null},"geometry":{"type":"LineString","coordinates":[[91.705333,26.1962247],[91.7052058,26.1947085],[91.705238,26.1945448],[91.7053184,26.1943619],[91.7053882,26.194203],[91.7055223,26.1940346],[91.7057261,26.1938805],[91.705989,26.1937506],[91.7062626,26.1936399],[91.7065898,26.1935965],[91.7067722,26.1936062],[91.7070082,26.1937987],[91.707373,26.1941212],[91.7076251,26.1944485]]}},{"type":"Feature","properties":{"id":508333062,"highway":"residential","name":null,"oneway":null,"junction":null},"geometry":{"type":"LineString","coordinates":[[91.692724,26.192948],[91.6927979,26.192836],[91.6928623,26.1927277],[91.6929347,26.1926483],[91.6930232,26.1925472],[91.692991,26.1924654],[91.692932,26.1924052],[91.6928998,26.192398]]}},{"type":"Feature","properties":{"id":508333064,"highway":"residential","name":null,"oneway":null,"junction":null},"geometry":{"type":"LineString","coordinates":[[91.7203603,26.2030342],[91.720381,26.2039377],[91.7203817,26.2039679],[91.7206415,26.2039844],[91.7206446,26.2040209],[91.7206446,26.2040931],[91.7207197,26.2047332],[91.7207374,26.2048854],[91.7208148,26.2055499],[91.7208766,26.2060807],[91.7209292,26.2065326],[91.7209343,26.2065766],[91.7210416,26.207443],[91.7210855,26.20778],[91.7211596,26.2083478],[91.7213581,26.2098975],[91.7215082,26.2113618],[91.7216659,26.2125463]]}},{"type":"Feature","properties":{"id":508333065,"highway":"residential","name":null,"oneway":null,"junction":null},"geometry":{"type":"LineString","coordinates":[[91.7235708,26.2014327],[91.7234985,26.2015566],[91.7234742,26.2015784],[91.7233912,26.2016528],[91.7232678,26.2017106],[91.7230479,26.201725],[91.722844,26.2017106],[91.7226992,26.2016576],[91.7226026,26.2015999],[91.7224846,26.2015566],[91.7223559,26.2015469],[91.7221413,26.2015421],[91.7219213,26.2015373],[91.7217875,26.2015267],[91.7217389,26.2015229],[91.7216477,26.2015421],[91.7215834,26.2016143],[91.7215297,26.2017443],[91.7211596,26.2029572],[91.7211274,26.2030679],[91.721122,26.2031256],[91.7211971,26.2031738],[91.7214868,26.2032219],[91.7217926,26.2032604]]}},{"type":"Feature","properties":{"id":508333066,"highway":"residential","name":null,"oneway":null,"junction":null},"geometry":{"type":"LineString","coordinates":[[91.7204783,26.1990681],[91.7205588,26.1987071],[91.7206607,26.1981824],[91.7207036,26.1977348],[91.7207584,26.197304]]}},{"type":"Feature","properties":{"id":508333067,"highway":"residential","name":null,"oneway":null,"junction":null},"geometry":{"type":"LineString","coordinates":[[91.7187421,26.1988784],[91.7189977,26.1988948],[91.7192606,26.1989044],[91.7196254,26.1989815],[91.7200009,26.199044],[91.7201243,26.199044],[91.7201563,26.1990452],[91.720253,26.1990488],[91.7203657,26.1990537],[91.7204783,26.1990681],[91.7206178,26.1991259],[91.7209236,26.1992606],[91.7217336,26.1995976],[91.7218285,26.1996417],[91.7225872,26.1999938],[91.7226563,26.2000259],[91.7232624,26.2003292],[91.7234299,26.2004008]]}},{"type":"Feature","properties":{"id":508333068,"highway":"residential","name":null,"oneway":null,"junction":null},"geometry":{"type":"LineString","coordinates":[[91.7188256,26.1972808],[91.7188529,26.1978263],[91.7188368,26.1984039],[91.7188328,26.1984241],[91.7187914,26.1986315],[91.7187421,26.1988784],[91.7186437,26.1993713],[91.7185954,26.1994532],[91.718531,26.1995494],[91.7185096,26.1997805],[91.7185042,26.2003003],[91.7184774,26.2005795]]}},{"type":"Feature","properties":{"id":508333069,"highway":"residential","name":null,"oneway":null,"junction":null},"geometry":{"type":"LineString","coordinates":[[91.713481,26.2032501],[91.7133973,26.2031834],[91.7134026,26.2030968],[91.7134563,26.2028128],[91.7134885,26.2025818],[91.7134241,26.2025288],[91.7133007,26.2025144],[91.7132846,26.2024518],[91.7133222,26.2019994],[91.7134563,26.2013111]]}},{"type":"Feature","properties":{"id":508333070,"highway":"residential","name":null,"oneway":null,"junction":null},"geometry":{"type":"LineString","coordinates":[[91.720381,26.2039377],[91.7201537,26.2039185],[91.7200866,26.2040316],[91.7198211,26.2040244],[91.7197916,26.2041014],[91.7197594,26.2042723],[91.7194644,26.2042915],[91.7194238,26.2042754],[91.7193919,26.2042627],[91.7193356,26.2042627],[91.7191291,26.2043012],[91.7190915,26.2041544],[91.7191103,26.2040966],[91.7191505,26.2040509],[91.7191908,26.203945],[91.7191855,26.2037562],[91.7194833,26.2028411]]}},{"type":"Feature","properties":{"id":508333071,"highway":"residential","name":null,"oneway":null,"junction":null},"geometry":{"type":"LineString","coordinates":[[91.714727,26.2017854],[91.7151032,26.201932],[91.7158221,26.2020787],[91.7162777,26.2021717],[91.7163531,26.2021871],[91.7167793,26.2022752],[91.7175612,26.2024367],[91.7181931,26.2025673],[91.7184234,26.2026157],[91.7192016,26.2027791],[91.7194833,26.2028411],[91.7203603,26.2030342],[91.7204676,26.2030438],[91.7205802,26.2030246],[91.7207036,26.2029524],[91.7207948,26.2029283],[91.7209665,26.2029283],[91.7210952,26.2029331],[91.7211596,26.2029572]]}},{"type":"Feature","properties":{"id":508333072,"highway":"residential","name":null,"oneway":null,"junction":null},"geometry":{"type":"LineString","coordinates":[[91.7151082,26.2004918],[91.7157469,26.2006035]]}},{"type":"Feature","properties":{"id":508333073,"highway":"residential","name":null,"oneway":null,"junction":null},"geometry":{"type":"LineString","coordinates":[[91.7132739,26.2013111],[91.7133329,26.2007624],[91.7130271,26.2007768]]}},{"type":"Feature","properties":{"id":508333074,"highway":"residential","name":null,"oneway":null,"junction":null},"geometry":{"type":"LineString","coordinates":[[91.7120986,26.2009043],[91.7119703,26.2016143]]}},{"type":"Feature","properties":{"id":508333075,"highway":"residential","name":null,"oneway":null,"junction":null},"geometry":{"type":"LineString","coordinates":[[91.7148202,26.2015442],[91.7143682,26.2014458],[91.7137621,26.2013448],[91.7134563,26.2013111],[91.7132739,26.2013111],[91.713172,26.2013111],[91.7129896,26.2013063],[91.7128447,26.2012774],[91.7126087,26.2012004],[91.7123566,26.201056],[91.7122225,26.2009549],[91.7121742,26.2009164],[91.7120986,26.2009043],[91.712024,26.2008923],[91.711745,26.2008923],[91.7112676,26.200926],[91.7108277,26.2009453],[91.7105219,26.2009356],[91.7100606,26.200902],[91.7096207,26.2008298]]}},{"type":"Feature","properties":{"id":508333076,"highway":"residential","name":null,"oneway":null,"junction":null},"geometry":{"type":"LineString","coordinates":[[91.7152263,26.1999566],[91.7144752,26.1998561],[91.7137366,26.1997572],[91.7136775,26.1997493],[91.7133187,26.1996973],[91.7129037,26.1996457],[91.7126731,26.1996313],[91.7125712,26.1996649],[91.7125658,26.199742],[91.7125819,26.1998382],[91.7125819,26.1999056],[91.7125121,26.1999682],[91.7123566,26.2000404],[91.7122868,26.200103],[91.7122764,26.2001475],[91.7122654,26.2001944],[91.7121742,26.2009164]]}},{"type":"Feature","properties":{"id":508333077,"highway":"residential","name":null,"oneway":null,"junction":null},"geometry":{"type":"LineString","coordinates":[[91.7156124,26.1982074],[91.7152802,26.1981824],[91.7151692,26.198161],[91.7149315,26.1981151],[91.7147533,26.1980668],[91.7144829,26.1979934],[91.7141358,26.1978993],[91.7139552,26.1978503]]}},{"type":"Feature","properties":{"id":508333078,"highway":"residential","name":null,"oneway":null,"junction":null},"geometry":{"type":"LineString","coordinates":[[91.7160925,26.1961117],[91.7151836,26.195925],[91.7150928,26.1959039],[91.7144272,26.1957493],[91.7140929,26.1956738],[91.71399,26.1956506]]}},{"type":"Feature","properties":{"id":508333080,"highway":"residential","name":null,"oneway":null,"junction":null},"geometry":{"type":"LineString","coordinates":[[91.7194013,26.1925781],[91.7192981,26.1929358],[91.7192767,26.1929695],[91.7192177,26.1929647],[91.7191023,26.1929334],[91.7190675,26.1929358],[91.719046,26.1929839],[91.7188958,26.1936362]]}},{"type":"Feature","properties":{"id":508333081,"highway":"residential","name":null,"oneway":null,"junction":null},"geometry":{"type":"LineString","coordinates":[[91.7184151,26.1936408],[91.7176137,26.1934942]]}},{"type":"Feature","properties":{"id":508333082,"highway":"residential","name":null,"oneway":null,"junction":null},"geometry":{"type":"LineString","coordinates":[[91.7187389,26.1923446],[91.7185149,26.19328],[91.7184151,26.1936408],[91.7183352,26.1939298],[91.7177773,26.1938359]]}},{"type":"Feature","properties":{"id":508333083,"highway":"residential","name":null,"oneway":null,"junction":null},"geometry":{"type":"LineString","coordinates":[[91.6994176,26.192091],[91.6991896,26.1921078],[91.6990796,26.1921247],[91.6990421,26.1920982],[91.6989992,26.1920862],[91.6989053,26.1920958],[91.6987068,26.1921271],[91.69868,26.1921391],[91.6986097,26.1921708]]}},{"type":"Feature","properties":{"id":508333084,"highway":"residential","name":null,"oneway":null,"junction":null},"geometry":{"type":"LineString","coordinates":[[91.6993747,26.1913184],[91.6994176,26.192091],[91.6995437,26.1928371]]}},{"type":"Feature","properties":{"id":508333085,"highway":"residential","name":null,"oneway":null,"junction":null},"geometry":{"type":"LineString","coordinates":[[91.6958217,26.1915455],[91.6958173,26.1923322],[91.6958156,26.192635],[91.6958154,26.1926783]]}},{"type":"Feature","properties":{"id":508333086,"highway":"residential","name":null,"oneway":null,"junction":null},"geometry":{"type":"LineString","coordinates":[[91.6889612,26.1944377],[91.6897657,26.1931476],[91.689881,26.1930754],[91.6900017,26.1930128],[91.69016,26.1929574],[91.6902019,26.1929462],[91.6902941,26.1929213],[91.6903741,26.1929105]]}},{"type":"Feature","properties":{"id":508333087,"highway":"residential","name":null,"oneway":null,"junction":null},"geometry":{"type":"LineString","coordinates":[[91.6878828,26.1931524],[91.6877513,26.1931115],[91.6876199,26.1930272],[91.6874107,26.1928876],[91.6873141,26.1927938],[91.6872471,26.1926686],[91.6872068,26.1925603],[91.6871908,26.1924304]]}},{"type":"Feature","properties":{"id":508333088,"highway":"residential","name":null,"oneway":null,"junction":null},"geometry":{"type":"LineString","coordinates":[[91.6891898,26.1946407],[91.6890388,26.1945002],[91.6889612,26.1944377],[91.6888832,26.194375],[91.6887277,26.1943197],[91.6885399,26.1942451],[91.6883951,26.1941512],[91.6883226,26.1940718],[91.6882207,26.1939081],[91.6880437,26.1935351],[91.6879069,26.1932463],[91.6878828,26.1931524],[91.6878667,26.1928949],[91.6878506,26.1927312],[91.6878613,26.1926518],[91.6879149,26.1925122],[91.6879686,26.1923461],[91.6880035,26.1921608],[91.6880088,26.1919634],[91.6880303,26.191754],[91.6881161,26.1916361],[91.6882797,26.1914797],[91.6884916,26.1911884]]}},{"type":"Feature","properties":{"id":508333089,"highway":"residential","name":null,"oneway":null,"junction":null},"geometry":{"type":"LineString","coordinates":[[91.6870529,26.1943694],[91.6872417,26.1942017],[91.6876762,26.1938431],[91.6879203,26.1936386],[91.6880437,26.1935351]]}},{"type":"Feature","properties":{"id":508333090,"highway":"unclassified","name":null,"oneway":null,"junction":null},"geometry":{"type":"LineString","coordinates":[[91.6883577,26.1955376],[91.6882261,26.1954942],[91.6881295,26.1954629],[91.6880276,26.195446],[91.6878828,26.1954605],[91.6877218,26.195511],[91.6875931,26.1955447],[91.687526,26.1955495],[91.687467,26.1955399],[91.6874295,26.1955086],[91.6873892,26.1954171],[91.6872095,26.1949358],[91.6870808,26.1945315],[91.6870593,26.1944111],[91.6870529,26.1943694],[91.6870379,26.1942715],[91.6870245,26.1940622],[91.6869869,26.1938648],[91.6869279,26.1935423],[91.6869011,26.193369],[91.6868743,26.1929286],[91.686767,26.1924015],[91.6866889,26.1920549],[91.6866583,26.1919151],[91.6866547,26.1918174],[91.6866699,26.1917007],[91.6867067,26.1915463],[91.6867389,26.1914409],[91.6867923,26.191332],[91.6868158,26.1912623],[91.6868406,26.1911536],[91.6868545,26.1910449],[91.686868,26.1908275],[91.686872,26.1907423],[91.6868869,26.1906506],[91.6869311,26.1904813],[91.6869898,26.1902786],[91.6869968,26.1902041],[91.686993,26.1901328],[91.6869686,26.1900756],[91.6869366,26.1900344],[91.6867699,26.1898992],[91.6867252,26.189851],[91.6867082,26.1898125],[91.6867095,26.1897735],[91.6867197,26.1897369],[91.6867427,26.1896934],[91.6868766,26.1894781],[91.6869251,26.1894186],[91.6869902,26.1893556],[91.6870444,26.1893081],[91.687091,26.1892606],[91.6871497,26.1891839],[91.6872339,26.1890202],[91.6872824,26.1889458],[91.6873181,26.1889187],[91.6873639,26.1888995],[91.6874151,26.1888851],[91.6874783,26.1888886],[91.6877302,26.1889412],[91.6878603,26.1889698],[91.6879088,26.1889738],[91.6879573,26.1889665],[91.6880146,26.1889409],[91.6880973,26.1888981],[91.6881691,26.1888553],[91.6882546,26.1887935],[91.6883222,26.1887099],[91.6884217,26.188529],[91.6884434,26.1884733],[91.6884445,26.1884223],[91.6884366,26.1883859],[91.6884179,26.1883527],[91.6883605,26.1883035],[91.6882565,26.1882215],[91.6882146,26.1881788],[91.6881663,26.1881101],[91.6881105,26.188009],[91.6880579,26.1879031],[91.6880386,26.1878463],[91.6880343,26.1877943],[91.6880483,26.1877443],[91.6880711,26.1876949],[91.688198,26.1875298],[91.6882299,26.1875012],[91.6882754,26.1874807],[91.6883194,26.1874862],[91.6883725,26.1875134],[91.6884969,26.1876605],[91.6885455,26.1876972],[91.6886198,26.1877136],[91.688679,26.1877054],[91.6887381,26.18767],[91.6888216,26.1876128],[91.688902,26.1875774],[91.6889657,26.1875733],[91.6890522,26.187572],[91.6891372,26.1875788],[91.6892146,26.1876019],[91.689269,26.1876234],[91.6893208,26.1876564],[91.6895431,26.187817],[91.6896373,26.1878812],[91.6897054,26.1879314],[91.689768,26.1879818],[91.6898164,26.1880173],[91.6900258,26.1881128]]}},{"type":"Feature","properties":{"id":508333091,"highway":"residential","name":null,"oneway":null,"junction":null},"geometry":{"type":"LineString","coordinates":[[91.6847022,26.1918948],[91.684825,26.1919057],[91.6849243,26.1919057],[91.6849672,26.191949],[91.6849913,26.1919851],[91.685045,26.1920284],[91.6850691,26.1920838],[91.6851201,26.1921078],[91.6851845,26.1921054],[91.6852757,26.192103],[91.6852998,26.1921464],[91.6853132,26.1922426],[91.6853239,26.1923437],[91.6852783,26.1923967],[91.685222,26.1924255],[91.6852006,26.1924737],[91.6852247,26.1925363],[91.6854205,26.1928684],[91.6854849,26.1929358],[91.6855734,26.1929382],[91.6856431,26.1929358],[91.6856673,26.1929695],[91.6857102,26.1930922],[91.6858872,26.1938985],[91.6859757,26.1943365],[91.6860159,26.1945989],[91.6860508,26.1949502],[91.686024,26.195073],[91.6859738,26.1951892]]}},{"type":"Feature","properties":{"id":508333092,"highway":"residential","name":null,"oneway":null,"junction":null},"geometry":{"type":"LineString","coordinates":[[91.6843373,26.1928426],[91.6843681,26.1927649],[91.6843557,26.192659],[91.6843637,26.1924881],[91.6843905,26.1924183],[91.6844227,26.1923221],[91.6845059,26.1921752],[91.6846051,26.1920597],[91.6847022,26.1918948],[91.6847661,26.1917737],[91.6849296,26.1914388],[91.6850048,26.1912245],[91.6850335,26.1911045]]}},{"type":"Feature","properties":{"id":508333093,"highway":"residential","name":null,"oneway":null,"junction":null},"geometry":{"type":"LineString","coordinates":[[91.6861165,26.1963855],[91.6861152,26.1960766],[91.6860533,26.1955131],[91.6860218,26.1953445],[91.6859738,26.1951892],[91.6859516,26.1951211],[91.6858923,26.194937],[91.6858295,26.1947732],[91.6857376,26.1945914],[91.6855936,26.1943733],[91.6854316,26.1941406],[91.6852429,26.1939108],[91.685047,26.193684],[91.6848063,26.1934171],[91.6845788,26.1931449],[91.6844718,26.1929985],[91.6843373,26.1928426],[91.6837595,26.1921851],[91.6837088,26.1920886],[91.6836469,26.1919081],[91.6835805,26.1917204],[91.6835596,26.1916391],[91.6835363,26.1915326],[91.6835215,26.1913088],[91.6835109,26.1910158],[91.6835303,26.1907898],[91.6835807,26.1904784],[91.6836921,26.1901158],[91.6838265,26.1897705],[91.6838846,26.1895395],[91.683907,26.1893936],[91.6839054,26.1892678],[91.6838909,26.1891512],[91.68387,26.1890291],[91.6838037,26.1887756],[91.683731,26.1885003],[91.6832215,26.1873852],[91.6828749,26.1865601],[91.6827244,26.1862064],[91.682491,26.1856752],[91.6824318,26.1855389],[91.68236,26.1855063],[91.6821355,26.1854937]]}},{"type":"Feature","properties":{"id":508333094,"highway":"residential","name":null,"oneway":null,"junction":null},"geometry":{"type":"LineString","coordinates":[[91.6735571,26.1987686],[91.6739286,26.198677],[91.6745991,26.1984797],[91.6757981,26.1980561],[91.6763882,26.1979358],[91.6781209,26.1975651]]}},{"type":"Feature","properties":{"id":508333095,"highway":"residential","name":null,"oneway":null,"junction":null},"geometry":{"type":"LineString","coordinates":[[91.6736081,26.200015],[91.6742853,26.2000151],[91.6746903,26.1999886],[91.6758115,26.1998466]]}},{"type":"Feature","properties":{"id":508333096,"highway":"residential","name":null,"oneway":null,"junction":null},"geometry":{"type":"LineString","coordinates":[[91.673635,26.2012063],[91.6744275,26.2012232],[91.6765384,26.2012016]]}},{"type":"Feature","properties":{"id":508333097,"highway":"residential","name":null,"oneway":null,"junction":null},"geometry":{"type":"LineString","coordinates":[[91.6734892,26.2004951],[91.6730998,26.2005222],[91.6730572,26.1998898]]}},{"type":"Feature","properties":{"id":508333098,"highway":"residential","name":null,"oneway":null,"junction":null},"geometry":{"type":"LineString","coordinates":[[91.6735402,26.2026392],[91.6729227,26.2026864],[91.6722334,26.202761],[91.6720886,26.2027659],[91.6720081,26.202749],[91.6719169,26.2027057],[91.6717399,26.2025589],[91.6716299,26.2024963],[91.6714878,26.2024025],[91.6713751,26.2022894],[91.6712785,26.2022172],[91.6712034,26.2021474],[91.6710479,26.2020992],[91.6709245,26.2020704],[91.6707475,26.2020198],[91.6705275,26.2018899],[91.6703425,26.2018129],[91.6701332,26.2016973],[91.6700072,26.2016372],[91.6699596,26.2016187],[91.669865,26.2015818]]}},{"type":"Feature","properties":{"id":508333099,"highway":"residential","name":null,"oneway":null,"junction":null},"geometry":{"type":"LineString","coordinates":[[91.6707676,26.2003921],[91.6709084,26.2004291],[91.6711525,26.2004385],[91.6713709,26.2004245]]}},{"type":"Feature","properties":{"id":508333100,"highway":"residential","name":null,"oneway":null,"junction":null},"geometry":{"type":"LineString","coordinates":[[91.6735091,26.2011841],[91.6731898,26.2012],[91.6726628,26.2012119]]}},{"type":"Feature","properties":{"id":508333101,"highway":"unclassified","name":null,"oneway":null,"junction":null},"geometry":{"type":"LineString","coordinates":[[91.6734476,26.1989633],[91.673368,26.198949],[91.6732714,26.198949],[91.6731802,26.1989803],[91.6729603,26.19905],[91.6728745,26.1990789],[91.6727377,26.1991006],[91.6725124,26.1991391],[91.672338,26.199168],[91.6722468,26.1991704],[91.6721261,26.1991752],[91.6719625,26.1991487],[91.6718874,26.1991583],[91.6717077,26.1993172],[91.6716085,26.1993798],[91.6714261,26.1994664],[91.6712303,26.1995314],[91.6710532,26.1995964],[91.6709647,26.1996661],[91.6708923,26.1997552],[91.6708467,26.1998539],[91.6708226,26.2000127],[91.6708065,26.2002149],[91.6707877,26.2003593],[91.6707676,26.2003921],[91.6707421,26.2004339],[91.6706643,26.2005157],[91.6705651,26.2005614],[91.6704739,26.2005975],[91.6703881,26.2006384],[91.6703076,26.2006745],[91.6702513,26.200713],[91.6701654,26.2008406],[91.6700823,26.2009393],[91.6699884,26.2010018],[91.669857,26.2010668],[91.6697792,26.2011559]]}},{"type":"Feature","properties":{"id":508372108,"highway":"residential","name":null,"oneway":null,"junction":null},"geometry":{"type":"LineString","coordinates":[[91.6688713,26.1536143],[91.6690647,26.1536557],[91.6693544,26.1536557],[91.6699196,26.1536251],[91.6706342,26.1536238],[91.6707758,26.153626],[91.6709007,26.1535868],[91.671478,26.1533985],[91.6717948,26.153282]]}},{"type":"Feature","properties":{"id":508372114,"highway":"residential","name":null,"oneway":null,"junction":null},"geometry":{"type":"LineString","coordinates":[[91.6689802,26.1562037],[91.6696118,26.1563329],[91.6705057,26.1564386],[91.6714303,26.1565443]]}},{"type":"Feature","properties":{"id":508372116,"highway":"residential","name":null,"oneway":null,"junction":null},"geometry":{"type":"LineString","coordinates":[[91.6664746,26.1533454],[91.6671362,26.153504],[91.6680052,26.15374],[91.6681366,26.1538146],[91.6681339,26.1539181],[91.6680374,26.1541589],[91.6679059,26.154709]]}},{"type":"Feature","properties":{"id":508372118,"highway":"residential","name":null,"oneway":null,"junction":null},"geometry":{"type":"LineString","coordinates":[[91.66843,26.1548179],[91.6679059,26.154709],[91.6661625,26.1543467],[91.665941,26.1543157],[91.6652881,26.1542046],[91.6645049,26.1539109],[91.6633935,26.1534202]]}},{"type":"Feature","properties":{"id":508372120,"highway":"residential","name":null,"oneway":null,"junction":null},"geometry":{"type":"LineString","coordinates":[[91.6678704,26.1558523],[91.6674366,26.1558683]]}},{"type":"Feature","properties":{"id":508372121,"highway":"residential","name":null,"oneway":null,"junction":null},"geometry":{"type":"LineString","coordinates":[[91.6677416,26.1552943],[91.6677504,26.155471],[91.6678704,26.1558523],[91.6679489,26.1561018]]}},{"type":"Feature","properties":{"id":508372123,"highway":"residential","name":null,"oneway":null,"junction":null},"geometry":{"type":"LineString","coordinates":[[91.6666453,26.1551653],[91.6677416,26.1552943],[91.6682815,26.1553579],[91.6686198,26.1554109]]}},{"type":"Feature","properties":{"id":508372130,"highway":"residential","name":null,"oneway":null,"junction":null},"geometry":{"type":"LineString","coordinates":[[91.6655908,26.156035],[91.6656395,26.1559315],[91.6659399,26.1552929],[91.6659801,26.1551388],[91.6659211,26.1550256],[91.6657889,26.1548082],[91.665941,26.1543157]]}},{"type":"Feature","properties":{"id":508372171,"highway":"residential","name":null,"oneway":null,"junction":null},"geometry":{"type":"LineString","coordinates":[[91.6691317,26.1575511],[91.6694107,26.1574259],[91.6695161,26.1572987]]}},{"type":"Feature","properties":{"id":508372179,"highway":"service","name":null,"oneway":null,"junction":null},"geometry":{"type":"LineString","coordinates":[[91.6651044,26.1564508],[91.6655724,26.1566483],[91.6657334,26.1565015],[91.6660016,26.1565544],[91.6661508,26.1566003],[91.6667445,26.1567831],[91.6667708,26.1568373],[91.6667419,26.1569372],[91.6666722,26.1570937]]}},{"type":"Feature","properties":{"id":508372180,"highway":"residential","name":null,"oneway":null,"junction":null},"geometry":{"type":"LineString","coordinates":[[91.6645639,26.1579965],[91.6651044,26.1564508],[91.6652885,26.1559241]]}},{"type":"Feature","properties":{"id":508372181,"highway":"residential","name":null,"oneway":null,"junction":null},"geometry":{"type":"LineString","coordinates":[[91.6631398,26.1577635],[91.6630619,26.1581024]]}},{"type":"Feature","properties":{"id":508372183,"highway":"residential","name":null,"oneway":null,"junction":null},"geometry":{"type":"LineString","coordinates":[[91.6619246,26.1574861],[91.6622572,26.1576017],[91.6631398,26.1577635],[91.6637807,26.1578809],[91.6645639,26.1579965],[91.6674861,26.1584278]]}},{"type":"Feature","properties":{"id":508372292,"highway":"residential","name":null,"oneway":null,"junction":null},"geometry":{"type":"LineString","coordinates":[[91.669648,26.1609765],[91.6697564,26.1606248],[91.6698146,26.1604359],[91.6700157,26.1599183],[91.6694559,26.1597764]]}},{"type":"Feature","properties":{"id":508372295,"highway":"residential","name":null,"oneway":null,"junction":null},"geometry":{"type":"LineString","coordinates":[[91.6687494,26.161216],[91.6693103,26.1612256],[91.6695631,26.1612521],[91.6697234,26.1612689],[91.6708435,26.1615492]]}},{"type":"Feature","properties":{"id":508372297,"highway":"residential","name":null,"oneway":null,"junction":null},"geometry":{"type":"LineString","coordinates":[[91.6678566,26.1611485],[91.6687482,26.1613509]]}},{"type":"Feature","properties":{"id":508372299,"highway":"residential","name":null,"oneway":null,"junction":null},"geometry":{"type":"LineString","coordinates":[[91.6687578,26.1623089],[91.6687417,26.1620586],[91.6687447,26.1617307],[91.6687482,26.1613509],[91.6687494,26.161216],[91.6687524,26.1608837]]}},{"type":"Feature","properties":{"id":508372301,"highway":"residential","name":null,"oneway":null,"junction":null},"geometry":{"type":"LineString","coordinates":[[91.6676044,26.1620947],[91.6676044,26.16254]]}},{"type":"Feature","properties":{"id":508372302,"highway":"residential","name":null,"oneway":null,"junction":null},"geometry":{"type":"LineString","coordinates":[[91.6687417,26.1620586],[91.6676044,26.1620947],[91.6673791,26.1621019]]}},{"type":"Feature","properties":{"id":508372416,"highway":"residential","name":null,"oneway":null,"junction":null},"geometry":{"type":"LineString","coordinates":[[91.6610199,26.1595398],[91.6611701,26.1595687],[91.661256,26.1597805]]}},{"type":"Feature","properties":{"id":508372417,"highway":"residential","name":null,"oneway":null,"junction":null},"geometry":{"type":"LineString","coordinates":[[91.6608302,26.1594437],[91.6610199,26.1595398],[91.6611165,26.1599057]]}},{"type":"Feature","properties":{"id":508372418,"highway":"residential","name":null,"oneway":null,"junction":null},"geometry":{"type":"LineString","coordinates":[[91.6608594,26.1586865],[91.6608376,26.1590679],[91.6608302,26.1594437],[91.6608268,26.1596168],[91.6608697,26.1598479],[91.6609234,26.1599539],[91.6609341,26.1601561]]}},{"type":"Feature","properties":{"id":508372422,"highway":"residential","name":null,"oneway":null,"junction":null},"geometry":{"type":"LineString","coordinates":[[91.6606873,26.1608591],[91.6612238,26.1608206]]}},{"type":"Feature","properties":{"id":508372423,"highway":"residential","name":null,"oneway":null,"junction":null},"geometry":{"type":"LineString","coordinates":[[91.6604025,26.160926],[91.6606873,26.1608591],[91.6607303,26.161042],[91.6608054,26.1612539],[91.6612345,26.1612154]]}},{"type":"Feature","properties":{"id":508372424,"highway":"residential","name":null,"oneway":null,"junction":null},"geometry":{"type":"LineString","coordinates":[[91.6578819,26.1585226],[91.6583914,26.1584131],[91.6589046,26.1583806],[91.6591531,26.1583649],[91.6599149,26.1583649],[91.6600329,26.1584035],[91.6600865,26.1586442],[91.6600758,26.158962],[91.6600543,26.159222],[91.6599658,26.1592776],[91.6598398,26.1593568],[91.659829,26.1595109],[91.6600222,26.1601272],[91.6604025,26.160926],[91.6605586,26.1612539]]}},{"type":"Feature","properties":{"id":508372425,"highway":"residential","name":null,"oneway":null,"junction":null},"geometry":{"type":"LineString","coordinates":[[91.6593281,26.162457],[91.6595823,26.1623998],[91.6598827,26.1622554],[91.6602904,26.1621013],[91.660859,26.1619858],[91.6616529,26.1618509],[91.6619426,26.1618413],[91.6621572,26.1617835],[91.6621787,26.1613887],[91.6621679,26.1607435]]}},{"type":"Feature","properties":{"id":508372427,"highway":"residential","name":null,"oneway":null,"junction":null},"geometry":{"type":"LineString","coordinates":[[91.6560057,26.1659116],[91.656192,26.1657894],[91.6562778,26.1655968],[91.6562812,26.1654566],[91.6562242,26.1644894]]}},{"type":"Feature","properties":{"id":508372428,"highway":"residential","name":null,"oneway":null,"junction":null},"geometry":{"type":"LineString","coordinates":[[91.6578142,26.1622474],[91.6578234,26.1620881],[91.6578556,26.1619135],[91.6581399,26.1618648],[91.6586395,26.1617504],[91.6590998,26.1616079],[91.6599685,26.1612635]]}},{"type":"Feature","properties":{"id":508372429,"highway":"residential","name":null,"oneway":null,"junction":null},"geometry":{"type":"LineString","coordinates":[[91.6573472,26.1622655],[91.6575726,26.1622512],[91.6578142,26.1622474],[91.6580373,26.1622439]]}},{"type":"Feature","properties":{"id":508372430,"highway":"residential","name":null,"oneway":null,"junction":null},"geometry":{"type":"LineString","coordinates":[[91.6577122,26.1642261],[91.6575901,26.1645117]]}},{"type":"Feature","properties":{"id":508372431,"highway":"residential","name":null,"oneway":null,"junction":null},"geometry":{"type":"LineString","coordinates":[[91.6572204,26.1641631],[91.6577122,26.1642261],[91.6588132,26.1643673]]}},{"type":"Feature","properties":{"id":508372432,"highway":"residential","name":null,"oneway":null,"junction":null},"geometry":{"type":"LineString","coordinates":[[91.6578956,26.163307],[91.6577725,26.163828]]}},{"type":"Feature","properties":{"id":508372433,"highway":"residential","name":null,"oneway":null,"junction":null},"geometry":{"type":"LineString","coordinates":[[91.6581955,26.1634019],[91.6581051,26.1638376]]}},{"type":"Feature","properties":{"id":508372436,"highway":"residential","name":null,"oneway":null,"junction":null},"geometry":{"type":"LineString","coordinates":[[91.653084,26.1623354],[91.6535238,26.1621525],[91.6538993,26.162008],[91.6543392,26.1619888],[91.6545002,26.1620176],[91.6545753,26.1623547],[91.6548757,26.1624028],[91.6553477,26.1624799],[91.6556803,26.1627688],[91.6558735,26.1628265],[91.6562704,26.1629614],[91.6569678,26.1631058],[91.657236,26.1631792],[91.6576544,26.1632021],[91.6578956,26.163307],[91.6580085,26.1633562],[91.6581955,26.1634019],[91.6584806,26.1634717],[91.6589419,26.1635006],[91.6592745,26.1634525],[91.659414,26.1633863]]}},{"type":"Feature","properties":{"id":508372460,"highway":"residential","name":null,"oneway":null,"junction":null},"geometry":{"type":"LineString","coordinates":[[91.6574023,26.1620718],[91.657354,26.1622018],[91.6573472,26.1622655],[91.6573058,26.1626496],[91.657236,26.1631792],[91.6572521,26.1637185],[91.6572467,26.1640363],[91.6572204,26.1641631],[91.6571877,26.1643203],[91.6570804,26.1646525],[91.6570322,26.1649125],[91.6570214,26.1652255],[91.6569356,26.1653699],[91.656603,26.1654229],[91.6562812,26.1654566]]}},{"type":"Feature","properties":{"id":508372467,"highway":"residential","name":null,"oneway":null,"junction":null},"geometry":{"type":"LineString","coordinates":[[91.6610899,26.1668377],[91.6609911,26.1664147],[91.6606102,26.1655481],[91.6597466,26.164017],[91.659414,26.1633863],[91.6592316,26.1628085],[91.6592262,26.162534],[91.6593281,26.162457],[91.659355,26.1622885],[91.6592691,26.1619514],[91.6590998,26.1616079],[91.6590009,26.1614074],[91.6586898,26.160507],[91.6584461,26.1599085],[91.6578819,26.1585226],[91.657692,26.1580562],[91.6575113,26.1577396],[91.6572038,26.15737],[91.6570949,26.1571301],[91.6570312,26.1570125],[91.6568739,26.1566357],[91.6567863,26.1564125]]}},{"type":"Feature","properties":{"id":508372469,"highway":"residential","name":null,"oneway":null,"junction":null},"geometry":{"type":"LineString","coordinates":[[91.6571131,26.1669032],[91.657118,26.166564]]}},{"type":"Feature","properties":{"id":508372471,"highway":"residential","name":null,"oneway":null,"junction":null},"geometry":{"type":"LineString","coordinates":[[91.6589093,26.1668788],[91.658899,26.1675076],[91.6588936,26.1676665],[91.6589258,26.1678061],[91.6589473,26.1679121],[91.6589178,26.168278]]}},{"type":"Feature","properties":{"id":508372473,"highway":"service","name":null,"oneway":null,"junction":null},"geometry":{"type":"LineString","coordinates":[[91.6575527,26.1668972],[91.6574881,26.1675462]]}},{"type":"Feature","properties":{"id":508372476,"highway":"residential","name":null,"oneway":null,"junction":null},"geometry":{"type":"LineString","coordinates":[[91.6570424,26.1669042],[91.6570483,26.167238],[91.6569732,26.1672958],[91.6567908,26.1673295],[91.6567157,26.1674306],[91.656662,26.1676858],[91.6566084,26.1677099]]}},{"type":"Feature","properties":{"id":508372478,"highway":"residential","name":null,"oneway":null,"junction":null},"geometry":{"type":"LineString","coordinates":[[91.6560988,26.1669106],[91.6561202,26.1669588],[91.656206,26.1672043],[91.656367,26.167628],[91.6564045,26.1678158],[91.6564071,26.1680668]]}},{"type":"Feature","properties":{"id":508372480,"highway":"residential","name":null,"oneway":null,"junction":null},"geometry":{"type":"LineString","coordinates":[[91.6583143,26.1664532],[91.6585718,26.1664918],[91.6586844,26.1664629],[91.6587434,26.1661692]]}},{"type":"Feature","properties":{"id":508372483,"highway":"residential","name":null,"oneway":null,"junction":null},"geometry":{"type":"LineString","coordinates":[[91.658197,26.1668885],[91.6582016,26.166511],[91.6583143,26.1664532],[91.6583786,26.1662847],[91.658443,26.1656492]]}},{"type":"Feature","properties":{"id":508372485,"highway":"residential","name":null,"oneway":null,"junction":null},"geometry":{"type":"LineString","coordinates":[[91.6609267,26.164537],[91.6619247,26.1666889]]}},{"type":"Feature","properties":{"id":508372486,"highway":"residential","name":null,"oneway":null,"junction":null},"geometry":{"type":"LineString","coordinates":[[91.6601274,26.1656636],[91.6601437,26.166862]]}},{"type":"Feature","properties":{"id":508372488,"highway":"residential","name":null,"oneway":null,"junction":null},"geometry":{"type":"LineString","coordinates":[[91.6603313,26.166251],[91.6603637,26.166859]]}},{"type":"Feature","properties":{"id":508372490,"highway":"residential","name":null,"oneway":null,"junction":null},"geometry":{"type":"LineString","coordinates":[[91.6609267,26.1674017],[91.6615383,26.1672573],[91.6617797,26.1671851],[91.6618776,26.1671532]]}},{"type":"Feature","properties":{"id":508372492,"highway":"residential","name":null,"oneway":null,"junction":null},"geometry":{"type":"LineString","coordinates":[[91.660685,26.1668546],[91.6607229,26.1674691],[91.6606639,26.1677869],[91.660621,26.1680517],[91.6606152,26.1684387]]}},{"type":"Feature","properties":{"id":508372494,"highway":"residential","name":null,"oneway":null,"junction":null},"geometry":{"type":"LineString","coordinates":[[91.6617716,26.1667999],[91.6618776,26.1671532],[91.662241,26.1683646],[91.6622716,26.1685328]]}},{"type":"Feature","properties":{"id":508372496,"highway":"residential","name":null,"oneway":null,"junction":null},"geometry":{"type":"LineString","coordinates":[[91.6623812,26.1666051],[91.662402,26.1659188]]}},{"type":"Feature","properties":{"id":508372498,"highway":"residential","name":null,"oneway":null,"junction":null},"geometry":{"type":"LineString","coordinates":[[91.6627587,26.166588],[91.6627721,26.1661788]]}},{"type":"Feature","properties":{"id":508372501,"highway":"residential","name":null,"oneway":null,"junction":null},"geometry":{"type":"LineString","coordinates":[[91.6629534,26.1665771],[91.6629652,26.1669732]]}},{"type":"Feature","properties":{"id":508372502,"highway":"residential","name":null,"oneway":null,"junction":null},"geometry":{"type":"LineString","coordinates":[[91.6631177,26.1665679],[91.6631101,26.1658321]]}},{"type":"Feature","properties":{"id":508372507,"highway":"residential","name":null,"oneway":null,"junction":null},"geometry":{"type":"LineString","coordinates":[[91.6687346,26.1655529],[91.6688632,26.1655487],[91.6694656,26.1655463],[91.67,26.1655441]]}},{"type":"Feature","properties":{"id":508372508,"highway":"residential","name":null,"oneway":null,"junction":null},"geometry":{"type":"LineString","coordinates":[[91.6646309,26.1654614],[91.6651721,26.165478],[91.6658164,26.1655096]]}},{"type":"Feature","properties":{"id":508372509,"highway":"residential","name":null,"oneway":null,"junction":null},"geometry":{"type":"LineString","coordinates":[[91.66521,26.1651357],[91.6654139,26.1637052]]}},{"type":"Feature","properties":{"id":508372511,"highway":"residential","name":null,"oneway":null,"junction":null},"geometry":{"type":"LineString","coordinates":[[91.6653985,26.1689086],[91.665339,26.1686439],[91.6653068,26.1683646],[91.6653068,26.1680661],[91.6653282,26.1678206],[91.6654677,26.1676184],[91.6655428,26.1674017],[91.6655589,26.1670502],[91.6656002,26.1666585]]}},{"type":"Feature","properties":{"id":508372512,"highway":"residential","name":null,"oneway":null,"junction":null},"geometry":{"type":"LineString","coordinates":[[91.6671843,26.1659958],[91.667179,26.1662221],[91.6671803,26.1664291],[91.6671655,26.1667205],[91.667171,26.1668624]]}},{"type":"Feature","properties":{"id":508372513,"highway":"residential","name":null,"oneway":null,"junction":null},"geometry":{"type":"LineString","coordinates":[[91.6511075,26.1665636],[91.6527648,26.1665399],[91.6536231,26.1665303],[91.654417,26.1663762],[91.6548515,26.1663521],[91.6549696,26.1665014],[91.6551198,26.1668528],[91.6554684,26.1669106],[91.6560988,26.1669106],[91.6563133,26.1669106],[91.6565681,26.1669106],[91.6570424,26.1669042],[91.6571131,26.1669032],[91.6575527,26.1668972],[91.658197,26.1668885],[91.658853,26.1668796],[91.6589093,26.1668788],[91.6601437,26.166862],[91.6603637,26.166859],[91.660685,26.1668546],[91.6608168,26.1668528],[91.6610899,26.1668377],[91.6617716,26.1667999],[91.6618736,26.1667277],[91.6619247,26.1666889],[91.662013,26.1666217],[91.6623812,26.1666051],[91.6627587,26.166588],[91.6629534,26.1665771],[91.6631177,26.1665679],[91.663617,26.1665399],[91.6639228,26.1664629],[91.6643305,26.1662751],[91.6645558,26.1662606],[91.6647596,26.1664966],[91.6648286,26.1665188],[91.6650278,26.1665832],[91.6654945,26.166641],[91.6656002,26.1666585],[91.6661329,26.1667469],[91.6667659,26.1668432],[91.667171,26.1668624],[91.6672648,26.1668914],[91.6672809,26.1670996],[91.667292,26.1672079],[91.6673024,26.1672729],[91.667753,26.1672958],[91.6681767,26.1673247],[91.6694481,26.1673343],[91.6698075,26.1672428],[91.6700489,26.1672139]]}},{"type":"Feature","properties":{"id":508372514,"highway":"tertiary","name":null,"oneway":null,"junction":null},"geometry":{"type":"LineString","coordinates":[[91.6699558,26.1688941],[91.6699041,26.1693179],[91.6698914,26.1694081],[91.6698696,26.1694764],[91.6698106,26.1694873],[91.6694749,26.1694335],[91.6685737,26.1692794],[91.6675168,26.169144],[91.6674365,26.1691446],[91.6653985,26.1689086],[91.6647757,26.1688365],[91.6624368,26.1685476],[91.6622716,26.1685328],[91.6620077,26.1685091],[91.6606152,26.1684387],[91.6604842,26.168432],[91.6589178,26.168278],[91.6575069,26.1681384],[91.6564071,26.1680668],[91.6560263,26.1680421],[91.6550178,26.1679265],[91.6538538,26.1677099],[91.6527058,26.1674354],[91.6522605,26.1672814],[91.6512306,26.166848],[91.6511075,26.1665636],[91.6510159,26.1665447],[91.6511286,26.165187]]}},{"type":"Feature","properties":{"id":508372515,"highway":"residential","name":null,"oneway":null,"junction":null},"geometry":{"type":"LineString","coordinates":[[91.6613019,26.1825416],[91.6614143,26.1830602],[91.6614801,26.1833868],[91.6615043,26.1834138],[91.6615445,26.1834292],[91.6616971,26.1834285],[91.6619794,26.1834233],[91.6630232,26.1834863],[91.6632081,26.1835171],[91.6632673,26.183544]]}},{"type":"Feature","properties":{"id":508372516,"highway":"residential","name":null,"oneway":null,"junction":null},"geometry":{"type":"LineString","coordinates":[[91.6679268,26.1850417],[91.668107,26.1846632]]}},{"type":"Feature","properties":{"id":508372517,"highway":"residential","name":null,"oneway":null,"junction":null},"geometry":{"type":"LineString","coordinates":[[91.6674596,26.1848829],[91.6679268,26.1850417],[91.6681902,26.1851663],[91.6699782,26.1860379]]}},{"type":"Feature","properties":{"id":508372518,"highway":"residential","name":null,"oneway":null,"junction":null},"geometry":{"type":"LineString","coordinates":[[91.6638145,26.183532],[91.6639952,26.1844683]]}},{"type":"Feature","properties":{"id":508372519,"highway":"residential","name":null,"oneway":null,"junction":null},"geometry":{"type":"LineString","coordinates":[[91.6629656,26.1836186],[91.6630781,26.184453]]}},{"type":"Feature","properties":{"id":508372520,"highway":"residential","name":null,"oneway":null,"junction":null},"geometry":{"type":"LineString","coordinates":[[91.6677074,26.1841169],[91.6674499,26.1833081]]}},{"type":"Feature","properties":{"id":508372521,"highway":"residential","name":null,"oneway":null,"junction":null},"geometry":{"type":"LineString","coordinates":[[91.6671185,26.184322],[91.6669463,26.1837087],[91.6668973,26.1835344]]}},{"type":"Feature","properties":{"id":508372522,"highway":"residential","name":null,"oneway":null,"junction":null},"geometry":{"type":"LineString","coordinates":[[91.6652763,26.18384],[91.6650734,26.1829567],[91.6650414,26.1827674],[91.6650466,26.1827147],[91.6650796,26.1826734],[91.6651198,26.1826483],[91.6655905,26.1825929],[91.6663437,26.1825134],[91.6664697,26.182508],[91.6671244,26.1825377],[91.6672829,26.182517],[91.6673909,26.1824818],[91.6674794,26.1824521],[91.6675769,26.1824273],[91.6679112,26.1823935]]}},{"type":"Feature","properties":{"id":508372523,"highway":"residential","name":null,"oneway":null,"junction":null},"geometry":{"type":"LineString","coordinates":[[91.6666979,26.1844225],[91.6665433,26.183881],[91.6664521,26.1833514],[91.6664304,26.183184],[91.6663437,26.1825134],[91.6662485,26.1817614],[91.666242,26.1816785],[91.6662483,26.1815956],[91.6662635,26.1814022]]}},{"type":"Feature","properties":{"id":508372524,"highway":"residential","name":null,"oneway":null,"junction":null},"geometry":{"type":"LineString","coordinates":[[91.6677601,26.1841323],[91.6677074,26.1841169],[91.6674606,26.184218],[91.6671185,26.184322],[91.6667683,26.1844594]]}},{"type":"Feature","properties":{"id":508372525,"highway":"residential","name":null,"oneway":null,"junction":null},"geometry":{"type":"LineString","coordinates":[[91.6662495,26.1865894],[91.666493,26.1865315],[91.6666774,26.1864835],[91.6670029,26.1864063],[91.6672814,26.1863546]]}},{"type":"Feature","properties":{"id":508372526,"highway":"residential","name":null,"oneway":null,"junction":null},"geometry":{"type":"LineString","coordinates":[[91.6659694,26.1842743],[91.6660808,26.184753],[91.6660896,26.1847808],[91.6661073,26.1847986],[91.6662834,26.1848506],[91.6663145,26.1848703],[91.6663267,26.1848958],[91.6663293,26.1849994]]}},{"type":"Feature","properties":{"id":508372527,"highway":"residential","name":null,"oneway":null,"junction":null},"geometry":{"type":"LineString","coordinates":[[91.6673631,26.1855905],[91.6672441,26.185482],[91.6671973,26.1854316],[91.6671566,26.1853839],[91.6670065,26.1852162],[91.6669528,26.1851824],[91.666872,26.1851493],[91.6667238,26.1851029],[91.6665558,26.1850523],[91.6663293,26.1849994],[91.6660255,26.1849244],[91.6658298,26.1848726],[91.6651593,26.1846897]]}},{"type":"Feature","properties":{"id":508372528,"highway":"residential","name":null,"oneway":null,"junction":null},"geometry":{"type":"LineString","coordinates":[[91.6697869,26.1870423],[91.6697813,26.1866827],[91.6697566,26.1864179],[91.6697239,26.1861808]]}},{"type":"Feature","properties":{"id":508372529,"highway":"residential","name":null,"oneway":null,"junction":null},"geometry":{"type":"LineString","coordinates":[[91.6672437,26.1877886],[91.6673161,26.1877718],[91.6674293,26.1877313],[91.6675092,26.1876907],[91.6676537,26.1875933],[91.6678409,26.1874622],[91.6679917,26.1873421],[91.6681097,26.187226],[91.6682095,26.1871099],[91.6682742,26.1870408],[91.6683295,26.1869907],[91.668673,26.1867501],[91.6693221,26.1863938],[91.6696654,26.1862013],[91.6697239,26.1861808],[91.6698853,26.1861243],[91.6699939,26.1861063],[91.6701213,26.1860857],[91.670667,26.1859754],[91.6710439,26.185894]]}},{"type":"Feature","properties":{"id":508372531,"highway":"residential","name":null,"oneway":null,"junction":null},"geometry":{"type":"LineString","coordinates":[[91.6683661,26.190748],[91.6685614,26.1907657],[91.6687588,26.190782],[91.6688165,26.1907818],[91.6688827,26.1907661],[91.6689415,26.1907255],[91.6689788,26.1906463],[91.6690156,26.1906252],[91.66913,26.1905943],[91.6693864,26.190524]]}},{"type":"Feature","properties":{"id":508372532,"highway":"residential","name":null,"oneway":null,"junction":null},"geometry":{"type":"LineString","coordinates":[[91.6690753,26.1914627],[91.6687051,26.1912798],[91.6684262,26.190861],[91.6683661,26.190748],[91.6683452,26.1906774],[91.6683328,26.190603],[91.6683127,26.1903876],[91.6683125,26.1903267],[91.6685013,26.1895757],[91.6685975,26.1892148],[91.668621,26.1891268]]}},{"type":"Feature","properties":{"id":508372533,"highway":"residential","name":null,"oneway":null,"junction":null},"geometry":{"type":"LineString","coordinates":[[91.6667272,26.1908357],[91.6657279,26.1908273]]}},{"type":"Feature","properties":{"id":508372534,"highway":"residential","name":null,"oneway":null,"junction":null},"geometry":{"type":"LineString","coordinates":[[91.6684332,26.1928069],[91.6680268,26.1927123],[91.6678438,26.1926722],[91.6678194,26.1924679],[91.6677707,26.1924241],[91.6671446,26.1924314],[91.6670429,26.1922235],[91.6669088,26.1920301],[91.6668234,26.19172],[91.6667694,26.1914398],[91.6667525,26.191275],[91.6667149,26.1909139],[91.6667272,26.1908357],[91.6668008,26.1903652],[91.6668265,26.1901418],[91.6668377,26.1900133],[91.6667998,26.1896178],[91.6667862,26.1893952]]}},{"type":"Feature","properties":{"id":508372535,"highway":"residential","name":null,"oneway":null,"junction":null},"geometry":{"type":"LineString","coordinates":[[91.6656511,26.1918441],[91.6654634,26.1917557],[91.6653407,26.1915898],[91.6650226,26.1911229],[91.6647513,26.1907184],[91.6645758,26.1903255],[91.6645048,26.1901293],[91.6644073,26.189873],[91.6643965,26.1898128],[91.6644099,26.189761],[91.6644475,26.1897033],[91.664544,26.1896359],[91.6646218,26.1896058],[91.6650121,26.1895131],[91.6651046,26.189483],[91.6651757,26.189453],[91.6652521,26.1894084],[91.6660122,26.1889499],[91.6663854,26.1887177],[91.6664632,26.1886659],[91.6665249,26.1886238],[91.6666764,26.1884337],[91.666895,26.1881701],[91.6670023,26.1880558],[91.6671069,26.1879727],[91.66719,26.1879138],[91.6672772,26.1878692],[91.6673563,26.1878355]]}},{"type":"Feature","properties":{"id":508393155,"highway":"unclassified","name":null,"oneway":null,"junction":null},"geometry":{"type":"LineString","coordinates":[[91.6702486,26.164378],[91.6702512,26.1639351],[91.6702754,26.163509],[91.6703532,26.1630034],[91.6704184,26.1625699],[91.6704261,26.1625189],[91.670447,26.1623799],[91.6705206,26.1621084],[91.6705436,26.1620573],[91.6706965,26.1618334],[91.6708435,26.1615492],[91.6710988,26.1611256],[91.6714072,26.1605045],[91.6715097,26.1602578]]}},{"type":"Feature","properties":{"id":508682543,"highway":"residential","name":null,"oneway":null,"junction":null},"geometry":{"type":"LineString","coordinates":[[91.6826008,26.1679699],[91.6823835,26.1679867],[91.6820831,26.1680156],[91.6816674,26.1680276],[91.681316,26.1680565]]}},{"type":"Feature","properties":{"id":508682546,"highway":"trunk","name":null,"oneway":"yes","junction":null},"geometry":{"type":"LineString","coordinates":[[91.6712307,26.1878991],[91.6712394,26.1880786],[91.6712162,26.1884114],[91.6711814,26.1887963],[91.6711437,26.1891422],[91.6711292,26.1892827],[91.6711002,26.1894543],[91.6710655,26.1895999],[91.6710018,26.1897835],[91.6709278,26.1899367],[91.6708583,26.1900381],[91.6708017,26.1901174],[91.670738,26.1902007]]}},{"type":"Feature","properties":{"id":508682548,"highway":"trunk","name":"New Saraighat Bridge","oneway":"yes","junction":null},"geometry":{"type":"LineString","coordinates":[[91.6722769,26.1675762],[91.6722929,26.1681877],[91.67225,26.1690976],[91.6722126,26.1699567],[91.6721978,26.1703636],[91.6720569,26.1730768],[91.6719684,26.1746198],[91.6718987,26.1757728],[91.6718155,26.1770751],[91.6717672,26.1780427],[91.6717163,26.1788443],[91.6716626,26.1797999],[91.6716331,26.1803126],[91.6716117,26.1805388],[91.6715687,26.1808542],[91.6715218,26.1811887],[91.6714856,26.1815522],[91.67144,26.1821058],[91.6713837,26.1830879]]}},{"type":"Feature","properties":{"id":508682549,"highway":"tertiary","name":null,"oneway":null,"junction":null},"geometry":{"type":"LineString","coordinates":[[91.6553616,26.152212],[91.6556579,26.1522575],[91.6558912,26.1523322],[91.6561541,26.1524405],[91.6566988,26.1527123],[91.6570322,26.1528565],[91.657373,26.1530038],[91.6575137,26.1530566],[91.6579264,26.1532139],[91.6579889,26.1532351],[91.6582691,26.1533386],[91.6587132,26.1535027],[91.658879,26.1535639],[91.6596919,26.1538642],[91.6600737,26.1540052],[91.6604685,26.154151],[91.6605716,26.1541891],[91.6612944,26.1544561],[91.661873,26.1546698],[91.6623004,26.1548277],[91.6627081,26.1549773],[91.6635961,26.1553031],[91.6643866,26.1555931],[91.6647093,26.1557116],[91.6652885,26.1559241],[91.6655908,26.156035],[91.66636,26.1563172],[91.667526,26.156745],[91.6680119,26.156905],[91.6683799,26.1570261],[91.6689198,26.1571563],[91.669396,26.1572711],[91.6695161,26.1572987],[91.6699945,26.1574087],[91.6709938,26.1575208]]}},{"type":"Feature","properties":{"id":508686071,"highway":"trunk","name":null,"oneway":"yes","junction":null},"geometry":{"type":"LineString","coordinates":[[91.6725847,26.1698282],[91.6726121,26.1696212],[91.6726121,26.1694912],[91.6725934,26.169401],[91.6725585,26.1693323],[91.6724968,26.1692312],[91.6724458,26.1691422]]}},{"type":"Feature","properties":{"id":508686075,"highway":"trunk_link","name":"Flyover Ramp","oneway":"yes","junction":null},"geometry":{"type":"LineString","coordinates":[[91.6728508,26.1583703],[91.6725638,26.1586472],[91.6723627,26.1587989],[91.67225,26.1588494],[91.672132,26.1588687],[91.6720059,26.1588591],[91.6719201,26.1588326],[91.671786,26.1587652]]}},{"type":"Feature","properties":{"id":508686078,"highway":"trunk","name":"Flyover","oneway":"yes","junction":null},"geometry":{"type":"LineString","coordinates":[[91.6749886,26.1564925],[91.6756805,26.156023],[91.6759676,26.1557798],[91.6762355,26.1554935]]}},{"type":"Feature","properties":{"id":508686081,"highway":"trunk","name":"Flyover","oneway":"yes","junction":null},"geometry":{"type":"LineString","coordinates":[[91.6760011,26.1555813],[91.6759072,26.155698],[91.675804,26.1557919],[91.675647,26.1559074],[91.6748947,26.1564106]]}},{"type":"Feature","properties":{"id":508686084,"highway":"trunk_link","name":"Flyover Ramp","oneway":"yes","junction":null},"geometry":{"type":"LineString","coordinates":[[91.6737628,26.1563625],[91.6738487,26.156445],[91.6739158,26.1565442],[91.6739603,26.1566538],[91.673972,26.1567718],[91.6739595,26.1568711],[91.6739237,26.1569788],[91.6737467,26.1572725]]}},{"type":"Feature","properties":{"id":508686087,"highway":"trunk_link","name":"Flyover Ramp","oneway":"yes","junction":null},"geometry":{"type":"LineString","coordinates":[[91.6738969,26.1573351],[91.6746419,26.156915],[91.6747427,26.1568812],[91.6749325,26.1568779],[91.6751612,26.1568778],[91.6752818,26.1568568],[91.6753989,26.15682],[91.6754964,26.1567629],[91.6755975,26.156674],[91.6756617,26.1565783],[91.6756993,26.1564684],[91.675718,26.1563729],[91.6757154,26.156271],[91.6756833,26.1561313],[91.6755974,26.1559917],[91.675474,26.1558906],[91.6753556,26.1558315],[91.675216,26.155801],[91.6750549,26.155793],[91.6744434,26.1558215],[91.6738298,26.1558684],[91.6735643,26.1558954],[91.6732424,26.1559291],[91.6729259,26.1560639],[91.6727167,26.1562084]]}},{"type":"Feature","properties":{"id":508686089,"highway":"trunk_link","name":null,"oneway":"yes","junction":null},"geometry":{"type":"LineString","coordinates":[[91.6702999,26.1590568],[91.6707292,26.1589578],[91.6709679,26.1589361],[91.6710833,26.1589481],[91.6712254,26.1589842],[91.6713434,26.1590468],[91.6714776,26.1591841],[91.6715983,26.1593815],[91.6716975,26.1596319],[91.6717216,26.1599761],[91.671727,26.1603059]]}},{"type":"Feature","properties":{"id":508686095,"highway":"trunk","name":"Flyover","oneway":"yes","junction":null},"geometry":{"type":"LineString","coordinates":[[91.6748947,26.1564106],[91.6741008,26.1569884],[91.6737467,26.1572725],[91.6735697,26.1574651],[91.6732961,26.1577564],[91.6730386,26.1581007],[91.6728508,26.1583703],[91.6726094,26.1587989],[91.6723799,26.1591917]]}},{"type":"Feature","properties":{"id":508686096,"highway":"trunk","name":"Flyover","oneway":"yes","junction":null},"geometry":{"type":"LineString","coordinates":[[91.6724998,26.1592624],[91.6726899,26.1589385],[91.6731405,26.1581922],[91.6734195,26.1578311],[91.6736609,26.157547],[91.6738969,26.1573351],[91.6741759,26.1570992],[91.6749886,26.1564925]]}},{"type":"Feature","properties":{"id":508686097,"highway":"trunk_link","name":null,"oneway":"yes","junction":null},"geometry":{"type":"LineString","coordinates":[[91.6740632,26.1573929],[91.6748303,26.1569258],[91.6750668,26.1566646],[91.6751441,26.1565791],[91.6755438,26.1562686],[91.6759622,26.1559243],[91.6762382,26.1556085],[91.6762355,26.1554935]]}},{"type":"Feature","properties":{"id":508686099,"highway":"trunk_link","name":null,"oneway":"yes","junction":null},"geometry":{"type":"LineString","coordinates":[[91.6760011,26.1555813],[91.6755741,26.1558348],[91.675245,26.1560302],[91.6749805,26.1561891],[91.6747552,26.1562373],[91.6744548,26.1562421],[91.6734517,26.1561506],[91.6732049,26.1561699],[91.6729581,26.1562662],[91.672647,26.1565214],[91.671738,26.1573934],[91.6716734,26.1574699],[91.6715965,26.1575772]]}},{"type":"Feature","properties":{"id":508686100,"highway":"trunk_link","name":null,"oneway":"yes","junction":null},"geometry":{"type":"LineString","coordinates":[[91.6731848,26.1575434],[91.6728035,26.157386]]}},{"type":"Feature","properties":{"id":508686101,"highway":"trunk_link","name":"Flyover Ramp","oneway":"yes","junction":null},"geometry":{"type":"LineString","coordinates":[[91.671786,26.1587652],[91.6717029,26.158705],[91.6716331,26.1586352],[91.6715795,26.1585437],[91.6715312,26.158457],[91.6715097,26.1583655],[91.6715312,26.1582018],[91.6715822,26.1580453],[91.6716573,26.1579105],[91.6717136,26.1578383],[91.6718128,26.1577709],[91.6721602,26.1576373]]}},{"type":"Feature","properties":{"id":508686106,"highway":"primary","name":"Assam Trunk Road Flyover","oneway":"yes","junction":null},"geometry":{"type":"LineString","coordinates":[[91.6889465,26.1588564],[91.689336,26.1588905],[91.6899727,26.1589557],[91.6904927,26.1590045],[91.6908562,26.1590259],[91.6910875,26.1590426],[91.6916442,26.1590935],[91.6923796,26.1591434],[91.6930578,26.159162],[91.6937719,26.1591437]]}},{"type":"Feature","properties":{"id":508977077,"highway":"trunk_link","name":null,"oneway":"yes","junction":null},"geometry":{"type":"LineString","coordinates":[[91.67516,26.1577741],[91.6751093,26.1577323],[91.6749886,26.1576168],[91.6749242,26.157429],[91.6749108,26.1572316],[91.6749349,26.1570847],[91.6749966,26.1568151],[91.6750668,26.1566646]]}},{"type":"Feature","properties":{"id":509783197,"highway":"residential","name":null,"oneway":null,"junction":null},"geometry":{"type":"LineString","coordinates":[[91.6683095,26.1947247],[91.6680152,26.194599],[91.6672747,26.1944232],[91.6666608,26.1942554],[91.6664575,26.1940949],[91.6664179,26.1940545],[91.6663681,26.1940037],[91.6662664,26.1937739],[91.6661729,26.1935258],[91.6660835,26.1933799],[91.6659493,26.193099],[91.6658355,26.1927014],[91.6656851,26.1920447],[91.6656484,26.1918946],[91.6656511,26.1918441],[91.6656752,26.1917935],[91.6657047,26.1917526],[91.6657718,26.1917189],[91.6658737,26.1916876],[91.6662304,26.1915986],[91.6667694,26.1914398]]}},{"type":"Feature","properties":{"id":510186674,"highway":"tertiary","name":null,"oneway":null,"junction":null},"geometry":{"type":"LineString","coordinates":[[91.6568439,26.2063732],[91.6566962,26.2062673],[91.6566664,26.2062459],[91.6561134,26.2058017],[91.6556292,26.2054645],[91.6555924,26.2054446],[91.6555351,26.2054135],[91.6553642,26.2053414],[91.6552046,26.2052821],[91.6550519,26.2052493],[91.6547306,26.2052135],[91.6545987,26.2051949],[91.6544933,26.2051619],[91.6543297,26.2050755],[91.6542178,26.2050118],[91.6538081,26.2047783],[91.6534378,26.2045656],[91.6533602,26.2044895],[91.6532729,26.2043839],[91.6532057,26.2042876],[91.6531688,26.2041805],[91.6530978,26.2038486],[91.6530528,26.2037422],[91.6529322,26.2035702],[91.6528366,26.2034778],[91.6526299,26.2032893],[91.6522363,26.2030046],[91.6521339,26.2029503],[91.6520065,26.2029048],[91.6518677,26.2028555],[91.651742,26.2028109],[91.6513212,26.2026735],[91.6511767,26.2026349],[91.6509289,26.2026095],[91.6507974,26.2025827],[91.6507027,26.2025532],[91.6504516,26.2024748],[91.650349,26.2024261],[91.6501372,26.2022957],[91.6497029,26.2020239],[91.6495289,26.201935],[91.6494304,26.2018904],[91.64904,26.2017357],[91.6488615,26.2016814],[91.6484262,26.2015829],[91.6479484,26.2014686],[91.6470332,26.2012802],[91.6469897,26.2012814],[91.6469394,26.2013037],[91.6469079,26.2013344],[91.6468944,26.2013789],[91.6468606,26.2016773],[91.6468478,26.201708],[91.6468391,26.2017164],[91.6468254,26.20172],[91.6467804,26.2017237],[91.6466805,26.2017243],[91.6465612,26.2017164],[91.6464878,26.2017174],[91.646109,26.2016534],[91.6456876,26.2016132],[91.6455944,26.2016055],[91.6455359,26.2015853],[91.6454926,26.2015497],[91.6454673,26.2014947],[91.645424,26.2012615],[91.6453879,26.2011288],[91.6453369,26.20099]]}},{"type":"Feature","properties":{"id":510186675,"highway":"residential","name":null,"oneway":null,"junction":null},"geometry":{"type":"LineString","coordinates":[[91.6449965,26.2030791],[91.6460402,26.2032151],[91.6463567,26.2032627],[91.6466255,26.2032976],[91.646829,26.2033229],[91.6470399,26.2033533],[91.6473378,26.2034045],[91.6474202,26.2034197],[91.6474956,26.203429],[91.6475362,26.2034275],[91.6475637,26.2034161],[91.6475905,26.2033872],[91.6476066,26.2033553],[91.6476759,26.2028424],[91.6476898,26.2027156],[91.6476868,26.2026693],[91.6476655,26.2026258],[91.6476291,26.2026067],[91.6471956,26.2024846]]}},{"type":"Feature","properties":{"id":510186679,"highway":"residential","name":null,"oneway":null,"junction":null},"geometry":{"type":"LineString","coordinates":[[91.6428279,26.1923951],[91.642927,26.1924383],[91.6429687,26.1924599],[91.642994,26.1924824],[91.6430194,26.1925222],[91.6430356,26.1925513],[91.6430486,26.192612],[91.6430663,26.1927265],[91.6430713,26.192755],[91.6430851,26.1927851],[91.6431786,26.1929308],[91.6436174,26.1938003],[91.6440335,26.1943335],[91.6444653,26.1948162],[91.6446889,26.195026],[91.6450846,26.1953974],[91.6453145,26.1956068],[91.64541,26.1956776],[91.6456866,26.1958377],[91.6458915,26.1959556],[91.6463969,26.1962463],[91.6472577,26.1966994],[91.6476276,26.1969029],[91.6477765,26.1969826],[91.6478517,26.1970177],[91.6479135,26.1970351],[91.6479948,26.1970445],[91.6480719,26.1970523],[91.6485199,26.1971378],[91.6485997,26.1971649],[91.6486432,26.1971949],[91.6486714,26.1972587],[91.6486862,26.1973448],[91.648671,26.1976258],[91.6486607,26.1980706],[91.6486629,26.1982277],[91.6486868,26.1985012],[91.6487424,26.1987901],[91.6487927,26.1989232],[91.6488217,26.1989706],[91.649073,26.1992145],[91.6494186,26.1995242],[91.6497715,26.1999159],[91.6500003,26.2001818],[91.6500341,26.2002333],[91.650043,26.2003032],[91.6500411,26.2003865],[91.6500239,26.2004945],[91.649974,26.2006906],[91.6499491,26.2007549],[91.6499371,26.20085],[91.6499315,26.2009128],[91.6499137,26.2009949],[91.6498732,26.2010886],[91.6497871,26.2012608],[91.6496507,26.2014683],[91.6496039,26.2015307],[91.6495602,26.2016222],[91.6494304,26.2018904]]}},{"type":"Feature","properties":{"id":510187309,"highway":"residential","name":null,"oneway":null,"junction":null},"geometry":{"type":"LineString","coordinates":[[91.644626,26.1901329],[91.6449902,26.1896588],[91.6452183,26.1893858],[91.645342,26.1892739],[91.6454974,26.1891665],[91.6457296,26.1890545],[91.6486331,26.1878725],[91.6499851,26.1873961],[91.6500282,26.1871663],[91.6500319,26.1870772],[91.6500247,26.1869734],[91.649929,26.1864546],[91.649929,26.1864286],[91.6499345,26.1864113],[91.6499493,26.1863902],[91.6499701,26.1863749],[91.6500209,26.1863496],[91.6516627,26.185662],[91.6531484,26.1850039],[91.6547095,26.1842158],[91.6561243,26.1835373],[91.6577423,26.182866],[91.6602608,26.1822986],[91.661057,26.1821319],[91.6611017,26.1821454],[91.661134,26.1821975],[91.6611168,26.1822687],[91.6609452,26.1826019],[91.6609205,26.182651],[91.6609172,26.1827001],[91.6609945,26.1830621],[91.6611125,26.1835165],[91.6611704,26.1835685],[91.6612605,26.1836012],[91.6621081,26.1835492],[91.6626167,26.1835628],[91.6627025,26.1835858],[91.6627642,26.1836242],[91.6628087,26.1836704]]}},{"type":"Feature","properties":{"id":510187310,"highway":"residential","name":null,"oneway":null,"junction":null},"geometry":{"type":"LineString","coordinates":[[91.6513503,26.1881015],[91.6512405,26.1883674],[91.6511616,26.1885362],[91.6511183,26.1887422],[91.6510843,26.188971],[91.651073,26.1891608],[91.6511027,26.1894582],[91.6511593,26.1896408],[91.6512141,26.1897602],[91.6512647,26.1898559],[91.6514544,26.1901122],[91.6516322,26.1903344],[91.6518166,26.1904982],[91.6519589,26.1905699],[91.6521905,26.1906589],[91.6523475,26.190714],[91.652506,26.1907457],[91.652721,26.1907759],[91.6530291,26.1907816],[91.6537742,26.1907721],[91.6551477,26.1907969],[91.6558268,26.1908437],[91.6559715,26.1908545],[91.6562462,26.1908646],[91.6566694,26.1909368],[91.6567805,26.1909712],[91.657183,26.1911755],[91.6577766,26.1915075],[91.6581669,26.1917483],[91.6585246,26.1918796],[91.6589474,26.191927],[91.65911,26.191927],[91.6592239,26.1918942],[91.6593621,26.1918942],[91.6595776,26.1919234],[91.6597524,26.1919234],[91.6601671,26.1918504],[91.6607118,26.1917483],[91.6615209,26.1916644],[91.6618707,26.1916347],[91.6621614,26.1916201],[91.6627306,26.1916621],[91.6629684,26.1917077],[91.6630924,26.191797],[91.6632184,26.1919174],[91.663314,26.1920013],[91.6633917,26.1920274],[91.6634766,26.192025],[91.6636453,26.1919758],[91.6643059,26.1917989],[91.6647226,26.1916967],[91.665056,26.1916456],[91.6653407,26.1915898]]}},{"type":"Feature","properties":{"id":510191444,"highway":"residential","name":null,"oneway":null,"junction":null},"geometry":{"type":"LineString","coordinates":[[91.6664179,26.1940545],[91.6664702,26.19401],[91.6666898,26.1938622],[91.667013,26.1936999]]}},{"type":"Feature","properties":{"id":510191445,"highway":"residential","name":null,"oneway":null,"junction":null},"geometry":{"type":"LineString","coordinates":[[91.6730998,26.2005222],[91.6727778,26.2005434],[91.6725344,26.2007037],[91.6720352,26.2008336],[91.671949,26.2009276],[91.671912,26.2010465],[91.6719058,26.2013451],[91.6718689,26.2013893],[91.6717271,26.2014695],[91.6716378,26.2015358]]}},{"type":"Feature","properties":{"id":510191446,"highway":"residential","name":null,"oneway":null,"junction":null},"geometry":{"type":"LineString","coordinates":[[91.6699596,26.2016187],[91.6700573,26.2014914],[91.6701673,26.2013928],[91.6702155,26.2012965],[91.6702477,26.2012339],[91.6703282,26.2012339],[91.6710417,26.201246],[91.6710765,26.2013254],[91.6710873,26.2014505]]}},{"type":"Feature","properties":{"id":510191447,"highway":"residential","name":null,"oneway":null,"junction":null},"geometry":{"type":"LineString","coordinates":[[91.6660835,26.1933799],[91.6658056,26.1935705],[91.6655345,26.1936949],[91.6651278,26.1937862],[91.6647673,26.1938276],[91.6645147,26.1938249],[91.6643668,26.1938055],[91.6639632,26.1938249],[91.6631066,26.1938774],[91.6627585,26.1939327],[91.6626383,26.193941]]}},{"type":"Feature","properties":{"id":510191448,"highway":"residential","name":null,"oneway":null,"junction":null},"geometry":{"type":"LineString","coordinates":[[91.6646218,26.1896058],[91.6644649,26.1891756],[91.6644468,26.1891503],[91.6644233,26.1891341],[91.6643959,26.1891232],[91.6643503,26.1891196],[91.6641287,26.1891801]]}},{"type":"Feature","properties":{"id":510191449,"highway":"residential","name":null,"oneway":null,"junction":null},"geometry":{"type":"LineString","coordinates":[[91.663158,26.1925692],[91.6632921,26.192509],[91.6633753,26.1924513],[91.663386,26.1923502],[91.6633967,26.1921239],[91.6633917,26.1920274]]}},{"type":"Feature","properties":{"id":510191450,"highway":"residential","name":null,"oneway":null,"junction":null},"geometry":{"type":"LineString","coordinates":[[91.6633478,26.1835332],[91.6634722,26.1843987],[91.6635387,26.1849716],[91.6635677,26.1851993],[91.6636009,26.1854212],[91.6636444,26.185583],[91.6636921,26.1857466],[91.6637361,26.185995],[91.6637597,26.186097],[91.6638562,26.1865784]]}},{"type":"Feature","properties":{"id":510191452,"highway":"residential","name":null,"oneway":null,"junction":null},"geometry":{"type":"LineString","coordinates":[[91.6539305,26.186874],[91.6540833,26.1871634],[91.6541224,26.187245],[91.6541564,26.1873395],[91.6542002,26.1875606],[91.6542026,26.1875831],[91.6542022,26.1876],[91.6541986,26.1876224],[91.6541939,26.1876379],[91.6541357,26.1877597],[91.6541322,26.1877718],[91.6541313,26.187781],[91.6541332,26.1877962],[91.654151,26.1878537],[91.6542804,26.188238],[91.6545215,26.1888302],[91.654555,26.1888991],[91.6545613,26.1889066],[91.654572,26.1889149],[91.6545822,26.1889199],[91.6545949,26.1889233],[91.6546066,26.1889242],[91.6546211,26.1889224],[91.6549676,26.1888548]]}},{"type":"Feature","properties":{"id":510191453,"highway":"service","name":null,"oneway":null,"junction":null},"geometry":{"type":"LineString","coordinates":[[91.677855,26.2082004],[91.6778162,26.20837],[91.6778067,26.2085364],[91.6778099,26.2087705],[91.6778008,26.2088462],[91.6777958,26.2089544],[91.6777942,26.2090172],[91.6777925,26.2090432],[91.6777866,26.2090663],[91.6777729,26.2090812],[91.6777502,26.2090908],[91.6777122,26.2090976],[91.6772865,26.2090779],[91.6772522,26.2090799],[91.6772264,26.2090914],[91.6772071,26.2091164],[91.6771921,26.2091627],[91.6771664,26.2093686],[91.6771471,26.2099212],[91.6771449,26.2099885],[91.6771299,26.2101734],[91.6771342,26.210285],[91.6771406,26.2103158],[91.6771642,26.2103485],[91.677205,26.2103697],[91.6772501,26.2103813],[91.6777958,26.2104086],[91.6780531,26.2104215],[91.6781856,26.2104379],[91.6782137,26.2104539],[91.6782392,26.2104745],[91.678252,26.2105089],[91.6782545,26.2105615],[91.6782265,26.2109118],[91.6782265,26.2109553],[91.6782418,26.210985],[91.6782801,26.2110263],[91.6783183,26.2110469],[91.678377,26.2110583],[91.6787726,26.2110766],[91.6788134,26.2110675],[91.6788338,26.2110469],[91.6788542,26.2110034],[91.6789231,26.2101929],[91.6789244,26.2101602],[91.6789384,26.2098175],[91.6789461,26.2095565]]}},{"type":"Feature","properties":{"id":510191454,"highway":"residential","name":null,"oneway":null,"junction":null},"geometry":{"type":"LineString","coordinates":[[91.6774441,26.2081286],[91.6773244,26.2085939],[91.6772146,26.2088797],[91.6771014,26.209067],[91.6770448,26.2091115],[91.6768784,26.2091559],[91.6767121,26.2092448],[91.6766696,26.2093051],[91.6766696,26.2093782],[91.6767439,26.2095655],[91.676801,26.2098906],[91.6768187,26.2100985],[91.6768223,26.2102566],[91.6768348,26.2103175],[91.6768574,26.2103817],[91.6768813,26.210417],[91.6770616,26.2106988],[91.6771647,26.21084],[91.6773249,26.2110767],[91.6773528,26.2111152],[91.67737,26.2111537],[91.6774129,26.2114001],[91.6775266,26.2117005]]}},{"type":"Feature","properties":{"id":510191455,"highway":"residential","name":null,"oneway":null,"junction":null},"geometry":{"type":"LineString","coordinates":[[91.6805211,26.2080532],[91.6805152,26.2084399],[91.6806087,26.2088375],[91.6807185,26.2092825],[91.680751,26.2096071],[91.6806494,26.2103512],[91.6806778,26.2106211],[91.6807835,26.2110369],[91.6808806,26.2115696]]}},{"type":"Feature","properties":{"id":510191456,"highway":"residential","name":null,"oneway":null,"junction":null},"geometry":{"type":"LineString","coordinates":[[91.6831921,26.2081695],[91.683358,26.2089725],[91.6836209,26.209895],[91.6836599,26.2099907],[91.683857,26.2103726],[91.684159,26.2109034]]}},{"type":"Feature","properties":{"id":510191457,"highway":"residential","name":null,"oneway":null,"junction":null},"geometry":{"type":"LineString","coordinates":[[91.6857063,26.2086946],[91.6856854,26.2090169],[91.6856803,26.2093666],[91.6856957,26.2094502],[91.6857179,26.209532],[91.685802,26.2096331],[91.6858551,26.2096776],[91.6858884,26.2097072],[91.6858909,26.2097368],[91.6858529,26.2098057],[91.685721,26.2100134],[91.6856665,26.2100851],[91.6855644,26.2101815],[91.6854955,26.210233],[91.6854586,26.21025],[91.6854122,26.2102364],[91.68537,26.2102106],[91.6852021,26.2100889],[91.685098,26.2100264],[91.6850444,26.2100123],[91.6849954,26.2100172],[91.6849314,26.2100487],[91.6848547,26.2100988],[91.6847782,26.2101971],[91.6847379,26.210248],[91.6847025,26.2103004],[91.6846432,26.2103804],[91.6845373,26.2105195],[91.6844162,26.2106398],[91.684317,26.2107384],[91.684159,26.2109034],[91.6841266,26.2109477],[91.6840823,26.2110025],[91.6840632,26.2110407],[91.684061,26.2110735],[91.6840787,26.2111117],[91.6841411,26.2112129],[91.6841429,26.2112604],[91.6841293,26.2113061],[91.6840917,26.2114183],[91.6840698,26.2114522],[91.6840408,26.2114673],[91.6838745,26.2114958]]}},{"type":"Feature","properties":{"id":510196392,"highway":"service","name":null,"oneway":null,"junction":null},"geometry":{"type":"LineString","coordinates":[[91.6865794,26.2088775],[91.6864924,26.2094797],[91.6864416,26.2098236],[91.6864037,26.2100619],[91.6863941,26.2101414],[91.6863958,26.2104708],[91.6863794,26.2105532],[91.6863513,26.2107009],[91.6863208,26.2107844],[91.6862959,26.2108205],[91.686273,26.2108381],[91.6862442,26.2108581],[91.6862059,26.2108581],[91.6861452,26.2108438],[91.6858291,26.2106776]]}},{"type":"Feature","properties":{"id":510196395,"highway":"service","name":null,"oneway":null,"junction":null},"geometry":{"type":"LineString","coordinates":[[91.6936567,26.2298221],[91.6933465,26.2295123],[91.6932477,26.2294657],[91.6931721,26.2294466],[91.6930786,26.2294466],[91.6928995,26.229464]]}},{"type":"Feature","properties":{"id":510196396,"highway":"service","name":null,"oneway":null,"junction":null},"geometry":{"type":"LineString","coordinates":[[91.6884603,26.2349851],[91.6883753,26.2349673],[91.6882624,26.2349288],[91.6881917,26.2348843],[91.6881053,26.2348175],[91.6878751,26.2345965],[91.6875786,26.2343002],[91.6871885,26.2339503],[91.6871296,26.2339087],[91.6870733,26.2338894],[91.6870061,26.2338853],[91.6863934,26.2339154],[91.6862062,26.2339333],[91.6861238,26.233952],[91.6860862,26.2339496],[91.6860513,26.2339267],[91.6858596,26.233484],[91.6852909,26.2323123],[91.6848779,26.2315833]]}},{"type":"Feature","properties":{"id":510196397,"highway":"residential","name":null,"oneway":null,"junction":null},"geometry":{"type":"LineString","coordinates":[[91.6847236,26.2354572],[91.684735,26.235019],[91.6847471,26.234906],[91.6847817,26.2347347],[91.6848609,26.2345506],[91.6850337,26.2342152],[91.6850824,26.2341495]]}},{"type":"Feature","properties":{"id":510343702,"highway":"tertiary","name":null,"oneway":null,"junction":null},"geometry":{"type":"LineString","coordinates":[[91.6613729,26.2369204],[91.6615874,26.2367156],[91.6618599,26.2364267],[91.6620191,26.2362489],[91.6620829,26.2361394],[91.6621306,26.236022],[91.6621678,26.2359124],[91.6622527,26.2356251],[91.6623177,26.2353715],[91.6623341,26.2353077],[91.662343,26.2352489],[91.6623324,26.2351505],[91.662205,26.2346696],[91.6621961,26.2345934],[91.6621979,26.234514],[91.6622085,26.2344585],[91.6622315,26.2343823],[91.6623111,26.2342505],[91.6623837,26.2341696],[91.6624421,26.2341251],[91.6625907,26.2340584],[91.6630243,26.2339013],[91.6631493,26.2338211],[91.6633875,26.2336138],[91.6635696,26.2334127],[91.6637821,26.2331781],[91.6640366,26.2328011],[91.6643845,26.2322461],[91.6644546,26.232112],[91.6644826,26.2320199],[91.6644803,26.2319005],[91.6644579,26.231822],[91.6643868,26.2316776],[91.6641642,26.2313312],[91.6640046,26.2311194],[91.6639751,26.2310184],[91.6639483,26.2308115],[91.6639617,26.2306767],[91.6641397,26.2299208],[91.6641503,26.2298336],[91.6641519,26.2297885],[91.6641495,26.2297519],[91.6641409,26.2297135],[91.6640726,26.2294669],[91.6640693,26.2294079],[91.664084,26.2293699],[91.6641069,26.229309],[91.6641757,26.2291635],[91.6642046,26.2290797],[91.6642372,26.2289642],[91.6642621,26.22887],[91.6642772,26.228779],[91.6643011,26.2285498],[91.6643103,26.2283864],[91.6643076,26.2281882],[91.6642979,26.2281007],[91.6642705,26.2279038],[91.6642528,26.2278225],[91.6642113,26.2276606],[91.6642074,26.2275565],[91.664226,26.2274409],[91.6642558,26.2273435],[91.664297,26.2272687],[91.6643397,26.227216],[91.6644003,26.2271643],[91.6646244,26.2270267],[91.6646669,26.226988],[91.6647028,26.2269515],[91.6647399,26.2269013],[91.6647691,26.2268486],[91.664849,26.2265688],[91.6649216,26.2263345],[91.6649837,26.2261226],[91.6650187,26.2259948],[91.6650459,26.2258826],[91.6650798,26.2256639],[91.6650861,26.2255103],[91.6650848,26.22525],[91.6650504,26.224929],[91.6650044,26.2244281],[91.6650098,26.2243161],[91.6650201,26.2242292],[91.665102,26.2238295],[91.6652226,26.2234361],[91.6652998,26.2231179],[91.6653215,26.222982],[91.665362,26.2226163],[91.6654435,26.2217253],[91.6654682,26.22151],[91.6654677,26.2214598],[91.6654687,26.2214099],[91.6654578,26.2213531],[91.6653577,26.2210692],[91.6652433,26.2207667],[91.6652011,26.2206196],[91.6651409,26.2204473],[91.6651059,26.22032],[91.6650694,26.2199858],[91.6650259,26.2197238],[91.6649645,26.2194051],[91.6648604,26.2189661],[91.6648264,26.2188095],[91.6647711,26.2184493],[91.6647635,26.2182652],[91.6647655,26.2180461],[91.6647903,26.217786],[91.6648559,26.2174089],[91.6648879,26.2172152],[91.665014,26.216614],[91.6650449,26.2163782],[91.665055,26.2161763],[91.6650419,26.2160697],[91.665005,26.215966],[91.6649431,26.2158714],[91.6648653,26.2157855],[91.6647217,26.2156807],[91.6646475,26.2156249],[91.6645718,26.215541],[91.6645115,26.2154425],[91.6644619,26.2153101],[91.6644336,26.215233],[91.6644078,26.2151976],[91.6643715,26.2151772],[91.6639692,26.2151151],[91.6638268,26.2150754],[91.6637727,26.2150558],[91.6636865,26.2150129],[91.6634751,26.2148953],[91.6632002,26.2147356],[91.6631615,26.2147131],[91.6630712,26.2146437],[91.6630213,26.2145881],[91.663001,26.2145504],[91.6629883,26.2144945],[91.6629758,26.2142845],[91.6629863,26.2141867],[91.6630286,26.2140899],[91.6630675,26.2140232],[91.6631098,26.2139589],[91.6631674,26.2138913],[91.6632093,26.2138225],[91.663234,26.2137473],[91.6632349,26.2135996],[91.6632243,26.2133857],[91.663172,26.212965],[91.6631442,26.2127636],[91.6630898,26.2123697],[91.6630724,26.2120165],[91.6630615,26.2119485],[91.6630362,26.2118972],[91.6630119,26.2118564],[91.662975,26.2118163],[91.6625386,26.2114573],[91.6622614,26.2112293],[91.6611342,26.2103724],[91.6608086,26.2101074],[91.6605611,26.209906],[91.6598549,26.2093044],[91.6597707,26.20924],[91.6597183,26.2091792],[91.6596813,26.2090825],[91.6595519,26.2086236],[91.6595211,26.2085572],[91.6594472,26.2084881],[91.6587011,26.2083549],[91.6586319,26.2083355],[91.6585907,26.2082957],[91.6585652,26.208249],[91.658565,26.2081911],[91.6585895,26.2081084],[91.6587791,26.2077908],[91.6588213,26.2076936],[91.6588399,26.2075968],[91.6588494,26.2075112],[91.6588154,26.2073868],[91.6587708,26.207326],[91.6587202,26.2072816],[91.6586304,26.2072477],[91.657939,26.2069485],[91.6577049,26.2068355],[91.6574558,26.2067225],[91.6573154,26.2066414],[91.6569627,26.2064487],[91.6568439,26.2063732]]}},{"type":"Feature","properties":{"id":510345878,"highway":"residential","name":null,"oneway":null,"junction":null},"geometry":{"type":"LineString","coordinates":[[91.6641495,26.2297519],[91.6642199,26.2297331],[91.6642925,26.2297188],[91.6643764,26.2297086],[91.6647517,26.2297187],[91.6649055,26.2297154],[91.6649827,26.2297114],[91.665029,26.2296973],[91.6650672,26.2296776],[91.6651,26.2296465],[91.6651219,26.2296017],[91.6651718,26.2294542],[91.6652291,26.2293524],[91.6652796,26.229288],[91.6654161,26.2291284],[91.6654675,26.2290597],[91.6656911,26.2287689],[91.6658845,26.228515],[91.6659595,26.2284092],[91.6659855,26.2283517],[91.6660022,26.2283057],[91.6660326,26.228206],[91.6660414,26.2280959],[91.6660461,26.2280494],[91.6660614,26.2280174],[91.6661048,26.2279968],[91.6661456,26.2279853],[91.6663191,26.2279647],[91.6665258,26.227951]]}},{"type":"Feature","properties":{"id":510347113,"highway":"residential","name":null,"oneway":null,"junction":null},"geometry":{"type":"LineString","coordinates":[[91.6765643,26.2341351],[91.6766785,26.2340765],[91.6768139,26.2340095],[91.6769773,26.233955],[91.6770801,26.2339341],[91.6771525,26.2339466],[91.6773253,26.2340179],[91.677386,26.2340367],[91.6774607,26.234043],[91.6775074,26.234043],[91.6775751,26.2340639],[91.6776732,26.2341247],[91.6777876,26.2342126],[91.6778366,26.2342378],[91.6778973,26.2342524],[91.677965,26.2342839],[91.6780141,26.2343257],[91.6780701,26.2344179],[91.6781122,26.2345184]]}},{"type":"Feature","properties":{"id":510351041,"highway":"residential","name":null,"oneway":null,"junction":null},"geometry":{"type":"LineString","coordinates":[[91.673225,26.1835103],[91.6731486,26.1836174],[91.6730292,26.1837462],[91.6729568,26.1838256],[91.6729139,26.1838846],[91.672871,26.1839809],[91.6727006,26.1843708],[91.6725451,26.1846608],[91.6724887,26.1847667],[91.6724271,26.1848823],[91.6723774,26.1849605],[91.6723855,26.184999],[91.6724056,26.1850423],[91.6724928,26.1851579],[91.6725893,26.1852806],[91.672761,26.1854322],[91.6728736,26.1855069],[91.6729581,26.185561],[91.6730654,26.1856104],[91.6732344,26.1856573],[91.6733476,26.185694],[91.6735514,26.185706],[91.6736364,26.1857327],[91.6737183,26.1857704],[91.6738137,26.1858642],[91.6741035,26.1861705],[91.6742896,26.1863671],[91.674949,26.1871316],[91.6749745,26.1871553],[91.6749994,26.1871658],[91.6750231,26.1871594],[91.6753009,26.1869712],[91.6758293,26.186591],[91.6758801,26.1866233],[91.6761117,26.1868185],[91.6761718,26.1869027],[91.6763311,26.1871679],[91.6763771,26.1872235],[91.6764355,26.1872632],[91.6767219,26.1873578],[91.6768506,26.1873867],[91.6769772,26.1874156],[91.6770493,26.1874388],[91.6774069,26.1876394],[91.6775131,26.1877165],[91.6776875,26.1878368],[91.6782008,26.1882075],[91.6788274,26.1886479],[91.6796674,26.1892425]]}},{"type":"Feature","properties":{"id":510351350,"highway":"residential","name":null,"oneway":null,"junction":null},"geometry":{"type":"LineString","coordinates":[[91.6710706,26.1832393],[91.6710634,26.1825977],[91.6710941,26.1818685],[91.6711034,26.1816174],[91.6711199,26.1814019],[91.671143,26.1812733],[91.6711786,26.1811349],[91.671249,26.1809982],[91.6713244,26.1809434],[91.6714446,26.1809184],[91.6720732,26.1808626],[91.6723287,26.1808606],[91.6726637,26.1808779],[91.6727282,26.180885]]}},{"type":"Feature","properties":{"id":510351352,"highway":"service","name":null,"oneway":null,"junction":null},"geometry":{"type":"LineString","coordinates":[[91.6702668,26.1832043],[91.6702886,26.1829547],[91.670317,26.1826594],[91.6703378,26.1824438],[91.6703828,26.1820554]]}},{"type":"Feature","properties":{"id":510351354,"highway":"residential","name":null,"oneway":null,"junction":null},"geometry":{"type":"LineString","coordinates":[[91.6699782,26.1860379],[91.6700319,26.1856657],[91.6700602,26.1855672],[91.6700779,26.1855069],[91.6700921,26.1853862],[91.6700598,26.1851071],[91.6700562,26.1850309],[91.6700615,26.1849626],[91.6700775,26.184907],[91.6700969,26.1848689],[91.6701253,26.1848515],[91.6702474,26.1848356]]}},{"type":"Feature","properties":{"id":510351356,"highway":"residential","name":null,"oneway":null,"junction":null},"geometry":{"type":"LineString","coordinates":[[91.6619794,26.1834233],[91.6618576,26.1828641],[91.661861,26.1828415],[91.661885,26.182828],[91.6629597,26.1826445],[91.6629872,26.1826508],[91.663003,26.1826724],[91.6632081,26.1835171]]}},{"type":"Feature","properties":{"id":510351358,"highway":"residential","name":null,"oneway":null,"junction":null},"geometry":{"type":"LineString","coordinates":[[91.6548157,26.1864781],[91.6544548,26.1864124],[91.6543361,26.186394],[91.6542376,26.1863849],[91.6541326,26.1863812],[91.6526026,26.1863636],[91.6524848,26.1863688],[91.6523689,26.1863877],[91.6522384,26.1864266],[91.6499851,26.1873961]]}},{"type":"Feature","properties":{"id":510351981,"highway":"residential","name":null,"oneway":null,"junction":null},"geometry":{"type":"LineString","coordinates":[[91.6727633,26.1833081],[91.6728634,26.1832347],[91.6729975,26.1831818],[91.673247,26.1831024],[91.6734374,26.1830759],[91.6741777,26.1830013],[91.6745478,26.1829579],[91.6746058,26.1829363],[91.6746498,26.1828978],[91.6746605,26.1828472],[91.6746203,26.1827895],[91.6742367,26.1825656],[91.6741406,26.1824953],[91.6739899,26.1823851],[91.6734857,26.1819542],[91.6730968,26.1815378],[91.6730791,26.1815105],[91.6730037,26.1814175],[91.6729224,26.1812835],[91.6728799,26.1812017],[91.6728476,26.1811198],[91.6728235,26.1810511],[91.6728001,26.1809812],[91.6727859,26.1809365],[91.6727685,26.1809062],[91.6727282,26.180885]]}},{"type":"Feature","properties":{"id":510351982,"highway":"residential","name":null,"oneway":null,"junction":null},"geometry":{"type":"LineString","coordinates":[[91.6730791,26.1815105],[91.6740655,26.1813895],[91.6749005,26.1812935],[91.6756486,26.1811293],[91.6763682,26.1809615],[91.6770912,26.180867],[91.6772341,26.1808438],[91.6772977,26.1808312],[91.6779176,26.1806834],[91.6784131,26.1805711],[91.6787276,26.1805174],[91.6792024,26.180462],[91.679345,26.1804668],[91.6795489,26.1804863],[91.6797672,26.1805106],[91.6801173,26.1805721],[91.6802962,26.1806222],[91.6804498,26.1806723]]}},{"type":"Feature","properties":{"id":510351983,"highway":"residential","name":null,"oneway":null,"junction":null},"geometry":{"type":"LineString","coordinates":[[91.6741406,26.1824953],[91.6751645,26.1823596],[91.6763415,26.182238],[91.6767944,26.1821965],[91.6777544,26.1820887]]}},{"type":"Feature","properties":{"id":510351984,"highway":"residential","name":null,"oneway":null,"junction":null},"geometry":{"type":"LineString","coordinates":[[91.6778719,26.1819521],[91.6776257,26.1818857],[91.6773816,26.1818255],[91.6773199,26.1817942],[91.6772743,26.1817485],[91.6772367,26.1816715],[91.6771992,26.1815679],[91.6770912,26.180867]]}},{"type":"Feature","properties":{"id":510351985,"highway":"residential","name":null,"oneway":null,"junction":null},"geometry":{"type":"LineString","coordinates":[[91.682827,26.1834592],[91.682919,26.1835169],[91.6830294,26.1835446],[91.6831273,26.1835446],[91.6833657,26.1835189],[91.6834824,26.1835117],[91.6835812,26.1835137],[91.6838215,26.1835252],[91.6842571,26.1835724],[91.6847184,26.1836388],[91.6851046,26.1837158],[91.6857323,26.1838458],[91.6858879,26.1838891],[91.6861722,26.1840288],[91.686269,26.1840747],[91.6863224,26.1840865],[91.6863757,26.1840879],[91.6865155,26.1840673],[91.6866314,26.1840606],[91.6866744,26.1840718],[91.6867083,26.1840938],[91.6867313,26.1841256],[91.6867391,26.1841574],[91.6867915,26.1844781],[91.6868931,26.1852772],[91.686917,26.1857776],[91.6869171,26.1858675],[91.6869044,26.1859612],[91.6868482,26.1863297],[91.6868233,26.1864535],[91.6867966,26.1866802],[91.6868,26.1870345],[91.6868141,26.1873618],[91.6867691,26.1878927],[91.686705,26.1884357],[91.6866765,26.1886011],[91.6866786,26.1886649],[91.686707,26.1886996],[91.6868884,26.1888025]]}},{"type":"Feature","properties":{"id":510351986,"highway":"residential","name":null,"oneway":null,"junction":null},"geometry":{"type":"LineString","coordinates":[[91.6894008,26.1823536],[91.6892706,26.1826813],[91.6892183,26.1828139],[91.6891859,26.18286],[91.6891414,26.1828843],[91.6890979,26.1828816],[91.6888516,26.1828301],[91.6887753,26.1828232],[91.6886882,26.1828196],[91.6883006,26.1828364],[91.6880904,26.1828573],[91.6878651,26.1829137],[91.6877547,26.1829517],[91.6876538,26.1829977],[91.6875861,26.183048],[91.6873316,26.1833854],[91.6872382,26.1834985],[91.6871962,26.1835586],[91.6871693,26.183609],[91.687146,26.1836705],[91.6871525,26.183701],[91.6871832,26.183731],[91.687246,26.1837734],[91.6872888,26.1838058],[91.6873113,26.1838325],[91.6873316,26.1838631],[91.6873596,26.1839658],[91.6874862,26.1847201],[91.687514,26.1850365],[91.6875517,26.1854328],[91.6876017,26.1857676],[91.6876331,26.1859347],[91.6876843,26.1860807],[91.6877301,26.1861659],[91.6877721,26.1862095],[91.6878249,26.1862532],[91.6879324,26.1863728],[91.6879944,26.1864626],[91.6880191,26.1865635],[91.6880341,26.1867162],[91.6880202,26.1868779],[91.6879637,26.1871054],[91.6879002,26.1872999],[91.6878639,26.1873666],[91.6878314,26.1874156],[91.6877318,26.1875661],[91.6876107,26.1877432],[91.6875935,26.1878087],[91.6875933,26.1878904],[91.6875728,26.1879858],[91.6875197,26.1881231],[91.6874521,26.1882668],[91.6873961,26.1883443],[91.6872218,26.1884876],[91.6871658,26.1885316],[91.6870467,26.1886468],[91.6868884,26.1888025],[91.6867548,26.1889339],[91.6866381,26.1890638],[91.686547,26.1891811],[91.6863952,26.189355]]}},{"type":"Feature","properties":{"id":510355579,"highway":"residential","name":null,"oneway":null,"junction":null},"geometry":{"type":"LineString","coordinates":[[91.686523,26.1822536],[91.6864588,26.1826776],[91.6864356,26.1827729],[91.6862597,26.1831185],[91.686221,26.183147],[91.6861902,26.1831596],[91.6861568,26.1831584],[91.6860441,26.1831195],[91.6858216,26.1830564],[91.6857349,26.1830294],[91.6849987,26.1829039],[91.6840451,26.182747],[91.6840085,26.1827304],[91.683981,26.1826951],[91.6838378,26.1820978],[91.6838191,26.1820622],[91.6837911,26.1820308],[91.683742,26.1820098],[91.6836813,26.1820035],[91.6834014,26.1820131]]}},{"type":"Feature","properties":{"id":510355580,"highway":"residential","name":null,"oneway":null,"junction":null},"geometry":{"type":"LineString","coordinates":[[91.6822952,26.1808479],[91.682479,26.180842],[91.6825739,26.1808318],[91.6826259,26.1808447],[91.6826748,26.1808826],[91.6827412,26.180938],[91.6828388,26.1810479],[91.6828879,26.1811197],[91.6829572,26.1812718],[91.6830135,26.1813979],[91.683043,26.1814473],[91.6830815,26.1814967],[91.6832143,26.1816745],[91.6833684,26.1819407],[91.6834014,26.1820131],[91.6834151,26.1820433],[91.6834408,26.1821271],[91.6834735,26.1823115],[91.6835599,26.1827369]]}},{"type":"Feature","properties":{"id":510355581,"highway":"residential","name":null,"oneway":null,"junction":null},"geometry":{"type":"LineString","coordinates":[[91.682919,26.1835169],[91.682935,26.1836539],[91.6829499,26.1837551],[91.6829702,26.1837794],[91.6830147,26.1837879],[91.6830669,26.1837872],[91.6833074,26.1837008],[91.6833614,26.183696],[91.6834026,26.1837046],[91.6836342,26.183831],[91.6838273,26.1839275],[91.6838692,26.1839757],[91.6839147,26.1840463],[91.6839497,26.1841284],[91.6839595,26.1842104],[91.683943,26.1844145],[91.6839438,26.184502],[91.6839518,26.1845959],[91.6839689,26.184745],[91.6839775,26.1848141],[91.6839924,26.1848775],[91.6840727,26.1851125],[91.6841005,26.1852304],[91.6841641,26.1855638],[91.6841898,26.1856466],[91.6842138,26.1856928],[91.6842468,26.1857115],[91.6843068,26.1857153],[91.6844358,26.1856713],[91.6847245,26.1855831],[91.6850948,26.1854962],[91.6853298,26.1854498],[91.6856873,26.1854034],[91.6857597,26.1853995],[91.6858296,26.1854071],[91.6858703,26.1854235],[91.6858906,26.1854399],[91.6859068,26.1855019],[91.6858987,26.1860818],[91.6859058,26.1861358],[91.6859447,26.1861739],[91.6860119,26.1861993],[91.6860296,26.1862438],[91.686065,26.1870536],[91.6860544,26.1871044],[91.6860226,26.1871394],[91.6857571,26.187187],[91.6857253,26.1872156],[91.6857253,26.1872664],[91.6857391,26.1873467],[91.6857642,26.1874316],[91.6858102,26.187692],[91.6858162,26.1879016],[91.6858047,26.1880763],[91.6857844,26.1881888],[91.6857579,26.1883942],[91.6857566,26.1884773],[91.6857616,26.1886026],[91.6857819,26.1887559],[91.6857642,26.1889161],[91.6857034,26.1891719],[91.6856621,26.1892464],[91.6856205,26.189299],[91.6855991,26.1893499],[91.6855849,26.1894341],[91.6855954,26.1895057],[91.6856172,26.1895718],[91.6857227,26.1897208],[91.6857387,26.1897743],[91.6857295,26.1898251],[91.6856896,26.1898535],[91.685389,26.1899596],[91.6852789,26.1900069],[91.6852345,26.1900426],[91.6852158,26.1900824],[91.6852029,26.1902211],[91.6852807,26.1904339]]}},{"type":"Feature","properties":{"id":510355582,"highway":"residential","name":null,"oneway":null,"junction":null},"geometry":{"type":"LineString","coordinates":[[91.6746498,26.1828978],[91.6758662,26.1827405],[91.6772724,26.1826126],[91.6773391,26.1826091],[91.677422,26.1826111]]}},{"type":"Feature","properties":{"id":510355583,"highway":"residential","name":null,"oneway":null,"junction":null},"geometry":{"type":"LineString","coordinates":[[91.7103219,26.1888995],[91.7105289,26.1889161],[91.7108367,26.1889385],[91.7109866,26.1889694],[91.7112076,26.1890528],[91.7113038,26.1890754],[91.7115758,26.1891306],[91.7116649,26.1891636],[91.7119325,26.1892798]]}},{"type":"Feature","properties":{"id":510355584,"highway":"residential","name":null,"oneway":null,"junction":null},"geometry":{"type":"LineString","coordinates":[[91.7112076,26.1890528],[91.7111347,26.1891966],[91.7110822,26.1893248],[91.7109025,26.1897838],[91.7104593,26.1908217],[91.7103658,26.1911117]]}},{"type":"Feature","properties":{"id":510355585,"highway":"residential","name":null,"oneway":null,"junction":null},"geometry":{"type":"LineString","coordinates":[[91.7119564,26.1893295],[91.7117996,26.1895708],[91.7116887,26.1897699],[91.711624,26.1899717],[91.7114638,26.1907873],[91.7113436,26.1913706]]}},{"type":"Feature","properties":{"id":510355586,"highway":"residential","name":null,"oneway":null,"junction":null},"geometry":{"type":"LineString","coordinates":[[91.7147899,26.1907179],[91.7149397,26.1903847],[91.7150543,26.1901279]]}},{"type":"Feature","properties":{"id":510355587,"highway":"residential","name":null,"oneway":null,"junction":null},"geometry":{"type":"LineString","coordinates":[[91.7149397,26.1903847],[91.7146621,26.1902767],[91.7147601,26.189889]]}},{"type":"Feature","properties":{"id":510355588,"highway":"residential","name":null,"oneway":null,"junction":null},"geometry":{"type":"LineString","coordinates":[[91.715597,26.1910614],[91.7157865,26.1905509],[91.7158251,26.1904305],[91.7158662,26.1902634],[91.7159125,26.1900748],[91.7159613,26.1897684],[91.7159817,26.1897191],[91.7160569,26.1895549],[91.7160813,26.1894802],[91.7160935,26.1893671],[91.7160853,26.1892248],[91.7160061,26.1888764],[91.7159739,26.1886632],[91.7158724,26.1882889],[91.7158236,26.188084],[91.7157707,26.1875871],[91.7157545,26.1874278],[91.7156884,26.1864803],[91.7156793,26.1860212]]}},{"type":"Feature","properties":{"id":510355589,"highway":"residential","name":null,"oneway":null,"junction":null},"geometry":{"type":"LineString","coordinates":[[91.7150336,26.1887108],[91.7150762,26.188425],[91.7151139,26.1883465],[91.7151935,26.1882924],[91.7153528,26.1882185],[91.7155568,26.1881536],[91.7158236,26.188084],[91.7160496,26.1880695],[91.7163031,26.1880416]]}},{"type":"Feature","properties":{"id":510355591,"highway":"residential","name":null,"oneway":null,"junction":null},"geometry":{"type":"LineString","coordinates":[[91.7124228,26.186743],[91.7124171,26.1868192],[91.7124756,26.1869796],[91.7125804,26.1871344],[91.7126789,26.1872174],[91.7128022,26.1872422],[91.7129747,26.1872561],[91.7130117,26.1872892],[91.7130918,26.1874579],[91.7130992,26.1874925],[91.7131072,26.1875298],[91.7131041,26.1879998],[91.7131041,26.188362]]}},{"type":"Feature","properties":{"id":510355592,"highway":"residential","name":null,"oneway":null,"junction":null},"geometry":{"type":"LineString","coordinates":[[91.7130992,26.1874925],[91.7135817,26.1875602]]}},{"type":"Feature","properties":{"id":510355593,"highway":"residential","name":null,"oneway":null,"junction":null},"geometry":{"type":"LineString","coordinates":[[91.7092158,26.1868471],[91.7091813,26.1873501],[91.7091774,26.1875073],[91.7091804,26.1877178],[91.7091886,26.1879032],[91.7092851,26.1883433],[91.709294,26.188436],[91.7092825,26.188538],[91.7092618,26.1886627],[91.7090799,26.1895854]]}},{"type":"Feature","properties":{"id":510355594,"highway":"residential","name":null,"oneway":null,"junction":null},"geometry":{"type":"LineString","coordinates":[[91.7063673,26.1867431],[91.7063189,26.1872345],[91.7062979,26.1873406],[91.7062587,26.1874468],[91.7062154,26.1875709],[91.7061516,26.187695],[91.7060922,26.1878093],[91.706074,26.187878],[91.7060659,26.1879559],[91.7060752,26.1885879],[91.7060598,26.1886795],[91.7060322,26.1887711],[91.7059463,26.1889876],[91.705879,26.1891496],[91.7058118,26.1894068],[91.7057911,26.189586],[91.7057794,26.189743],[91.7057713,26.1898751],[91.7057314,26.1901327],[91.7056884,26.1903713],[91.7056287,26.1905338],[91.7055666,26.1906481],[91.7054508,26.1907597],[91.7053482,26.1908073],[91.7052809,26.1908582],[91.7052278,26.1909344],[91.7049695,26.1914266],[91.7048385,26.1916076]]}},{"type":"Feature","properties":{"id":510355595,"highway":"residential","name":null,"oneway":null,"junction":null},"geometry":{"type":"LineString","coordinates":[[91.672761,26.1854322],[91.6727777,26.1856233],[91.6728126,26.1858472],[91.672885,26.1863045],[91.6729038,26.1864032]]}},{"type":"Feature","properties":{"id":510355596,"highway":"residential","name":null,"oneway":null,"junction":null},"geometry":{"type":"LineString","coordinates":[[91.6723774,26.1849605],[91.672182,26.1850815],[91.6719577,26.1852481],[91.6719335,26.1852818],[91.6719094,26.1853372],[91.6719054,26.1853829],[91.6719027,26.1854347],[91.6719577,26.1857668],[91.6720086,26.1859521],[91.6720596,26.1861615],[91.6722115,26.1865979],[91.6723053,26.1868364],[91.6725295,26.1873288]]}},{"type":"Feature","properties":{"id":510355598,"highway":"residential","name":null,"oneway":null,"junction":null},"geometry":{"type":"LineString","coordinates":[[91.6814995,26.1827401],[91.6814546,26.1827956],[91.6811444,26.1831207]]}},{"type":"Feature","properties":{"id":510355599,"highway":"residential","name":null,"oneway":null,"junction":null},"geometry":{"type":"LineString","coordinates":[[91.6808165,26.1822821],[91.6807527,26.1823797],[91.6805232,26.1827564]]}},{"type":"Feature","properties":{"id":510355600,"highway":"residential","name":null,"oneway":null,"junction":null},"geometry":{"type":"LineString","coordinates":[[91.6812648,26.1825885],[91.6814132,26.1823676],[91.6814856,26.1822735],[91.6816868,26.1820387]]}},{"type":"Feature","properties":{"id":510355601,"highway":"residential","name":null,"oneway":null,"junction":null},"geometry":{"type":"LineString","coordinates":[[91.6804511,26.1819289],[91.6811874,26.1817974]]}},{"type":"Feature","properties":{"id":510355602,"highway":"residential","name":null,"oneway":null,"junction":null},"geometry":{"type":"LineString","coordinates":[[91.6987937,26.1841837],[91.6989928,26.1834953]]}},{"type":"Feature","properties":{"id":510355603,"highway":"residential","name":null,"oneway":null,"junction":null},"geometry":{"type":"LineString","coordinates":[[91.7024414,26.1855228],[91.7025562,26.1849727],[91.7028652,26.1837236],[91.7030128,26.1832101],[91.7030651,26.1830008]]}},{"type":"Feature","properties":{"id":510355604,"highway":"residential","name":null,"oneway":null,"junction":null},"geometry":{"type":"LineString","coordinates":[[91.7028652,26.1837236],[91.7037171,26.1837976],[91.7043081,26.183823],[91.7048787,26.1838366]]}},{"type":"Feature","properties":{"id":510355605,"highway":"residential","name":null,"oneway":null,"junction":null},"geometry":{"type":"LineString","coordinates":[[91.7098618,26.1869218],[91.7098995,26.1865062]]}},{"type":"Feature","properties":{"id":510355607,"highway":"residential","name":null,"oneway":null,"junction":null},"geometry":{"type":"LineString","coordinates":[[91.7169739,26.1852109],[91.7171609,26.1852524],[91.7173487,26.1853174],[91.7176518,26.1854594],[91.7177403,26.1854955]]}},{"type":"Feature","properties":{"id":510355609,"highway":"unclassified","name":null,"oneway":null,"junction":null},"geometry":{"type":"LineString","coordinates":[[91.72038,26.1929231],[91.7200519,26.1924326],[91.7197895,26.1920118],[91.7191464,26.1909805],[91.7189088,26.1905791],[91.7188352,26.1904503],[91.7187114,26.1902337],[91.7186794,26.1901778],[91.7185199,26.1899751],[91.7181523,26.1896595],[91.7181064,26.1895388],[91.7180809,26.1894089],[91.7180576,26.189203],[91.7180722,26.1891043],[91.7181276,26.189001],[91.7187495,26.1884407],[91.7190179,26.1882022],[91.7194716,26.187919],[91.7208084,26.1870847],[91.7209885,26.1868692],[91.7214122,26.1862103],[91.7214283,26.1861658],[91.7214324,26.1861236],[91.7214096,26.1860948],[91.721368,26.1860689],[91.7211118,26.1859497],[91.7201426,26.1855198],[91.7196845,26.1853244],[91.719505,26.1852631],[91.7187883,26.1850483],[91.7172058,26.1845814],[91.7170465,26.1845411],[91.715793,26.1841806],[91.7151439,26.184041],[91.7148837,26.1840109],[91.7147059,26.1839944],[91.7146442,26.1840162],[91.7145962,26.1840456],[91.7145485,26.1841072],[91.714527,26.1841433],[91.7144841,26.1842432],[91.7140046,26.1857725],[91.7139619,26.1859319],[91.7139275,26.1860204],[91.7138653,26.1860734],[91.7138074,26.1860879],[91.7127753,26.1861341],[91.7127077,26.1861562],[91.7126659,26.1861899],[91.7124228,26.186743],[91.712379,26.1867973],[91.7123425,26.1868258],[91.7122802,26.1868471],[91.7108509,26.187049]]}},{"type":"Feature","properties":{"id":510355610,"highway":"residential","name":null,"oneway":null,"junction":null},"geometry":{"type":"LineString","coordinates":[[91.7201426,26.1855198],[91.7200759,26.1856127],[91.7199955,26.1857282],[91.7198399,26.1859978]]}},{"type":"Feature","properties":{"id":510355611,"highway":"residential","name":null,"oneway":null,"junction":null},"geometry":{"type":"LineString","coordinates":[[91.7210553,26.1923573],[91.7212139,26.19145],[91.7213979,26.1905048],[91.7214049,26.1904687],[91.7215025,26.1901513],[91.7215616,26.1900164],[91.7217139,26.1896697],[91.7218643,26.1893925],[91.7219509,26.1892883],[91.7220408,26.1892073],[91.7221611,26.1891262],[91.7224742,26.1889036],[91.7225432,26.1888051],[91.7225668,26.1886984],[91.7226043,26.1884382],[91.722562,26.1879717],[91.7225382,26.1877978],[91.7225386,26.187624],[91.7225516,26.1874813],[91.7226774,26.1867622]]}},{"type":"Feature","properties":{"id":510355612,"highway":"residential","name":null,"oneway":null,"junction":null},"geometry":{"type":"LineString","coordinates":[[91.7188352,26.1904503],[91.7194343,26.1904437],[91.7199359,26.1904582],[91.7207003,26.190463],[91.721159,26.1904654],[91.7212904,26.1904774],[91.7213979,26.1905048]]}},{"type":"Feature","properties":{"id":510355613,"highway":"residential","name":null,"oneway":null,"junction":null},"geometry":{"type":"LineString","coordinates":[[91.7230115,26.1905424],[91.7232008,26.190509],[91.7232822,26.1904789],[91.7233247,26.1904153],[91.723353,26.1903614],[91.723353,26.1903264],[91.7233017,26.1902978],[91.723284,26.1902851],[91.723284,26.1902645],[91.723399,26.1901248],[91.7234026,26.1900962],[91.723376,26.1900787],[91.7233335,26.1900517],[91.7233406,26.1900136],[91.7234203,26.1899589],[91.7238075,26.1899529],[91.7239111,26.1899416],[91.7239514,26.189922],[91.7239741,26.1898886],[91.7239278,26.1894771],[91.7239168,26.1893872],[91.7238887,26.1893031],[91.7238628,26.1892255],[91.7238197,26.1891517],[91.7237325,26.1890519],[91.7236847,26.1889869],[91.7236463,26.1889117],[91.7236391,26.1888313],[91.7236135,26.188745],[91.7235571,26.1887023],[91.7234857,26.1886827],[91.7233617,26.1886573],[91.7232467,26.1886276],[91.7231821,26.188592],[91.7230075,26.1884598],[91.7229486,26.1884448],[91.7226043,26.1884382]]}},{"type":"Feature","properties":{"id":510355614,"highway":"residential","name":null,"oneway":null,"junction":null},"geometry":{"type":"LineString","coordinates":[[91.7185816,26.1973432],[91.7186607,26.1964013]]}},{"type":"Feature","properties":{"id":510355615,"highway":"residential","name":null,"oneway":null,"junction":null},"geometry":{"type":"LineString","coordinates":[[91.7200936,26.194506],[91.7203792,26.1945566],[91.7207579,26.1945947],[91.7209634,26.194613],[91.7213985,26.1946518],[91.7216958,26.1946804],[91.7219223,26.1946772],[91.7220483,26.1946583]]}},{"type":"Feature","properties":{"id":510359532,"highway":"residential","name":null,"oneway":null,"junction":null},"geometry":{"type":"LineString","coordinates":[[91.7235494,26.1982012],[91.7236112,26.1979163]]}},{"type":"Feature","properties":{"id":510359534,"highway":"residential","name":null,"oneway":null,"junction":null},"geometry":{"type":"LineString","coordinates":[[91.7144752,26.1998561],[91.7144193,26.1996876],[91.7144193,26.1994388],[91.7144747,26.1992398],[91.7145117,26.1990628],[91.714524,26.1989467],[91.714487,26.1987587],[91.7144586,26.1984507],[91.7144708,26.1983595],[91.7145318,26.1982902],[91.7147533,26.1980668]]}},{"type":"Feature","properties":{"id":510359536,"highway":"residential","name":null,"oneway":null,"junction":null},"geometry":{"type":"LineString","coordinates":[[91.7151692,26.198161],[91.7152058,26.1979052],[91.7149793,26.1978654],[91.71504,26.1974715],[91.7149816,26.1974464],[91.715026,26.1970944],[91.7150797,26.1967927]]}},{"type":"Feature","properties":{"id":510359538,"highway":"residential","name":null,"oneway":null,"junction":null},"geometry":{"type":"LineString","coordinates":[[91.7164007,26.1947695],[91.7160831,26.1946781],[91.7156969,26.1945722],[91.7154287,26.1945217],[91.7153455,26.1944278],[91.7152972,26.1942425],[91.715257,26.194127],[91.7151739,26.1940235]]}},{"type":"Feature","properties":{"id":510359540,"highway":"residential","name":null,"oneway":null,"junction":null},"geometry":{"type":"LineString","coordinates":[[91.7170941,26.1930917],[91.7163214,26.1930099],[91.7157692,26.192927],[91.7156571,26.1931181],[91.7155437,26.1931011],[91.715377,26.193672]]}},{"type":"Feature","properties":{"id":510359542,"highway":"residential","name":null,"oneway":null,"junction":null},"geometry":{"type":"LineString","coordinates":[[91.7164548,26.1919984],[91.7172611,26.1921214]]}},{"type":"Feature","properties":{"id":510359543,"highway":"residential","name":null,"oneway":null,"junction":null},"geometry":{"type":"LineString","coordinates":[[91.7150928,26.1959039],[91.7152097,26.1954121],[91.7161907,26.195684]]}},{"type":"Feature","properties":{"id":510359544,"highway":"residential","name":null,"oneway":null,"junction":null},"geometry":{"type":"LineString","coordinates":[[91.714436,26.1905581],[91.7143158,26.1909482],[91.7141671,26.1916005],[91.7141391,26.1917786],[91.7143679,26.1918247],[91.7146738,26.1918666],[91.7151268,26.1919986]]}},{"type":"Feature","properties":{"id":510359545,"highway":"residential","name":null,"oneway":null,"junction":null},"geometry":{"type":"LineString","coordinates":[[91.7135815,26.1901685],[91.7134081,26.1906628]]}},{"type":"Feature","properties":{"id":510359546,"highway":"residential","name":null,"oneway":null,"junction":null},"geometry":{"type":"LineString","coordinates":[[91.713425,26.1914909],[91.7141671,26.1916005]]}},{"type":"Feature","properties":{"id":510359547,"highway":"residential","name":null,"oneway":null,"junction":null},"geometry":{"type":"LineString","coordinates":[[91.7098846,26.2218339],[91.7100546,26.2209265]]}},{"type":"Feature","properties":{"id":510359548,"highway":"residential","name":null,"oneway":null,"junction":null},"geometry":{"type":"LineString","coordinates":[[91.7158583,26.222134],[91.7160823,26.2220241],[91.7162049,26.2219813],[91.7164256,26.2219796],[91.7169413,26.222136],[91.717268,26.2221606],[91.717406,26.2221288],[91.7175847,26.2220749],[91.7177143,26.2220806],[91.7178988,26.2221498],[91.7183658,26.2223802],[91.7184895,26.2224744],[91.7185643,26.2225834],[91.7186016,26.2227049],[91.7185759,26.2227991],[91.7184786,26.2228611],[91.7179182,26.2227228],[91.7179042,26.22266],[91.7180163,26.2225259]]}},{"type":"Feature","properties":{"id":510359549,"highway":"residential","name":null,"oneway":null,"junction":null},"geometry":{"type":"LineString","coordinates":[[91.7158583,26.222134],[91.7159929,26.2217892],[91.7160432,26.2217305],[91.7161324,26.2217245],[91.7162908,26.2217138],[91.7166644,26.2217242],[91.7172668,26.2217305],[91.7180175,26.2217422],[91.7184694,26.2217493],[91.7213494,26.2216792],[91.7214335,26.2216164],[91.7214802,26.2214697],[91.7215012,26.2199554]]}},{"type":"Feature","properties":{"id":510359550,"highway":"residential","name":null,"oneway":null,"junction":null},"geometry":{"type":"LineString","coordinates":[[91.7215012,26.2199554],[91.7205342,26.21997],[91.7195666,26.2199661],[91.7186699,26.2199625],[91.7181148,26.2199603],[91.7180773,26.2200277],[91.7180175,26.2217422]]}},{"type":"Feature","properties":{"id":510359552,"highway":"service","name":null,"oneway":null,"junction":null},"geometry":{"type":"LineString","coordinates":[[91.714752,26.2185907],[91.7147865,26.2178155]]}},{"type":"Feature","properties":{"id":510359554,"highway":"service","name":null,"oneway":null,"junction":null},"geometry":{"type":"LineString","coordinates":[[91.7180995,26.2184807],[91.7180725,26.2180129]]}},{"type":"Feature","properties":{"id":510364222,"highway":"residential","name":null,"oneway":null,"junction":null},"geometry":{"type":"LineString","coordinates":[[91.7287924,26.214416],[91.7284258,26.2144222]]}},{"type":"Feature","properties":{"id":510364223,"highway":"residential","name":null,"oneway":null,"junction":null},"geometry":{"type":"LineString","coordinates":[[91.728572,26.2130234],[91.7290178,26.2130978]]}},{"type":"Feature","properties":{"id":510364224,"highway":"residential","name":null,"oneway":null,"junction":null},"geometry":{"type":"LineString","coordinates":[[91.7321525,26.2127249],[91.7312536,26.212625]]}},{"type":"Feature","properties":{"id":510364225,"highway":"residential","name":null,"oneway":null,"junction":null},"geometry":{"type":"LineString","coordinates":[[91.7299581,26.2136982],[91.7303014,26.2127333],[91.7310149,26.212803],[91.7310685,26.212726],[91.7311517,26.2127068],[91.7312107,26.2126924],[91.7312536,26.212625],[91.7313475,26.2120499]]}},{"type":"Feature","properties":{"id":510364226,"highway":"residential","name":null,"oneway":null,"junction":null},"geometry":{"type":"LineString","coordinates":[[91.7310791,26.2119491],[91.7311785,26.2120089],[91.7312509,26.212033],[91.7313475,26.2120499],[91.7316211,26.2119945],[91.7318276,26.2119873],[91.7320583,26.2120114],[91.7322646,26.2120742]]}},{"type":"Feature","properties":{"id":510364228,"highway":"residential","name":null,"oneway":null,"junction":null},"geometry":{"type":"LineString","coordinates":[[91.7280398,26.2136321],[91.7280557,26.2137226],[91.7280698,26.2137575],[91.7281176,26.2137861],[91.7282379,26.2137813],[91.7288789,26.2138014]]}},{"type":"Feature","properties":{"id":510364230,"highway":"residential","name":null,"oneway":null,"junction":null},"geometry":{"type":"LineString","coordinates":[[91.7288789,26.2138014],[91.728994,26.2138273],[91.7290594,26.2138567],[91.7292342,26.2139607],[91.7292882,26.2139928],[91.7293489,26.2140243],[91.7294306,26.2140264],[91.7296081,26.2140452],[91.7297178,26.2140599],[91.7297739,26.2140997],[91.7299031,26.2142163]]}},{"type":"Feature","properties":{"id":510364232,"highway":"residential","name":null,"oneway":null,"junction":null},"geometry":{"type":"LineString","coordinates":[[91.7292342,26.2139607],[91.7293331,26.2137427],[91.7294311,26.2137406],[91.7294615,26.2136233],[91.7296273,26.2136442]]}},{"type":"Feature","properties":{"id":510364234,"highway":"residential","name":null,"oneway":null,"junction":null},"geometry":{"type":"LineString","coordinates":[[91.7293114,26.2174928],[91.7288433,26.2174957],[91.7284771,26.2175024]]}},{"type":"Feature","properties":{"id":510364237,"highway":"residential","name":null,"oneway":null,"junction":null},"geometry":{"type":"LineString","coordinates":[[91.7283701,26.2168889],[91.7286972,26.2169041],[91.7295324,26.2169676]]}},{"type":"Feature","properties":{"id":510364238,"highway":"residential","name":null,"oneway":null,"junction":null},"geometry":{"type":"LineString","coordinates":[[91.7115166,26.2112801],[91.7120073,26.2112834],[91.7125311,26.2113659]]}},{"type":"Feature","properties":{"id":510364241,"highway":"residential","name":null,"oneway":null,"junction":null},"geometry":{"type":"LineString","coordinates":[[91.7115391,26.2110764],[91.7115166,26.2112801]]}},{"type":"Feature","properties":{"id":510364242,"highway":"residential","name":null,"oneway":null,"junction":null},"geometry":{"type":"LineString","coordinates":[[91.7117085,26.211078],[91.7117639,26.2106842],[91.7118625,26.210499],[91.7118317,26.210123]]}},{"type":"Feature","properties":{"id":510364244,"highway":"residential","name":null,"oneway":null,"junction":null},"geometry":{"type":"LineString","coordinates":[[91.7134359,26.2105342],[91.7136546,26.2106631],[91.7137644,26.2106987],[91.7140586,26.2107239],[91.7143743,26.2107507]]}},{"type":"Feature","properties":{"id":510364246,"highway":"residential","name":null,"oneway":null,"junction":null},"geometry":{"type":"LineString","coordinates":[[91.7140876,26.2104166],[91.7144206,26.2104722]]}},{"type":"Feature","properties":{"id":510364248,"highway":"residential","name":null,"oneway":null,"junction":null},"geometry":{"type":"LineString","coordinates":[[91.7152554,26.2109439],[91.7153023,26.2101106]]}},{"type":"Feature","properties":{"id":510364250,"highway":"residential","name":null,"oneway":null,"junction":null},"geometry":{"type":"LineString","coordinates":[[91.7139715,26.2120498],[91.7145736,26.2120848],[91.7146061,26.2122015],[91.7146427,26.2122434]]}},{"type":"Feature","properties":{"id":510364252,"highway":"residential","name":null,"oneway":null,"junction":null},"geometry":{"type":"LineString","coordinates":[[91.7140586,26.2107239],[91.7140238,26.210924],[91.713823,26.2109093],[91.7137669,26.2113178],[91.7137553,26.2113848]]}},{"type":"Feature","properties":{"id":510364254,"highway":"residential","name":null,"oneway":null,"junction":null},"geometry":{"type":"LineString","coordinates":[[91.7156993,26.210924],[91.7157248,26.2114438],[91.7162805,26.2113961],[91.7162946,26.2117613],[91.7163406,26.2120248],[91.7167615,26.2120537],[91.717132,26.2120891],[91.7173518,26.2120959]]}},{"type":"Feature","properties":{"id":510364256,"highway":"residential","name":null,"oneway":null,"junction":null},"geometry":{"type":"LineString","coordinates":[[91.7177565,26.2092281],[91.7175729,26.2088573],[91.7175375,26.2082127],[91.7172933,26.2081682],[91.7173004,26.207965],[91.7171906,26.207892],[91.7171694,26.2074569],[91.717134,26.2071838]]}},{"type":"Feature","properties":{"id":510364257,"highway":"residential","name":null,"oneway":null,"junction":null},"geometry":{"type":"LineString","coordinates":[[91.7138314,26.2132856],[91.7140433,26.2134003],[91.7144081,26.213381],[91.7145905,26.2132703],[91.7148212,26.2132848],[91.715084,26.2132848],[91.7153845,26.2131741],[91.7154542,26.2131548]]}},{"type":"Feature","properties":{"id":510364261,"highway":"residential","name":null,"oneway":null,"junction":null},"geometry":{"type":"LineString","coordinates":[[91.7296685,26.2190739],[91.7296616,26.2189615],[91.7296133,26.2189182],[91.7294041,26.2188388],[91.7293773,26.2187955],[91.7293612,26.2187449],[91.7294068,26.2185356],[91.7294551,26.218384],[91.7295007,26.2183455],[91.7295758,26.2183359],[91.7298386,26.2183479],[91.7299137,26.218319],[91.7300639,26.2181626]]}},{"type":"Feature","properties":{"id":510364263,"highway":"residential","name":null,"oneway":null,"junction":null},"geometry":{"type":"LineString","coordinates":[[91.7358863,26.2108676],[91.7358743,26.2115676],[91.7357483,26.2124648],[91.7357427,26.2125353],[91.7357198,26.2128223],[91.7357016,26.2129925],[91.7356493,26.2134803],[91.7356182,26.2137706],[91.7356182,26.2141353],[91.7356693,26.2144511],[91.7358011,26.215266],[91.7358418,26.2154775]]}},{"type":"Feature","properties":{"id":510364264,"highway":"residential","name":null,"oneway":null,"junction":null},"geometry":{"type":"LineString","coordinates":[[91.7341291,26.2135115],[91.7356493,26.2134803]]}},{"type":"Feature","properties":{"id":510364266,"highway":"residential","name":null,"oneway":null,"junction":null},"geometry":{"type":"LineString","coordinates":[[91.7369354,26.2106352],[91.7369399,26.2114368],[91.7364075,26.2114536],[91.7364169,26.2119521]]}},{"type":"Feature","properties":{"id":510364268,"highway":"residential","name":null,"oneway":null,"junction":null},"geometry":{"type":"LineString","coordinates":[[91.7381399,26.2104157],[91.7381354,26.2114117],[91.7380607,26.2114536],[91.737972,26.2115164],[91.7379486,26.211663],[91.7379486,26.2119228],[91.738,26.2120569],[91.7379206,26.2125178]]}},{"type":"Feature","properties":{"id":510364270,"highway":"residential","name":null,"oneway":null,"junction":null},"geometry":{"type":"LineString","coordinates":[[91.7162805,26.2113961],[91.7164037,26.2113755],[91.7165064,26.2113279],[91.7166621,26.2112993],[91.717239,26.2112802]]}},{"type":"Feature","properties":{"id":510364272,"highway":"residential","name":null,"oneway":null,"junction":null},"geometry":{"type":"LineString","coordinates":[[91.7247651,26.2096245],[91.7241735,26.2096866],[91.7241186,26.2096923],[91.7240478,26.2097448],[91.7238105,26.2098444]]}},{"type":"Feature","properties":{"id":510364274,"highway":"residential","name":null,"oneway":null,"junction":null},"geometry":{"type":"LineString","coordinates":[[91.7246748,26.2091694],[91.7241186,26.2092611],[91.7241735,26.2096866]]}},{"type":"Feature","properties":{"id":510364275,"highway":"residential","name":null,"oneway":null,"junction":null},"geometry":{"type":"LineString","coordinates":[[91.7245723,26.2078902],[91.7250879,26.2078409]]}},{"type":"Feature","properties":{"id":510364276,"highway":"residential","name":null,"oneway":null,"junction":null},"geometry":{"type":"LineString","coordinates":[[91.7246138,26.2083009],[91.7250294,26.2082362]]}},{"type":"Feature","properties":{"id":510364277,"highway":"residential","name":null,"oneway":null,"junction":null},"geometry":{"type":"LineString","coordinates":[[91.7246686,26.2091384],[91.7250073,26.2091252]]}},{"type":"Feature","properties":{"id":510364278,"highway":"residential","name":null,"oneway":null,"junction":null},"geometry":{"type":"LineString","coordinates":[[91.7247586,26.2095919],[91.7248366,26.2095546],[91.7253526,26.2095672]]}},{"type":"Feature","properties":{"id":510364279,"highway":"residential","name":null,"oneway":null,"junction":null},"geometry":{"type":"LineString","coordinates":[[91.728044,26.2163389],[91.7283997,26.2164054]]}},{"type":"Feature","properties":{"id":510364280,"highway":"residential","name":null,"oneway":null,"junction":null},"geometry":{"type":"LineString","coordinates":[[91.7283733,26.2169743],[91.7278788,26.2169015],[91.7277947,26.2169099],[91.7277107,26.2169601],[91.7276593,26.2169601],[91.7270942,26.2169434]]}},{"type":"Feature","properties":{"id":510364281,"highway":"residential","name":null,"oneway":null,"junction":null},"geometry":{"type":"LineString","coordinates":[[91.7284509,26.2179391],[91.7280237,26.2179079],[91.7279888,26.217956],[91.727954,26.2180066],[91.7278896,26.2180186],[91.7276938,26.2179993],[91.7276723,26.217956],[91.7276375,26.2179007],[91.7275516,26.2178935],[91.7271493,26.2179031]]}},{"type":"Feature","properties":{"id":510364282,"highway":"residential","name":null,"oneway":null,"junction":null},"geometry":{"type":"LineString","coordinates":[[91.7285098,26.2183318],[91.7271815,26.2181774]]}},{"type":"Feature","properties":{"id":510364283,"highway":"residential","name":null,"oneway":null,"junction":null},"geometry":{"type":"LineString","coordinates":[[91.7287916,26.2188568],[91.7287197,26.2192639],[91.7286277,26.2193624],[91.7284295,26.2194259]]}},{"type":"Feature","properties":{"id":510364284,"highway":"residential","name":null,"oneway":null,"junction":null},"geometry":{"type":"LineString","coordinates":[[91.7299129,26.2194109],[91.7297461,26.2198386],[91.7296753,26.2199847],[91.729201,26.2205498],[91.7290488,26.2206006],[91.7285817,26.2205149],[91.7285533,26.2204323],[91.7286135,26.2203466],[91.7287622,26.2202577],[91.7288931,26.2199751]]}},{"type":"Feature","properties":{"id":510364285,"highway":"residential","name":null,"oneway":null,"junction":null},"geometry":{"type":"LineString","coordinates":[[91.7285735,26.2236666],[91.7284687,26.2232564],[91.72829,26.2228639],[91.7281787,26.2226253],[91.7281056,26.2222492],[91.7281096,26.2221087]]}},{"type":"Feature","properties":{"id":510364286,"highway":"residential","name":null,"oneway":null,"junction":null},"geometry":{"type":"LineString","coordinates":[[91.7255846,26.2228846],[91.7257647,26.2227598],[91.7259409,26.2226377],[91.7262842,26.2223678],[91.7263302,26.2222725],[91.7263903,26.221919],[91.7264505,26.2215645]]}},{"type":"Feature","properties":{"id":510364287,"highway":"residential","name":null,"oneway":null,"junction":null},"geometry":{"type":"LineString","coordinates":[[91.7257647,26.2227598],[91.7258222,26.2220556],[91.7258526,26.2220095],[91.7258829,26.2219969],[91.725946,26.2220011],[91.726058,26.2220535],[91.7261071,26.2219131],[91.7261351,26.2218859],[91.7261841,26.2218796],[91.7263903,26.221919]]}},{"type":"Feature","properties":{"id":510364288,"highway":"residential","name":null,"oneway":null,"junction":null},"geometry":{"type":"LineString","coordinates":[[91.7222562,26.221356],[91.7222047,26.2214897],[91.7222154,26.2217351],[91.7221725,26.2218506],[91.7221108,26.2219349],[91.7219123,26.2220191],[91.7217916,26.2219878],[91.7217299,26.2219493],[91.7216226,26.2219493],[91.7215609,26.2220119]]}},{"type":"Feature","properties":{"id":510364289,"highway":"residential","name":null,"oneway":null,"junction":null},"geometry":{"type":"LineString","coordinates":[[91.7229037,26.2220464],[91.7226067,26.2221714]]}},{"type":"Feature","properties":{"id":510364290,"highway":"residential","name":null,"oneway":null,"junction":null},"geometry":{"type":"LineString","coordinates":[[91.7195666,26.2199661],[91.7195711,26.2213041]]}},{"type":"Feature","properties":{"id":510364291,"highway":"residential","name":null,"oneway":null,"junction":null},"geometry":{"type":"LineString","coordinates":[[91.7186699,26.2199625],[91.7186838,26.2214088]]}},{"type":"Feature","properties":{"id":510371031,"highway":"residential","name":null,"oneway":null,"junction":null},"geometry":{"type":"LineString","coordinates":[[91.7098543,26.2081805],[91.7105745,26.2081109],[91.7108469,26.2081364],[91.7111518,26.2082313],[91.7113023,26.2083042],[91.7114324,26.2083188],[91.7118674,26.2082167]]}},{"type":"Feature","properties":{"id":510371032,"highway":"residential","name":null,"oneway":null,"junction":null},"geometry":{"type":"LineString","coordinates":[[91.7099662,26.2097159],[91.7103133,26.2097297],[91.7104113,26.2097443]]}},{"type":"Feature","properties":{"id":510371033,"highway":"residential","name":null,"oneway":null,"junction":null},"geometry":{"type":"LineString","coordinates":[[91.7131968,26.2041959],[91.7131234,26.2044047],[91.7131003,26.2044282],[91.713034,26.2044102],[91.7130186,26.2044241]]}},{"type":"Feature","properties":{"id":510371034,"highway":"residential","name":null,"oneway":null,"junction":null},"geometry":{"type":"LineString","coordinates":[[91.7137466,26.2048091],[91.7137386,26.205138],[91.7136919,26.205138],[91.7136895,26.2052847]]}},{"type":"Feature","properties":{"id":510371035,"highway":"residential","name":null,"oneway":null,"junction":null},"geometry":{"type":"LineString","coordinates":[[91.7138164,26.2066309],[91.7135277,26.2065881],[91.7135257,26.2064878]]}},{"type":"Feature","properties":{"id":510371036,"highway":"residential","name":null,"oneway":null,"junction":null},"geometry":{"type":"LineString","coordinates":[[91.7130423,26.2109302],[91.7131517,26.2110744],[91.7131634,26.2111875],[91.7131567,26.211259],[91.7131424,26.2114138]]}},{"type":"Feature","properties":{"id":510371037,"highway":"residential","name":null,"oneway":null,"junction":null},"geometry":{"type":"LineString","coordinates":[[91.7131567,26.211259],[91.713593,26.2113237]]}},{"type":"Feature","properties":{"id":510371038,"highway":"residential","name":null,"oneway":null,"junction":null},"geometry":{"type":"LineString","coordinates":[[91.7140953,26.2097304],[91.7143877,26.2096238],[91.7145254,26.2096196],[91.7151059,26.2097347]]}},{"type":"Feature","properties":{"id":510371039,"highway":"residential","name":null,"oneway":null,"junction":null},"geometry":{"type":"LineString","coordinates":[[91.7149778,26.2100609],[91.7151059,26.2097347],[91.7151816,26.2095421]]}},{"type":"Feature","properties":{"id":510371040,"highway":"residential","name":null,"oneway":null,"junction":null},"geometry":{"type":"LineString","coordinates":[[91.7183739,26.2058784],[91.7183954,26.2055329],[91.7184663,26.2055052],[91.7185865,26.2054942],[91.7188484,26.2055439],[91.7189747,26.2055771],[91.719024,26.2055743],[91.7191349,26.2055273],[91.7192027,26.2054803],[91.7192489,26.2054831],[91.7194122,26.2055135],[91.7195478,26.205508],[91.719626,26.2054855],[91.7197111,26.205461],[91.7198004,26.2054223],[91.7200469,26.2053781],[91.7201855,26.2053587],[91.7202502,26.2053145],[91.720355,26.2050463],[91.7203673,26.2049468],[91.7204012,26.2049054],[91.7205029,26.2048971],[91.7207374,26.2048854]]}},{"type":"Feature","properties":{"id":510371041,"highway":"residential","name":null,"oneway":null,"junction":null},"geometry":{"type":"LineString","coordinates":[[91.719626,26.2054855],[91.7200434,26.2055836],[91.7201368,26.2059314],[91.7208766,26.2060807]]}},{"type":"Feature","properties":{"id":510371042,"highway":"residential","name":null,"oneway":null,"junction":null},"geometry":{"type":"LineString","coordinates":[[91.7194238,26.2042754],[91.7194107,26.2039739]]}},{"type":"Feature","properties":{"id":510371044,"highway":"residential","name":null,"oneway":null,"junction":null},"geometry":{"type":"LineString","coordinates":[[91.7144181,26.2055138],[91.7148011,26.2054365],[91.7151304,26.2054365],[91.7156752,26.2054548],[91.7156995,26.2055751],[91.7160654,26.2055678],[91.7161224,26.2055861],[91.7161752,26.2056225],[91.7167647,26.2056846],[91.7170533,26.2056955],[91.7171997,26.2056736],[91.7173054,26.2056298],[91.7175453,26.2055204],[91.7176063,26.2055204],[91.7177404,26.2055241],[91.7183954,26.2055329]]}},{"type":"Feature","properties":{"id":510371045,"highway":"residential","name":null,"oneway":null,"junction":null},"geometry":{"type":"LineString","coordinates":[[91.71863,26.20439],[91.7190406,26.2043426],[91.7191291,26.2043012]]}},{"type":"Feature","properties":{"id":510371046,"highway":"residential","name":null,"oneway":null,"junction":null},"geometry":{"type":"LineString","coordinates":[[91.7206415,26.2039844],[91.7206607,26.2037535],[91.7207465,26.203496],[91.7208458,26.2032795],[91.7209262,26.2031688],[91.7209987,26.2031278],[91.721122,26.2031256]]}},{"type":"Feature","properties":{"id":510371048,"highway":"residential","name":null,"oneway":null,"junction":null},"geometry":{"type":"LineString","coordinates":[[91.7234742,26.2015784],[91.7234574,26.2020969],[91.723514,26.2022048],[91.7235175,26.2023223],[91.7234715,26.2027193]]}},{"type":"Feature","properties":{"id":510371049,"highway":"residential","name":null,"oneway":null,"junction":null},"geometry":{"type":"LineString","coordinates":[[91.7243361,26.2031508],[91.7239564,26.2032782],[91.7238821,26.2032782],[91.7238148,26.2032623],[91.7237299,26.2032178],[91.7236556,26.2032115],[91.7235671,26.2032178],[91.7234609,26.2032654],[91.723337,26.2033798]]}},{"type":"Feature","properties":{"id":510371050,"highway":"residential","name":null,"oneway":null,"junction":null},"geometry":{"type":"LineString","coordinates":[[91.7244167,26.2041445],[91.7239281,26.2041768],[91.7233335,26.2042181],[91.7231707,26.2042181]]}},{"type":"Feature","properties":{"id":510371051,"highway":"residential","name":null,"oneway":null,"junction":null},"geometry":{"type":"LineString","coordinates":[[91.7244345,26.2044192],[91.7233397,26.2044969]]}},{"type":"Feature","properties":{"id":510371052,"highway":"residential","name":null,"oneway":null,"junction":null},"geometry":{"type":"LineString","coordinates":[[91.7243766,26.2064315],[91.7237715,26.2064895]]}},{"type":"Feature","properties":{"id":510371053,"highway":"residential","name":null,"oneway":null,"junction":null},"geometry":{"type":"LineString","coordinates":[[91.7209292,26.2065326],[91.7217151,26.2064524],[91.7218198,26.2063252],[91.7224237,26.2063224],[91.72255,26.2063694],[91.7226794,26.2066569],[91.7227934,26.2071158],[91.7228354,26.2072855]]}},{"type":"Feature","properties":{"id":510371054,"highway":"residential","name":null,"oneway":null,"junction":null},"geometry":{"type":"LineString","coordinates":[[91.7208148,26.2055499],[91.7210662,26.2055318],[91.7211068,26.2054971],[91.721117,26.2054734]]}},{"type":"Feature","properties":{"id":510371055,"highway":"residential","name":null,"oneway":null,"junction":null},"geometry":{"type":"LineString","coordinates":[[91.7139974,26.2027404],[91.7142308,26.202899],[91.71439,26.2029784],[91.7151014,26.2030673]]}},{"type":"Feature","properties":{"id":510371056,"highway":"residential","name":null,"oneway":null,"junction":null},"geometry":{"type":"LineString","coordinates":[[91.7158221,26.2020787],[91.7157632,26.2023497],[91.7156995,26.2023846],[91.7155933,26.2023973],[91.7152076,26.202302]]}},{"type":"Feature","properties":{"id":510371057,"highway":"residential","name":null,"oneway":null,"junction":null},"geometry":{"type":"LineString","coordinates":[[91.7150135,26.2009212],[91.7151959,26.2009488],[91.7154012,26.2009615],[91.7165302,26.2010568]]}},{"type":"Feature","properties":{"id":510371058,"highway":"residential","name":null,"oneway":null,"junction":null},"geometry":{"type":"LineString","coordinates":[[91.7163531,26.2021871],[91.7164488,26.2019427]]}},{"type":"Feature","properties":{"id":510371059,"highway":"residential","name":null,"oneway":null,"junction":null},"geometry":{"type":"LineString","coordinates":[[91.7167793,26.2022752],[91.7168346,26.2020189],[91.7166895,26.2019396],[91.7167532,26.2017332]]}},{"type":"Feature","properties":{"id":510371060,"highway":"residential","name":null,"oneway":null,"junction":null},"geometry":{"type":"LineString","coordinates":[[91.7184234,26.2026157],[91.7184639,26.2023584],[91.7195314,26.2026207],[91.7194833,26.2028411]]}},{"type":"Feature","properties":{"id":510371061,"highway":"residential","name":null,"oneway":null,"junction":null},"geometry":{"type":"LineString","coordinates":[[91.7217875,26.2015267],[91.7219301,26.2010346],[91.7220805,26.2007464],[91.7221659,26.2005494],[91.7222322,26.2004313],[91.7223708,26.2004424],[91.7225872,26.1999938]]}},{"type":"Feature","properties":{"id":510371062,"highway":"residential","name":null,"oneway":null,"junction":null},"geometry":{"type":"LineString","coordinates":[[91.7178068,26.1982674],[91.7178983,26.198169],[91.7178956,26.198079],[91.7178881,26.1978315],[91.7177905,26.1978352],[91.717192,26.1979188],[91.7171635,26.1978677],[91.717132,26.1977141]]}},{"type":"Feature","properties":{"id":510371063,"highway":"residential","name":null,"oneway":null,"junction":null},"geometry":{"type":"LineString","coordinates":[[91.717403,26.198094],[91.7178956,26.198079]]}},{"type":"Feature","properties":{"id":510371064,"highway":"residential","name":null,"oneway":null,"junction":null},"geometry":{"type":"LineString","coordinates":[[91.7180147,26.1974882],[91.7180919,26.1977609],[91.7180802,26.1978635],[91.7182716,26.1978929]]}},{"type":"Feature","properties":{"id":510371065,"highway":"residential","name":null,"oneway":null,"junction":null},"geometry":{"type":"LineString","coordinates":[[91.7153422,26.1994318],[91.7158143,26.1994958]]}},{"type":"Feature","properties":{"id":510371066,"highway":"residential","name":null,"oneway":null,"junction":null},"geometry":{"type":"LineString","coordinates":[[91.7175612,26.2024367],[91.7176337,26.2021179]]}},{"type":"Feature","properties":{"id":510371067,"highway":"residential","name":null,"oneway":null,"junction":null},"geometry":{"type":"LineString","coordinates":[[91.7236276,26.1988359],[91.7231678,26.1987755],[91.7229523,26.1992096]]}},{"type":"Feature","properties":{"id":510371068,"highway":"residential","name":null,"oneway":null,"junction":null},"geometry":{"type":"LineString","coordinates":[[91.7286245,26.2035739],[91.7279755,26.2033722],[91.7277585,26.2033059],[91.7277232,26.2033066],[91.7276929,26.2033237],[91.7275804,26.2035206],[91.7275319,26.2036053],[91.727471,26.2036387],[91.7274102,26.2036462],[91.7271499,26.2036147],[91.7271153,26.203633],[91.7271043,26.2036706],[91.7271135,26.2039335],[91.727123,26.2042032],[91.7272002,26.2048744],[91.7272531,26.2054799],[91.7272565,26.205742]]}},{"type":"Feature","properties":{"id":510371070,"highway":"residential","name":null,"oneway":null,"junction":null},"geometry":{"type":"LineString","coordinates":[[91.7263536,26.2033311],[91.7269947,26.2034008],[91.7273029,26.2034312],[91.7273872,26.2034513],[91.7274606,26.2034714],[91.7275804,26.2035206]]}},{"type":"Feature","properties":{"id":510371073,"highway":"residential","name":null,"oneway":null,"junction":null},"geometry":{"type":"LineString","coordinates":[[91.7243763,26.205448],[91.7251977,26.205387],[91.7252048,26.205098],[91.7243946,26.2051242]]}},{"type":"Feature","properties":{"id":510371074,"highway":"residential","name":null,"oneway":null,"junction":null},"geometry":{"type":"LineString","coordinates":[[91.7162777,26.2021717],[91.716147,26.2026935],[91.716037,26.203133],[91.7160083,26.2032478]]}},{"type":"Feature","properties":{"id":510371075,"highway":"residential","name":null,"oneway":null,"junction":null},"geometry":{"type":"LineString","coordinates":[[91.716147,26.2026935],[91.7164768,26.2027572],[91.7165188,26.202598]]}},{"type":"Feature","properties":{"id":510371076,"highway":"residential","name":null,"oneway":null,"junction":null},"geometry":{"type":"LineString","coordinates":[[91.7146124,26.2037508],[91.714699,26.203309],[91.7152954,26.2032912],[91.7154058,26.2032421],[91.7154417,26.2031197],[91.7155088,26.2030808],[91.716037,26.203133]]}},{"type":"Feature","properties":{"id":510371077,"highway":"residential","name":null,"oneway":null,"junction":null},"geometry":{"type":"LineString","coordinates":[[91.7218285,26.1996417],[91.7215414,26.200209],[91.7213546,26.2001441],[91.7215017,26.1998885]]}},{"type":"Feature","properties":{"id":510371078,"highway":"residential","name":null,"oneway":null,"junction":null},"geometry":{"type":"LineString","coordinates":[[91.7205224,26.1997278],[91.7203642,26.1997206],[91.7204783,26.1990681]]}},{"type":"Feature","properties":{"id":510371079,"highway":"residential","name":null,"oneway":null,"junction":null},"geometry":{"type":"LineString","coordinates":[[91.7201563,26.1990452],[91.7200749,26.1993729],[91.7197863,26.1992836],[91.7197517,26.1994003],[91.7196582,26.1993912]]}},{"type":"Feature","properties":{"id":510371080,"highway":"residential","name":null,"oneway":null,"junction":null},"geometry":{"type":"LineString","coordinates":[[91.7187914,26.1986315],[91.7189867,26.1986788],[91.7190436,26.1984927],[91.7188328,26.1984241]]}},{"type":"Feature","properties":{"id":510371084,"highway":"residential","name":null,"oneway":null,"junction":null},"geometry":{"type":"LineString","coordinates":[[91.7262994,26.2012027],[91.7261974,26.2015198],[91.7261426,26.2016903],[91.7260422,26.2020025]]}},{"type":"Feature","properties":{"id":510371085,"highway":"residential","name":null,"oneway":null,"junction":null},"geometry":{"type":"LineString","coordinates":[[91.7310428,26.2011801],[91.7307574,26.2017127]]}},{"type":"Feature","properties":{"id":510371086,"highway":"residential","name":null,"oneway":null,"junction":null},"geometry":{"type":"LineString","coordinates":[[91.7225702,26.1971039],[91.7228797,26.1970997]]}},{"type":"Feature","properties":{"id":510371087,"highway":"residential","name":null,"oneway":null,"junction":null},"geometry":{"type":"LineString","coordinates":[[91.72257,26.1973606],[91.7230415,26.1973499]]}},{"type":"Feature","properties":{"id":510371088,"highway":"residential","name":null,"oneway":null,"junction":null},"geometry":{"type":"LineString","coordinates":[[91.722574,26.1972389],[91.7224769,26.1972423],[91.7223822,26.1972268],[91.7223144,26.1971513],[91.722193,26.1970801],[91.7220681,26.1970455],[91.7220132,26.1970068],[91.7220062,26.1969293],[91.7220086,26.1968496],[91.7217783,26.1967227]]}},{"type":"Feature","properties":{"id":510371089,"highway":"residential","name":null,"oneway":null,"junction":null},"geometry":{"type":"LineString","coordinates":[[91.7197553,26.1966711],[91.7200295,26.1966594],[91.7200449,26.1966587],[91.7202725,26.1966752],[91.720738,26.1967262],[91.7213458,26.1967791],[91.721608,26.1968083],[91.7216202,26.1968448],[91.7216162,26.1969196],[91.7216124,26.1970468]]}},{"type":"Feature","properties":{"id":510371090,"highway":"residential","name":null,"oneway":null,"junction":null},"geometry":{"type":"LineString","coordinates":[[91.7221684,26.1961654],[91.7217517,26.1960693]]}},{"type":"Feature","properties":{"id":510371091,"highway":"residential","name":null,"oneway":null,"junction":null},"geometry":{"type":"LineString","coordinates":[[91.7209634,26.194613],[91.7209538,26.1949527]]}},{"type":"Feature","properties":{"id":510373233,"highway":"residential","name":null,"oneway":null,"junction":null},"geometry":{"type":"LineString","coordinates":[[91.7199847,26.1951079],[91.7201477,26.1951302],[91.7201353,26.195262]]}},{"type":"Feature","properties":{"id":510373234,"highway":"residential","name":null,"oneway":null,"junction":null},"geometry":{"type":"LineString","coordinates":[[91.7200295,26.1966594],[91.7199992,26.1965995],[91.7200287,26.1959232],[91.7201387,26.1959136],[91.721225,26.1959424],[91.7217105,26.1959882],[91.7217517,26.1960693],[91.7216756,26.1966211],[91.7216434,26.1967583],[91.721608,26.1968083]]}},{"type":"Feature","properties":{"id":510373235,"highway":"residential","name":null,"oneway":null,"junction":null},"geometry":{"type":"LineString","coordinates":[[91.7223875,26.1954314],[91.7218296,26.1956314]]}},{"type":"Feature","properties":{"id":510373236,"highway":"residential","name":null,"oneway":null,"junction":null},"geometry":{"type":"LineString","coordinates":[[91.7217489,26.1939207],[91.7210532,26.1939549],[91.7210135,26.1939864],[91.7209551,26.1940471],[91.7207239,26.1941079],[91.7206282,26.19411],[91.7201754,26.1940538]]}},{"type":"Feature","properties":{"id":510373237,"highway":"residential","name":null,"oneway":null,"junction":null},"geometry":{"type":"LineString","coordinates":[[91.7219281,26.1943622],[91.7213334,26.1944955]]}},{"type":"Feature","properties":{"id":510373238,"highway":"residential","name":null,"oneway":null,"junction":null},"geometry":{"type":"LineString","coordinates":[[91.7189799,26.1917884],[91.7194791,26.1919737],[91.7196085,26.191993],[91.7197895,26.1920118]]}},{"type":"Feature","properties":{"id":510373239,"highway":"residential","name":null,"oneway":null,"junction":null},"geometry":{"type":"LineString","coordinates":[[91.7182047,26.1904893],[91.7183389,26.1903051],[91.7187114,26.1902337]]}},{"type":"Feature","properties":{"id":510373241,"highway":"residential","name":null,"oneway":null,"junction":null},"geometry":{"type":"LineString","coordinates":[[91.7176057,26.1910692],[91.7180316,26.1911706]]}},{"type":"Feature","properties":{"id":510373242,"highway":"residential","name":null,"oneway":null,"junction":null},"geometry":{"type":"LineString","coordinates":[[91.7178055,26.1905519],[91.71815,26.1906483]]}},{"type":"Feature","properties":{"id":510373243,"highway":"residential","name":null,"oneway":null,"junction":null},"geometry":{"type":"LineString","coordinates":[[91.721026,26.1923562],[91.7209661,26.1927375],[91.7211519,26.1927517]]}},{"type":"Feature","properties":{"id":510373244,"highway":"residential","name":null,"oneway":null,"junction":null},"geometry":{"type":"LineString","coordinates":[[91.7207953,26.1931574],[91.720868,26.1929024],[91.7208334,26.1928751]]}},{"type":"Feature","properties":{"id":510373245,"highway":"residential","name":null,"oneway":null,"junction":null},"geometry":{"type":"LineString","coordinates":[[91.720863,26.1898658],[91.7208737,26.1899717],[91.7208898,26.190003],[91.7209274,26.1900054],[91.7210293,26.1899873],[91.7211004,26.1899621],[91.721142,26.1899536],[91.7212332,26.1899573],[91.7215616,26.1900164]]}},{"type":"Feature","properties":{"id":510373246,"highway":"residential","name":null,"oneway":null,"junction":null},"geometry":{"type":"LineString","coordinates":[[91.7187495,26.1884407],[91.7190284,26.1887223]]}},{"type":"Feature","properties":{"id":510373247,"highway":"residential","name":null,"oneway":null,"junction":null},"geometry":{"type":"LineString","coordinates":[[91.7403375,26.206112],[91.7405854,26.2056954]]}},{"type":"Feature","properties":{"id":510373248,"highway":"residential","name":null,"oneway":null,"junction":null},"geometry":{"type":"LineString","coordinates":[[91.7377968,26.2051141],[91.7378939,26.2046686],[91.7379528,26.2044229],[91.7380048,26.204172],[91.7380442,26.2040102],[91.7380751,26.2038865]]}},{"type":"Feature","properties":{"id":510373253,"highway":"residential","name":null,"oneway":null,"junction":null},"geometry":{"type":"LineString","coordinates":[[91.7372035,26.2037751],[91.737302,26.2033893]]}},{"type":"Feature","properties":{"id":510374902,"highway":"residential","name":null,"oneway":null,"junction":null},"geometry":{"type":"LineString","coordinates":[[91.741776,26.2080619],[91.7420718,26.2079311],[91.742184,26.2078637],[91.7423754,26.2077212],[91.7425208,26.207604],[91.7425987,26.2075316],[91.7426511,26.2074593]]}},{"type":"Feature","properties":{"id":510383890,"highway":"residential","name":null,"oneway":null,"junction":null},"geometry":{"type":"LineString","coordinates":[[91.714408,26.1922971],[91.7148425,26.1925137],[91.7149659,26.1925811],[91.7152073,26.1926485],[91.7154004,26.1926485],[91.715513,26.1925907],[91.7155989,26.1924848],[91.7156686,26.1924078],[91.7157652,26.1923308],[91.7158188,26.1922393],[91.715969,26.1918109],[91.716093,26.1912911]]}},{"type":"Feature","properties":{"id":510383892,"highway":"residential","name":null,"oneway":null,"junction":null},"geometry":{"type":"LineString","coordinates":[[91.7024414,26.1855228],[91.7023558,26.1858966],[91.7022827,26.1861691],[91.7022446,26.1863113],[91.7021321,26.186834],[91.7021182,26.186946],[91.7021178,26.1870648],[91.7020851,26.1874763],[91.7020642,26.1875127],[91.7020244,26.1875218],[91.7019101,26.1875075],[91.7016939,26.1874767],[91.7015179,26.1874444]]}},{"type":"Feature","properties":{"id":510383893,"highway":"residential","name":null,"oneway":null,"junction":null},"geometry":{"type":"LineString","coordinates":[[91.7038302,26.1871443],[91.7025454,26.1869648]]}},{"type":"Feature","properties":{"id":510383894,"highway":"residential","name":null,"oneway":null,"junction":null},"geometry":{"type":"LineString","coordinates":[[91.7032475,26.1858223],[91.7030816,26.1862061],[91.7030794,26.1862308],[91.7030898,26.1862468],[91.703114,26.1862639],[91.7036217,26.1864004]]}},{"type":"Feature","properties":{"id":510383895,"highway":"residential","name":null,"oneway":null,"junction":null},"geometry":{"type":"LineString","coordinates":[[91.7108354,26.2048825],[91.7107589,26.2047136],[91.7107133,26.2044344],[91.7101098,26.2044128],[91.7096726,26.2044031]]}},{"type":"Feature","properties":{"id":510383896,"highway":"residential","name":null,"oneway":null,"junction":null},"geometry":{"type":"LineString","coordinates":[[91.7137366,26.1997572],[91.713682,26.200274]]}},{"type":"Feature","properties":{"id":510383897,"highway":"residential","name":null,"oneway":null,"junction":null},"geometry":{"type":"LineString","coordinates":[[91.7136775,26.1997493],[91.7137142,26.19941],[91.7140388,26.1994437],[91.7141031,26.1989552],[91.714138,26.1988012],[91.714197,26.1987265],[91.7143231,26.1986207],[91.7144829,26.1979934]]}},{"type":"Feature","properties":{"id":510383898,"highway":"residential","name":null,"oneway":null,"junction":null},"geometry":{"type":"LineString","coordinates":[[91.7133187,26.1996973],[91.7133944,26.1992406]]}},{"type":"Feature","properties":{"id":510383899,"highway":"residential","name":null,"oneway":null,"junction":null},"geometry":{"type":"LineString","coordinates":[[91.7118567,26.1996335],[91.7118629,26.1999266],[91.711906,26.2000454],[91.7120385,26.200109],[91.7122764,26.2001475]]}},{"type":"Feature","properties":{"id":510383900,"highway":"residential","name":null,"oneway":null,"junction":null},"geometry":{"type":"LineString","coordinates":[[91.7149454,26.1907841],[91.7147267,26.1913049]]}},{"type":"Feature","properties":{"id":510383901,"highway":"residential","name":null,"oneway":null,"junction":null},"geometry":{"type":"LineString","coordinates":[[91.7091774,26.1875073],[91.7099744,26.1876387]]}},{"type":"Feature","properties":{"id":510383902,"highway":"residential","name":null,"oneway":null,"junction":null},"geometry":{"type":"LineString","coordinates":[[91.6989142,26.1957712],[91.6989806,26.1959371],[91.6989591,26.1961152],[91.6988787,26.1962355],[91.6986426,26.1964136],[91.6981867,26.1967265],[91.6980794,26.1968853],[91.6980365,26.1970731],[91.6979882,26.1971356],[91.6976609,26.1972319]]}},{"type":"Feature","properties":{"id":510383904,"highway":"residential","name":null,"oneway":null,"junction":null},"geometry":{"type":"LineString","coordinates":[[91.7097642,26.1992505],[91.7100414,26.199171],[91.7100626,26.1988852],[91.7100591,26.1984406],[91.7100379,26.1983548],[91.7099538,26.198248],[91.7098231,26.1981725],[91.7097507,26.1981495],[91.7096914,26.1981435]]}},{"type":"Feature","properties":{"id":510383905,"highway":"residential","name":null,"oneway":null,"junction":null},"geometry":{"type":"LineString","coordinates":[[91.7099538,26.198248],[91.7101329,26.1973344]]}},{"type":"Feature","properties":{"id":510383907,"highway":"residential","name":null,"oneway":null,"junction":null},"geometry":{"type":"LineString","coordinates":[[91.7054851,26.201838],[91.7053163,26.2020214],[91.7052036,26.2020455],[91.7050641,26.2020647],[91.7049944,26.2020599],[91.7049193,26.2020695],[91.7048227,26.2021321],[91.7047154,26.2022332],[91.7045921,26.202238],[91.7032939,26.2021899],[91.7030525,26.2022188],[91.7020171,26.2021754]]}},{"type":"Feature","properties":{"id":510383908,"highway":"residential","name":null,"oneway":null,"junction":null},"geometry":{"type":"LineString","coordinates":[[91.7055391,26.2019118],[91.7054873,26.2020249],[91.7055129,26.2021674],[91.705653,26.2023161],[91.7054499,26.2028315]]}},{"type":"Feature","properties":{"id":510383909,"highway":"service","name":null,"oneway":null,"junction":null},"geometry":{"type":"LineString","coordinates":[[91.7042869,26.2075312],[91.7043479,26.2065755],[91.7043438,26.2064844],[91.7049778,26.2064993],[91.7054252,26.2065099],[91.7054455,26.2061743],[91.7049989,26.2061583],[91.7046888,26.2061953]]}},{"type":"Feature","properties":{"id":510383910,"highway":"service","name":null,"oneway":null,"junction":null},"geometry":{"type":"LineString","coordinates":[[91.7049778,26.2064993],[91.7049989,26.2061583]]}},{"type":"Feature","properties":{"id":510383911,"highway":"residential","name":null,"oneway":null,"junction":null},"geometry":{"type":"LineString","coordinates":[[91.7038013,26.2058257],[91.7037588,26.2058672],[91.7037249,26.2059805],[91.7037034,26.2066799],[91.7036756,26.2068264],[91.7035647,26.2069729],[91.7031703,26.2072245],[91.70293,26.2073516],[91.7027452,26.2073682],[91.7022984,26.2073654],[91.702092,26.2073903],[91.7020149,26.2074262],[91.7018671,26.2075175],[91.7017038,26.2075811],[91.7010772,26.2078011],[91.7009471,26.2078486],[91.7008881,26.2078413],[91.7008292,26.2077939],[91.7005151,26.2074349],[91.7004653,26.207378],[91.7001299,26.2070206],[91.7000344,26.2068327],[91.7000222,26.2067324],[91.7000364,26.2065281],[91.7000933,26.2061233],[91.700129,26.2057766]]}},{"type":"Feature","properties":{"id":510383912,"highway":"residential","name":null,"oneway":null,"junction":null},"geometry":{"type":"LineString","coordinates":[[91.7024177,26.2129092],[91.703379,26.2129424],[91.7039028,26.2130032],[91.7046361,26.2132244],[91.7053632,26.2133183],[91.7060595,26.2133294],[91.7060965,26.2137772],[91.7066757,26.2138601],[91.7072919,26.2137496],[91.708475,26.2135505],[91.7093254,26.213545],[91.709357,26.2133862],[91.7094302,26.2126567],[91.7092147,26.2125984],[91.7089586,26.2125838]]}},{"type":"Feature","properties":{"id":510383913,"highway":"residential","name":null,"oneway":null,"junction":null},"geometry":{"type":"LineString","coordinates":[[91.7046361,26.2132244],[91.704603,26.2130726],[91.7045136,26.2128647],[91.7044079,26.2126824],[91.7043835,26.2125948],[91.7043835,26.2124015],[91.7044079,26.2118653],[91.7052128,26.2119091],[91.705221,26.2116465]]}},{"type":"Feature","properties":{"id":510383921,"highway":"residential","name":null,"oneway":null,"junction":null},"geometry":{"type":"LineString","coordinates":[[91.6907822,26.2024403],[91.6908645,26.2023701],[91.6908726,26.2023227],[91.6907913,26.2017938]]}},{"type":"Feature","properties":{"id":510383922,"highway":"residential","name":null,"oneway":null,"junction":null},"geometry":{"type":"LineString","coordinates":[[91.691579,26.2026754],[91.6916569,26.2027199],[91.6917348,26.2027231],[91.692059,26.2026752]]}},{"type":"Feature","properties":{"id":510383924,"highway":"service","name":null,"oneway":null,"junction":null},"geometry":{"type":"LineString","coordinates":[[91.6941518,26.2033004],[91.6942643,26.2031831],[91.6943324,26.2031122],[91.6945175,26.2029193],[91.694779,26.2026428],[91.6949518,26.2024123],[91.6950001,26.2017943]]}},{"type":"Feature","properties":{"id":510383926,"highway":"service","name":null,"oneway":null,"junction":null},"geometry":{"type":"LineString","coordinates":[[91.6944968,26.2016363],[91.69434,26.2020981],[91.6942653,26.2022196],[91.6942233,26.20245],[91.6941859,26.2028607],[91.6943324,26.2031122]]}},{"type":"Feature","properties":{"id":510383928,"highway":"service","name":null,"oneway":null,"junction":null},"geometry":{"type":"LineString","coordinates":[[91.6940085,26.201369],[91.6942093,26.2015198],[91.6943821,26.2016036],[91.6944968,26.2016363],[91.694765,26.2017126],[91.6949144,26.2017628],[91.6950001,26.2017943],[91.6950373,26.2017921],[91.6951205,26.2016843]]}},{"type":"Feature","properties":{"id":510383930,"highway":"service","name":null,"oneway":null,"junction":null},"geometry":{"type":"LineString","coordinates":[[91.6942643,26.2031831],[91.6939295,26.203086],[91.693145,26.2031153],[91.6929718,26.2031202],[91.6925565,26.2031321]]}},{"type":"Feature","properties":{"id":510384484,"highway":"service","name":null,"oneway":null,"junction":null},"geometry":{"type":"LineString","coordinates":[[91.6922042,26.2021541],[91.6923367,26.2022951],[91.6924291,26.2023504],[91.692537,26.2024803],[91.6925801,26.202613],[91.692614,26.2027346],[91.6926858,26.2028614],[91.6927126,26.2029088],[91.6927711,26.2029641],[91.6929718,26.2031202]]}},{"type":"Feature","properties":{"id":510401426,"highway":"service","name":null,"oneway":null,"junction":null},"geometry":{"type":"LineString","coordinates":[[91.6926858,26.2028614],[91.6929103,26.2024369]]}},{"type":"Feature","properties":{"id":510401427,"highway":"residential","name":null,"oneway":null,"junction":null},"geometry":{"type":"LineString","coordinates":[[91.692929,26.2033428],[91.6928949,26.2037288]]}},{"type":"Feature","properties":{"id":510401428,"highway":"residential","name":null,"oneway":null,"junction":null},"geometry":{"type":"LineString","coordinates":[[91.6877254,26.1976485],[91.6879694,26.1976631],[91.6881645,26.1975792],[91.688567,26.1972619],[91.6886727,26.1972655],[91.6896322,26.1974078]]}},{"type":"Feature","properties":{"id":510401429,"highway":"residential","name":null,"oneway":null,"junction":null},"geometry":{"type":"LineString","coordinates":[[91.689089,26.1961537],[91.6888069,26.1962733],[91.6877946,26.1964119],[91.6877254,26.1964593],[91.6876889,26.1965213],[91.6876929,26.1967074],[91.6877254,26.1976485],[91.6877254,26.1977653],[91.6877458,26.1978419],[91.6877946,26.1978929],[91.6881727,26.1980607],[91.6891362,26.1984511],[91.6895265,26.1985751],[91.6896362,26.198586],[91.6897582,26.1985824],[91.6900021,26.1984729],[91.6901932,26.1984109],[91.6902786,26.1984584],[91.6910225,26.199757],[91.6913813,26.2003621],[91.6914829,26.2004533],[91.6916618,26.2005008],[91.6925033,26.2006759],[91.6950704,26.2012233],[91.6972332,26.2016209],[91.6973511,26.2016099],[91.6974609,26.201537],[91.6975625,26.2013911]]}},{"type":"Feature","properties":{"id":510401430,"highway":"residential","name":null,"oneway":null,"junction":null},"geometry":{"type":"LineString","coordinates":[[91.6968765,26.1999947],[91.6960887,26.2007999]]}},{"type":"Feature","properties":{"id":510401431,"highway":"residential","name":null,"oneway":null,"junction":null},"geometry":{"type":"LineString","coordinates":[[91.6799265,26.2080035],[91.680001,26.207689],[91.680001,26.2053327],[91.6799685,26.2043259]]}},{"type":"Feature","properties":{"id":510401432,"highway":"residential","name":null,"oneway":null,"junction":null},"geometry":{"type":"LineString","coordinates":[[91.6805783,26.2079445],[91.6805099,26.2074878],[91.6804083,26.2068421],[91.6804124,26.2067692],[91.6804408,26.2067218],[91.6805018,26.2066999],[91.6807335,26.2067072],[91.680888,26.2067655],[91.681628,26.2073783],[91.6816889,26.2074257],[91.6817458,26.207444],[91.6818028,26.2074039],[91.6818556,26.2073747],[91.6819329,26.2073856],[91.6820873,26.2075242]]}},{"type":"Feature","properties":{"id":510401433,"highway":"residential","name":null,"oneway":null,"junction":null},"geometry":{"type":"LineString","coordinates":[[91.6819529,26.2078832],[91.6820508,26.2076191],[91.6820873,26.2075242],[91.6823597,26.2072507],[91.6824207,26.2071121],[91.6825141,26.2068424],[91.6833109,26.2066016],[91.6832459,26.2059706]]}},{"type":"Feature","properties":{"id":510401434,"highway":"service","name":null,"oneway":null,"junction":null},"geometry":{"type":"LineString","coordinates":[[91.6855687,26.2041988],[91.6854465,26.2042019],[91.6853804,26.2042501],[91.685345,26.2044088],[91.6853167,26.2046343],[91.6852566,26.2048502],[91.6852277,26.2050734]]}},{"type":"Feature","properties":{"id":510401435,"highway":"residential","name":null,"oneway":null,"junction":null},"geometry":{"type":"LineString","coordinates":[[91.6866267,26.2029679],[91.6866186,26.2035478],[91.686691,26.2036393],[91.6867098,26.203981],[91.6866132,26.2042602],[91.6866051,26.2045503],[91.686573,26.2046441],[91.6866025,26.2048775],[91.6866347,26.2050965],[91.6867433,26.2056391],[91.6867583,26.205676],[91.6867944,26.2056864],[91.687048,26.2056873],[91.6876792,26.2056905],[91.6878414,26.2056946],[91.6879677,26.2059407],[91.6880848,26.2059269],[91.6884268,26.2059517],[91.6888089,26.2059656],[91.6888277,26.205963],[91.6890954,26.2059269]]}},{"type":"Feature","properties":{"id":510401437,"highway":"residential","name":null,"oneway":null,"junction":null},"geometry":{"type":"LineString","coordinates":[[91.6876792,26.2056905],[91.687694,26.2053303],[91.68774,26.2051588],[91.6877966,26.205035],[91.6878249,26.2048889],[91.6878426,26.2046]]}},{"type":"Feature","properties":{"id":510401438,"highway":"residential","name":null,"oneway":null,"junction":null},"geometry":{"type":"LineString","coordinates":[[91.6888277,26.205963],[91.6888052,26.2058352],[91.6887893,26.205732],[91.6887769,26.2056272],[91.6887964,26.2055732],[91.6887928,26.2054843],[91.6888088,26.2054557],[91.6888424,26.2054669],[91.6889556,26.2055605],[91.6890092,26.2055215],[91.6890954,26.2054589]]}},{"type":"Feature","properties":{"id":510401439,"highway":"residential","name":null,"oneway":null,"junction":null},"geometry":{"type":"LineString","coordinates":[[91.687326,26.2069891],[91.6880303,26.2067383],[91.6885258,26.2065954],[91.6888054,26.2065477],[91.6889788,26.2065731],[91.6890286,26.2066018],[91.6891664,26.2066811],[91.6893746,26.2068377],[91.689407,26.2068621],[91.6896017,26.2069574],[91.6897185,26.2069828],[91.6900972,26.2069478],[91.6902458,26.206951],[91.6902989,26.2069732],[91.6903272,26.2070241],[91.6903024,26.2079354],[91.6903131,26.2080021],[91.6904086,26.2082466],[91.6904405,26.2083958],[91.6904381,26.2084552],[91.6904334,26.2085736],[91.6904176,26.2086961],[91.6904051,26.2087927],[91.6903881,26.2091971],[91.690391,26.2093843],[91.6903813,26.2094829],[91.6903545,26.2097366],[91.6903363,26.2098919],[91.6903194,26.2100677],[91.6903122,26.2101116],[91.6902843,26.2101423],[91.6902617,26.2101572],[91.6901971,26.2101683],[91.6900356,26.210202],[91.6899682,26.210221]]}},{"type":"Feature","properties":{"id":510401440,"highway":"residential","name":null,"oneway":null,"junction":null},"geometry":{"type":"LineString","coordinates":[[91.6904381,26.2084552],[91.6905502,26.2083278],[91.6906522,26.2080847],[91.6909848,26.2082171],[91.691076,26.2081473],[91.6911484,26.2080631],[91.6911725,26.208039],[91.6912208,26.2080245],[91.6912905,26.2080582],[91.6915909,26.2083374],[91.6917277,26.208424],[91.6918565,26.2084673],[91.6921488,26.2085443],[91.6922293,26.2085877],[91.6922561,26.2086719],[91.6921944,26.2089414],[91.6921381,26.2089342],[91.6916741,26.2087946]]}},{"type":"Feature","properties":{"id":510401441,"highway":"residential","name":null,"oneway":null,"junction":null},"geometry":{"type":"LineString","coordinates":[[91.6904176,26.2086961],[91.6905368,26.2086238],[91.6906307,26.2085708],[91.6907648,26.2085492],[91.6910921,26.2085034],[91.6911162,26.208359]]}},{"type":"Feature","properties":{"id":510405707,"highway":"residential","name":null,"oneway":null,"junction":null},"geometry":{"type":"LineString","coordinates":[[91.6944923,26.2061413],[91.6945581,26.2061987],[91.6948377,26.2064114],[91.695004,26.2065734],[91.6950076,26.2067004],[91.6949403,26.206821],[91.6948766,26.2069131],[91.6948519,26.207002],[91.6948271,26.2078403]]}},{"type":"Feature","properties":{"id":510405710,"highway":"residential","name":null,"oneway":null,"junction":null},"geometry":{"type":"LineString","coordinates":[[91.6932574,26.2062508],[91.6938099,26.2062845],[91.6942069,26.2062508],[91.6944161,26.2062075],[91.6944923,26.2061413],[91.6945931,26.2060535],[91.6948936,26.205731],[91.6955748,26.2051968],[91.6962508,26.2047347],[91.6966906,26.2045759],[91.6972217,26.2044486]]}},{"type":"Feature","properties":{"id":510405712,"highway":"residential","name":null,"oneway":null,"junction":null},"geometry":{"type":"LineString","coordinates":[[91.7010806,26.2088944],[91.7007373,26.2088752],[91.7006246,26.2079415],[91.700571,26.2078789],[91.7005281,26.207826],[91.7004905,26.2077297],[91.7005151,26.2074349]]}},{"type":"Feature","properties":{"id":510405713,"highway":"service","name":null,"oneway":null,"junction":null},"geometry":{"type":"LineString","coordinates":[[91.7017174,26.2206381],[91.7017592,26.2201084],[91.7017726,26.2199941],[91.7017896,26.2199074],[91.7018093,26.2198281],[91.7018481,26.2197576],[91.70191,26.2196949],[91.7021379,26.219582],[91.7022262,26.2195214],[91.7022741,26.2194668],[91.7022973,26.2194148],[91.7024212,26.2186828],[91.7025053,26.2182202],[91.702554,26.2178807],[91.7026286,26.2174855],[91.7026239,26.2174086],[91.7025973,26.2173281],[91.7025467,26.2172437],[91.7024906,26.2171945],[91.7024193,26.2171597],[91.7022518,26.2170921],[91.7021308,26.2170593],[91.7019312,26.2170265],[91.7015343,26.2169554],[91.7008497,26.2168315],[91.70064,26.2168194],[91.7003568,26.2168318],[91.7002542,26.2168542],[91.7001628,26.2169174],[91.7001078,26.2169813],[91.7000627,26.2170847],[91.7000176,26.2172769]]}},{"type":"Feature","properties":{"id":510405714,"highway":"service","name":null,"oneway":null,"junction":null},"geometry":{"type":"LineString","coordinates":[[91.7042795,26.2209363],[91.7047974,26.2184285]]}},{"type":"Feature","properties":{"id":510405715,"highway":"service","name":null,"oneway":null,"junction":null},"geometry":{"type":"LineString","coordinates":[[91.7045506,26.2379464],[91.7046922,26.2367718],[91.7047225,26.2365397],[91.7047984,26.2358784],[91.7048621,26.2355337],[91.7052355,26.2332761]]}},{"type":"Feature","properties":{"id":510405725,"highway":"residential","name":null,"oneway":null,"junction":null},"geometry":{"type":"LineString","coordinates":[[91.6848391,26.1875022],[91.6852802,26.1874523],[91.6857391,26.1873467]]}},{"type":"Feature","properties":{"id":510405726,"highway":"service","name":null,"oneway":null,"junction":null},"geometry":{"type":"LineString","coordinates":[[91.6727505,26.1940987],[91.6726938,26.1936795],[91.6727187,26.1922736]]}},{"type":"Feature","properties":{"id":510405727,"highway":"service","name":null,"oneway":null,"junction":null},"geometry":{"type":"LineString","coordinates":[[91.6723258,26.193273],[91.6723456,26.1922957]]}},{"type":"Feature","properties":{"id":510405728,"highway":"unclassified","name":null,"oneway":null,"junction":null},"geometry":{"type":"LineString","coordinates":[[91.6753289,26.1938002],[91.6754803,26.1924536]]}},{"type":"Feature","properties":{"id":510405729,"highway":"service","name":null,"oneway":null,"junction":null},"geometry":{"type":"LineString","coordinates":[[91.6718735,26.1923128],[91.6718296,26.1931209]]}},{"type":"Feature","properties":{"id":510405730,"highway":"residential","name":null,"oneway":null,"junction":null},"geometry":{"type":"LineString","coordinates":[[91.6736756,26.2032037],[91.6748042,26.2030822],[91.6750334,26.2029844],[91.6751268,26.2028713],[91.6750988,26.2027749],[91.674982,26.2023559]]}},{"type":"Feature","properties":{"id":510414927,"highway":"residential","name":null,"oneway":null,"junction":null},"geometry":{"type":"LineString","coordinates":[[91.6736554,26.202443],[91.6743536,26.2024153],[91.674982,26.2023559]]}},{"type":"Feature","properties":{"id":510414928,"highway":"residential","name":null,"oneway":null,"junction":null},"geometry":{"type":"LineString","coordinates":[[91.6752514,26.2066547],[91.6753574,26.2066101],[91.6758168,26.206297],[91.675829,26.2062277],[91.6758046,26.2061001],[91.6758127,26.2060417],[91.6759143,26.2059979],[91.6767393,26.2058772],[91.6767983,26.2059182],[91.6768359,26.2061131],[91.6768466,26.2065511],[91.67686,26.2067388],[91.6768975,26.2068856],[91.6770156,26.207107],[91.6770478,26.2071647],[91.6770478,26.2072465],[91.6770236,26.2074054],[91.6768272,26.2078026]]}},{"type":"Feature","properties":{"id":510414930,"highway":"residential","name":null,"oneway":null,"junction":null},"geometry":{"type":"LineString","coordinates":[[91.6779202,26.208101],[91.6779784,26.2076518],[91.67804,26.2073588],[91.6782095,26.2068861]]}},{"type":"Feature","properties":{"id":510414931,"highway":"residential","name":null,"oneway":null,"junction":null},"geometry":{"type":"LineString","coordinates":[[91.6784775,26.2071211],[91.6785823,26.2069027],[91.6786839,26.206864],[91.6794326,26.2068557],[91.6794142,26.2080661]]}},{"type":"Feature","properties":{"id":510414933,"highway":"residential","name":null,"oneway":null,"junction":null},"geometry":{"type":"LineString","coordinates":[[91.6794326,26.2068557],[91.6797685,26.2068612],[91.6797931,26.2062613],[91.6797808,26.2056394],[91.6797531,26.2055564],[91.6796668,26.2055177],[91.6791553,26.205515],[91.6791399,26.2062696]]}},{"type":"Feature","properties":{"id":510414935,"highway":"residential","name":null,"oneway":null,"junction":null},"geometry":{"type":"LineString","coordinates":[[91.6684718,26.1945281],[91.6686679,26.1944483],[91.6689,26.1943974],[91.6691956,26.1943898],[91.6699428,26.1944191]]}},{"type":"Feature","properties":{"id":510414937,"highway":"residential","name":null,"oneway":null,"junction":null},"geometry":{"type":"LineString","coordinates":[[91.6693144,26.1919007],[91.6696861,26.1922568]]}},{"type":"Feature","properties":{"id":510414939,"highway":"residential","name":null,"oneway":null,"junction":null},"geometry":{"type":"LineString","coordinates":[[91.6868006,26.2088151],[91.6868576,26.2084987],[91.6868638,26.2079735]]}},{"type":"Feature","properties":{"id":510414941,"highway":"residential","name":null,"oneway":null,"junction":null},"geometry":{"type":"LineString","coordinates":[[91.6939116,26.2141206],[91.6939531,26.2140382],[91.6939624,26.2140108],[91.6939798,26.2139834],[91.6939972,26.2139674],[91.6940176,26.2139481],[91.6940468,26.213919],[91.6940792,26.2138904],[91.6941474,26.2138257],[91.6941867,26.2137331],[91.6942083,26.2136646],[91.6942265,26.2136145],[91.6942404,26.2135847],[91.694268,26.2135265],[91.6943445,26.213405],[91.6944309,26.2132361],[91.694469,26.2131937],[91.6945208,26.2131326],[91.6945971,26.2130734],[91.6946532,26.213039],[91.6947367,26.2129993],[91.6948359,26.212969],[91.6954372,26.2128517],[91.6956671,26.2128231],[91.6960376,26.2127801]]}},{"type":"Feature","properties":{"id":510414946,"highway":"residential","name":null,"oneway":null,"junction":null},"geometry":{"type":"LineString","coordinates":[[91.6947578,26.2150927],[91.6949293,26.2149495],[91.6949679,26.2149379],[91.6950063,26.2149502],[91.6950474,26.2149772],[91.6951843,26.2151197]]}},{"type":"Feature","properties":{"id":510414947,"highway":"service","name":null,"oneway":null,"junction":null},"geometry":{"type":"LineString","coordinates":[[91.6953734,26.2158495],[91.695533,26.2157247],[91.6955653,26.2156949],[91.6956436,26.2156025]]}},{"type":"Feature","properties":{"id":510414949,"highway":"residential","name":null,"oneway":null,"junction":null},"geometry":{"type":"LineString","coordinates":[[91.6961203,26.2166157],[91.6965529,26.2161625]]}},{"type":"Feature","properties":{"id":510414952,"highway":"residential","name":null,"oneway":null,"junction":null},"geometry":{"type":"LineString","coordinates":[[91.6971008,26.2158072],[91.6970513,26.215863],[91.6969925,26.2159298],[91.6969545,26.2159633],[91.6969293,26.2159736],[91.6967382,26.2158182],[91.6967104,26.2157423],[91.6967132,26.2156932],[91.6967264,26.2155775],[91.6967912,26.2153352],[91.6968142,26.2152557],[91.696826,26.2151495],[91.6968589,26.2149048],[91.6968571,26.2147825],[91.6968324,26.2145444],[91.6968306,26.2144364],[91.6968306,26.2142539],[91.6968094,26.2141205],[91.6967598,26.2139697],[91.6966908,26.2139205],[91.6964024,26.2137871],[91.6960697,26.2136712],[91.6959759,26.2136157],[91.69596,26.2135458],[91.6960219,26.2133093],[91.6961599,26.2128647],[91.6961635,26.2128187],[91.6961298,26.2128028],[91.6960376,26.2127801]]}},{"type":"Feature","properties":{"id":510414955,"highway":"residential","name":null,"oneway":null,"junction":null},"geometry":{"type":"LineString","coordinates":[[91.697701,26.2191499],[91.6978623,26.2190889],[91.6979477,26.2190517],[91.698018,26.2190146],[91.6980778,26.2189584],[91.6982415,26.2188126]]}},{"type":"Feature","properties":{"id":510414958,"highway":"residential","name":null,"oneway":null,"junction":null},"geometry":{"type":"LineString","coordinates":[[91.6979512,26.2199215],[91.6981748,26.21986],[91.6982467,26.2198306],[91.6983046,26.2197911],[91.6984123,26.2197091],[91.6984717,26.2196646],[91.6985154,26.219641],[91.6985629,26.2196325],[91.6985998,26.2196319],[91.698717,26.219668],[91.6987849,26.219681],[91.6988489,26.2196683],[91.698903,26.2196438],[91.6989409,26.2196155],[91.6989673,26.2195871],[91.6989978,26.2195274],[91.6990958,26.2191723],[91.6991266,26.2190414],[91.6991577,26.2189386]]}},{"type":"Feature","properties":{"id":510414961,"highway":"unclassified","name":null,"oneway":null,"junction":null},"geometry":{"type":"LineString","coordinates":[[91.6980698,26.2203198],[91.6981973,26.2202745],[91.6983525,26.2202322],[91.6984498,26.2202245],[91.6986911,26.2202303],[91.6991365,26.22025],[91.6992983,26.2202684],[91.6997741,26.220342]]}},{"type":"Feature","properties":{"id":510414964,"highway":"residential","name":null,"oneway":null,"junction":null},"geometry":{"type":"LineString","coordinates":[[91.6983157,26.2211397],[91.6986602,26.2209741],[91.6988728,26.2208967],[91.6991193,26.2208691],[91.6995934,26.220826]]}},{"type":"Feature","properties":{"id":510414967,"highway":"residential","name":null,"oneway":null,"junction":null},"geometry":{"type":"LineString","coordinates":[[91.6984543,26.2217137],[91.6988006,26.2217432],[91.6993042,26.2217727]]}},{"type":"Feature","properties":{"id":510414970,"highway":"service","name":null,"oneway":null,"junction":null},"geometry":{"type":"LineString","coordinates":[[91.6984914,26.2245227],[91.6991563,26.2244955]]}},{"type":"Feature","properties":{"id":510414971,"highway":"residential","name":null,"oneway":null,"junction":null},"geometry":{"type":"LineString","coordinates":[[91.6970503,26.2170524],[91.6971667,26.2172402],[91.6971896,26.2172991],[91.6972053,26.2173546],[91.6972114,26.2174923],[91.6972047,26.2176277],[91.6972144,26.2176748],[91.6972938,26.2178025],[91.6973397,26.2179115],[91.6973728,26.2180341],[91.6973942,26.2181072],[91.6973921,26.2181576],[91.6973687,26.2182272]]}},{"type":"Feature","properties":{"id":510414975,"highway":"service","name":null,"oneway":null,"junction":null},"geometry":{"type":"LineString","coordinates":[[91.7066577,26.2250404],[91.7061863,26.225165],[91.7060897,26.22523],[91.7059824,26.2253214],[91.7058724,26.2253599],[91.7057652,26.2253599],[91.705623,26.2252902],[91.7054138,26.2250929],[91.7051375,26.2247849],[91.7050088,26.2245659],[91.7049659,26.2244721],[91.7049471,26.2243951],[91.7049712,26.2242411],[91.7049685,26.224128],[91.7049685,26.224039],[91.7047808,26.2237069],[91.7046494,26.2235024],[91.704475,26.2231848],[91.7044214,26.2230236],[91.704408,26.2229081],[91.7044053,26.2228768],[91.7044191,26.2228603],[91.7045731,26.2228429],[91.7049907,26.2228127],[91.7051588,26.2228159],[91.7053305,26.2228365],[91.7055605,26.2228937],[91.7056479,26.2229294],[91.7057843,26.2226746],[91.7058728,26.2224444],[91.7053295,26.2224016],[91.7054339,26.2219952],[91.7056239,26.221117]]}},{"type":"Feature","properties":{"id":510414979,"highway":"service","name":null,"oneway":null,"junction":null},"geometry":{"type":"LineString","coordinates":[[91.7073472,26.2226657],[91.7067299,26.2225433],[91.7062127,26.2224081],[91.7060959,26.222406],[91.7058728,26.2224444]]}},{"type":"Feature","properties":{"id":510419352,"highway":"service","name":null,"oneway":null,"junction":null},"geometry":{"type":"LineString","coordinates":[[91.7056479,26.2229294],[91.7057211,26.2230012],[91.7060135,26.2231672],[91.7062066,26.2232948],[91.7064158,26.2234752],[91.7065258,26.2235811],[91.7066358,26.2236437],[91.707027,26.2236835]]}},{"type":"Feature","properties":{"id":510419354,"highway":"residential","name":null,"oneway":null,"junction":null},"geometry":{"type":"LineString","coordinates":[[91.7048927,26.2007509],[91.7059586,26.2001671]]}},{"type":"Feature","properties":{"id":510419355,"highway":"residential","name":null,"oneway":null,"junction":null},"geometry":{"type":"LineString","coordinates":[[91.7066866,26.2015922],[91.7070775,26.2019268]]}},{"type":"Feature","properties":{"id":510419357,"highway":"tertiary","name":null,"oneway":null,"junction":null},"geometry":{"type":"LineString","coordinates":[[91.7094594,26.2101417],[91.709995,26.2101186]]}},{"type":"Feature","properties":{"id":510419359,"highway":"residential","name":null,"oneway":null,"junction":null},"geometry":{"type":"LineString","coordinates":[[91.7093651,26.2114018],[91.7097854,26.2114018],[91.7098227,26.2116532],[91.70983,26.2117321],[91.7098437,26.2118795],[91.7098134,26.2121518]]}},{"type":"Feature","properties":{"id":510419361,"highway":"residential","name":null,"oneway":null,"junction":null},"geometry":{"type":"LineString","coordinates":[[91.7101304,26.2117659],[91.7099465,26.2117873],[91.7098904,26.2117664],[91.70983,26.2117321]]}},{"type":"Feature","properties":{"id":510419363,"highway":"residential","name":null,"oneway":null,"junction":null},"geometry":{"type":"LineString","coordinates":[[91.708807,26.2144479],[91.7095208,26.214435]]}},{"type":"Feature","properties":{"id":510419365,"highway":"residential","name":null,"oneway":null,"junction":null},"geometry":{"type":"LineString","coordinates":[[91.7085475,26.2163016],[91.7088309,26.2164177],[91.7090089,26.2165081]]}},{"type":"Feature","properties":{"id":510419367,"highway":"residential","name":null,"oneway":null,"junction":null},"geometry":{"type":"LineString","coordinates":[[91.7161324,26.2217245],[91.7161716,26.2214876],[91.7161099,26.2213936],[91.7158819,26.2212941],[91.7156416,26.2212665],[91.7154475,26.2212858],[91.7147019,26.2213356],[91.7145478,26.2213134],[91.7139039,26.2211172]]}},{"type":"Feature","properties":{"id":510419369,"highway":"residential","name":null,"oneway":null,"junction":null},"geometry":{"type":"LineString","coordinates":[[91.7201073,26.2278893],[91.7202531,26.2274512],[91.7202863,26.2274226],[91.7203466,26.227371],[91.72081,26.227298],[91.7220256,26.2271522],[91.7224718,26.2271289],[91.722794,26.227112],[91.7231192,26.2271193],[91.7232818,26.2270245],[91.7234892,26.2267546],[91.7235867,26.2264957],[91.7236748,26.2262542]]}},{"type":"Feature","properties":{"id":510419371,"highway":"residential","name":null,"oneway":null,"junction":null},"geometry":{"type":"LineString","coordinates":[[91.7200265,26.2274307],[91.7198656,26.2274046],[91.7197771,26.2274166],[91.7196671,26.2274768],[91.7194391,26.2277174],[91.719364,26.2277703],[91.7192728,26.2277896],[91.7190325,26.2278625]]}},{"type":"Feature","properties":{"id":510419373,"highway":"residential","name":null,"oneway":null,"junction":null},"geometry":{"type":"LineString","coordinates":[[91.7200089,26.2273311],[91.7201991,26.2273741],[91.7202863,26.2274226]]}},{"type":"Feature","properties":{"id":510420024,"highway":"residential","name":null,"oneway":null,"junction":null},"geometry":{"type":"LineString","coordinates":[[91.6890092,26.2055215],[91.6890954,26.2059269],[91.6891657,26.2061804],[91.6891821,26.2063102],[91.6890793,26.206327],[91.68907,26.2063605],[91.68907,26.2064506],[91.6890536,26.2065197],[91.6890286,26.2066018]]}},{"type":"Feature","properties":{"id":510420025,"highway":"residential","name":null,"oneway":null,"junction":null},"geometry":{"type":"LineString","coordinates":[[91.6893746,26.2068377],[91.6895034,26.2066152]]}},{"type":"Feature","properties":{"id":510423742,"highway":"residential","name":null,"oneway":null,"junction":null},"geometry":{"type":"LineString","coordinates":[[91.731936,26.2195097],[91.7319879,26.2194216],[91.7320728,26.2193644],[91.7327878,26.2190596],[91.7330567,26.2188818],[91.7332195,26.2187548],[91.7333009,26.2186183],[91.7334,26.2185008],[91.7334956,26.2184024],[91.7335027,26.2183357],[91.7334177,26.2181745]]}},{"type":"Feature","properties":{"id":510423743,"highway":"residential","name":null,"oneway":null,"junction":null},"geometry":{"type":"LineString","coordinates":[[91.7345733,26.2195596],[91.7328502,26.2198073]]}},{"type":"Feature","properties":{"id":510423744,"highway":"residential","name":null,"oneway":null,"junction":null},"geometry":{"type":"LineString","coordinates":[[91.732035,26.2197088],[91.7323675,26.2196214],[91.7323997,26.2196431],[91.7324399,26.2197273],[91.7324721,26.2197538],[91.7325257,26.2197658],[91.7326652,26.219749],[91.73281,26.2197273],[91.7328422,26.219749],[91.7328502,26.2198073],[91.7328583,26.2198669],[91.7328825,26.2200955],[91.7328529,26.220134],[91.7327913,26.2201628],[91.7326115,26.2202037]]}},{"type":"Feature","properties":{"id":510423753,"highway":"residential","name":null,"oneway":null,"junction":null},"geometry":{"type":"LineString","coordinates":[[91.7198666,26.223159],[91.7198491,26.2234093],[91.7198625,26.2234911],[91.7199537,26.2236307],[91.7200262,26.2237028]]}},{"type":"Feature","properties":{"id":510423754,"highway":"residential","name":null,"oneway":null,"junction":null},"geometry":{"type":"LineString","coordinates":[[91.7224718,26.2271289],[91.7224206,26.226494],[91.7224345,26.2262343],[91.7224205,26.2260123],[91.7223425,26.2259995],[91.7219128,26.2260413],[91.7213664,26.2257942],[91.7208901,26.2258738]]}},{"type":"Feature","properties":{"id":510423755,"highway":"residential","name":null,"oneway":null,"junction":null},"geometry":{"type":"LineString","coordinates":[[91.7210918,26.2312705],[91.7211484,26.2311081],[91.7211591,26.2310901],[91.7211819,26.2310672],[91.7211832,26.231042],[91.7211739,26.2309746],[91.7211779,26.2309482],[91.7213039,26.2308062],[91.7213808,26.2307476],[91.7216246,26.2305615],[91.7217494,26.2304797],[91.7217896,26.2304244],[91.7218596,26.2302683]]}},{"type":"Feature","properties":{"id":510429462,"highway":"residential","name":null,"oneway":null,"junction":null},"geometry":{"type":"LineString","coordinates":[[91.7258586,26.2240517],[91.7260141,26.2240792],[91.7263627,26.2241137]]}},{"type":"Feature","properties":{"id":510429464,"highway":"residential","name":null,"oneway":null,"junction":null},"geometry":{"type":"LineString","coordinates":[[91.7229854,26.2227251],[91.7240168,26.2228521]]}},{"type":"Feature","properties":{"id":510429469,"highway":"residential","name":null,"oneway":null,"junction":null},"geometry":{"type":"LineString","coordinates":[[91.7345495,26.2193037],[91.734821,26.2193122],[91.7350609,26.2192866]]}},{"type":"Feature","properties":{"id":510432628,"highway":"residential","name":null,"oneway":null,"junction":null},"geometry":{"type":"LineString","coordinates":[[91.7074685,26.2221909],[91.707886,26.2222425],[91.7081972,26.2223282],[91.7084806,26.2224167],[91.7090013,26.2224913]]}},{"type":"Feature","properties":{"id":510432629,"highway":"residential","name":null,"oneway":null,"junction":null},"geometry":{"type":"LineString","coordinates":[[91.7123369,26.222987],[91.7132783,26.2231362],[91.7143825,26.2232759],[91.7153027,26.2234061],[91.7154266,26.2234601],[91.7155929,26.223495],[91.7160842,26.223533],[91.7166193,26.2235744],[91.7167538,26.2236093],[91.7168139,26.223695],[91.7168635,26.2238379],[91.7169095,26.223876],[91.7170103,26.2239117]]}},{"type":"Feature","properties":{"id":510432634,"highway":"residential","name":null,"oneway":null,"junction":null},"geometry":{"type":"LineString","coordinates":[[91.7155502,26.2241166],[91.7155344,26.2243797]]}},{"type":"Feature","properties":{"id":510432635,"highway":"residential","name":null,"oneway":null,"junction":null},"geometry":{"type":"LineString","coordinates":[[91.7160842,26.223533],[91.716107,26.2239534],[91.7164078,26.2240169]]}},{"type":"Feature","properties":{"id":510432636,"highway":"residential","name":null,"oneway":null,"junction":null},"geometry":{"type":"LineString","coordinates":[[91.7155929,26.223495],[91.7154946,26.2231687],[91.714224,26.2229242],[91.7139479,26.2230353],[91.7138276,26.223083],[91.7137356,26.2230639],[91.7135162,26.2229909]]}},{"type":"Feature","properties":{"id":510432637,"highway":"residential","name":null,"oneway":null,"junction":null},"geometry":{"type":"LineString","coordinates":[[91.7187263,26.2291219],[91.7192927,26.2290373]]}},{"type":"Feature","properties":{"id":510432638,"highway":"residential","name":null,"oneway":null,"junction":null},"geometry":{"type":"LineString","coordinates":[[91.7176143,26.2300875],[91.7180826,26.2300571],[91.7185879,26.2300432],[91.7185983,26.2301239],[91.7188991,26.2301385],[91.719204,26.230133],[91.7194653,26.2301036]]}},{"type":"Feature","properties":{"id":510432639,"highway":"residential","name":null,"oneway":null,"junction":null},"geometry":{"type":"LineString","coordinates":[[91.7193699,26.2311318],[91.7196567,26.231095]]}},{"type":"Feature","properties":{"id":510432640,"highway":"residential","name":null,"oneway":null,"junction":null},"geometry":{"type":"LineString","coordinates":[[91.7191434,26.2307048],[91.7195594,26.230676]]}},{"type":"Feature","properties":{"id":510432641,"highway":"residential","name":null,"oneway":null,"junction":null},"geometry":{"type":"LineString","coordinates":[[91.7191221,26.2303556],[91.7192885,26.2303429],[91.7194975,26.2302993]]}},{"type":"Feature","properties":{"id":510432642,"highway":"residential","name":null,"oneway":null,"junction":null},"geometry":{"type":"LineString","coordinates":[[91.7142428,26.2335492],[91.7143048,26.2334331],[91.7143504,26.2334163],[91.7145033,26.2334043],[91.7148241,26.2333924],[91.7148949,26.2333898],[91.715712,26.2333362]]}},{"type":"Feature","properties":{"id":510432643,"highway":"residential","name":null,"oneway":null,"junction":null},"geometry":{"type":"LineString","coordinates":[[91.7143748,26.2331378],[91.7147881,26.2331525],[91.7148241,26.2333924]]}},{"type":"Feature","properties":{"id":510443173,"highway":"service","name":null,"oneway":null,"junction":null},"geometry":{"type":"LineString","coordinates":[[91.6959678,26.2365238],[91.6961943,26.2365259],[91.6962737,26.2365092],[91.6964514,26.2364071]]}},{"type":"Feature","properties":{"id":510444108,"highway":"residential","name":null,"oneway":null,"junction":null},"geometry":{"type":"LineString","coordinates":[[91.6851601,26.1996136],[91.685286,26.1994298],[91.685286,26.1990833],[91.6852663,26.198661],[91.6852359,26.1978814]]}},{"type":"Feature","properties":{"id":510444110,"highway":"residential","name":null,"oneway":null,"junction":null},"geometry":{"type":"LineString","coordinates":[[91.6852663,26.198661],[91.6856642,26.1986475],[91.6856664,26.1991437],[91.6856222,26.1996455],[91.6856208,26.2001979],[91.6856436,26.2010594],[91.6856906,26.2021352],[91.6854587,26.2023342]]}},{"type":"Feature","properties":{"id":517478744,"highway":"service","name":null,"oneway":null,"junction":null},"geometry":{"type":"LineString","coordinates":[[91.7309574,26.1679973],[91.7307698,26.1679816],[91.7300394,26.1679268],[91.7300167,26.1679375],[91.7300052,26.1679562],[91.7300004,26.1680612],[91.7299971,26.1681827],[91.7299815,26.1681995],[91.7299461,26.1682037],[91.7295244,26.1681907],[91.7294401,26.1681877],[91.7292697,26.1681815],[91.7292192,26.1681745],[91.7291955,26.1681575],[91.7291765,26.1681213],[91.7291931,26.1676532]]}},{"type":"Feature","properties":{"id":517941861,"highway":"residential","name":null,"oneway":null,"junction":null},"geometry":{"type":"LineString","coordinates":[[91.6990354,26.1957722],[91.6993262,26.1958173]]}},{"type":"Feature","properties":{"id":517941863,"highway":"unclassified","name":null,"oneway":null,"junction":null},"geometry":{"type":"LineString","coordinates":[[91.7014094,26.1910859],[91.7015829,26.1911015],[91.7018753,26.1910654],[91.7020336,26.1910461],[91.7023715,26.1910245],[91.7026934,26.1910943],[91.702916,26.1911568],[91.7031333,26.1911881]]}},{"type":"Feature","properties":{"id":517941865,"highway":"unclassified","name":null,"oneway":"yes","junction":null},"geometry":{"type":"LineString","coordinates":[[91.6957754,26.1840904],[91.6958239,26.1840713],[91.695864,26.1840402],[91.695892,26.1839998],[91.6959055,26.1839539],[91.6959032,26.1839063],[91.6958853,26.1838616],[91.6958508,26.1838212],[91.6958038,26.1837926],[91.6957491,26.1837789],[91.6956925,26.1837814],[91.6956395,26.1837998],[91.6955958,26.1838323],[91.6955658,26.1838755],[91.6955526,26.183925],[91.6955575,26.1839757],[91.69558,26.1840225],[91.6956163,26.1840594],[91.6956635,26.1840845],[91.6957227,26.1840958],[91.6957754,26.1840904]]}},{"type":"Feature","properties":{"id":517941866,"highway":"service","name":null,"oneway":null,"junction":null},"geometry":{"type":"LineString","coordinates":[[91.6957227,26.1840958],[91.6957372,26.1860244],[91.6957522,26.188007],[91.6957402,26.1891092],[91.6957686,26.1896309],[91.6958217,26.1915455]]}},{"type":"Feature","properties":{"id":517941876,"highway":"primary","name":"Mahatma Gandhi Road","oneway":"yes","junction":null},"geometry":{"type":"LineString","coordinates":[[91.7498351,26.1901754],[91.749735,26.1901762],[91.749688,26.190203],[91.7496143,26.1902219],[91.7495345,26.1902208],[91.7477699,26.189673],[91.7459574,26.1891609],[91.7444417,26.1886374],[91.7436136,26.1883389],[91.7433312,26.1882299]]}},{"type":"Feature","properties":{"id":517989004,"highway":"residential","name":null,"oneway":null,"junction":null},"geometry":{"type":"LineString","coordinates":[[91.6969857,26.1539807],[91.6971912,26.1539727],[91.6994796,26.1539178],[91.7001386,26.1538801],[91.7009994,26.1538471],[91.7011683,26.1538383],[91.7015623,26.1538179],[91.7016755,26.1538121],[91.7022196,26.1537839],[91.7023593,26.1537766],[91.7035316,26.1538682]]}},{"type":"Feature","properties":{"id":517989018,"highway":"residential","name":null,"oneway":null,"junction":null},"geometry":{"type":"LineString","coordinates":[[91.6807019,26.1518996],[91.6806415,26.1521637],[91.6806292,26.1522173],[91.680608,26.1525668],[91.6805938,26.1527891],[91.6804953,26.1527782],[91.6803355,26.1527605],[91.6797586,26.1527224],[91.6796942,26.1527162],[91.6791003,26.1526589],[91.6789127,26.1526462]]}},{"type":"Feature","properties":{"id":518201135,"highway":"residential","name":null,"oneway":null,"junction":null},"geometry":{"type":"LineString","coordinates":[[91.6864802,26.1498919],[91.686285,26.1498161],[91.6862398,26.1498093],[91.6860114,26.1497748],[91.685711,26.1497295],[91.6857271,26.1493515],[91.6857619,26.1486725]]}},{"type":"Feature","properties":{"id":518213041,"highway":"residential","name":null,"oneway":null,"junction":null},"geometry":{"type":"LineString","coordinates":[[91.6699558,26.1688941],[91.669965,26.1685675],[91.6699919,26.1681634],[91.6699964,26.1676988],[91.6700242,26.1674058],[91.6700489,26.1672139],[91.6700108,26.1669992],[91.6699733,26.1664166],[91.6700537,26.1662914],[91.6703327,26.1662048],[91.6706331,26.1661277],[91.6707547,26.1660829],[91.6708518,26.1660159],[91.6708499,26.1658927]]}},{"type":"Feature","properties":{"id":518213042,"highway":"residential","name":null,"oneway":null,"junction":null},"geometry":{"type":"LineString","coordinates":[[91.6708499,26.1658927],[91.6707484,26.1655411],[91.6706798,26.1653984],[91.6705989,26.1652301],[91.6704363,26.1649606],[91.6702915,26.1646116],[91.6702486,26.164378]]}},{"type":"Feature","properties":{"id":518213043,"highway":"service","name":null,"oneway":null,"junction":null},"geometry":{"type":"LineString","coordinates":[[91.6702486,26.164378],[91.6700842,26.1643429],[91.6699321,26.1643299]]}},{"type":"Feature","properties":{"id":518213044,"highway":"tertiary","name":null,"oneway":null,"junction":null},"geometry":{"type":"LineString","coordinates":[[91.6699558,26.1688941],[91.6702754,26.1689616],[91.6705651,26.1689688],[91.6707394,26.168899],[91.6707743,26.1687233],[91.6709567,26.1683333],[91.6710854,26.1681792],[91.671249,26.1679842],[91.6714421,26.1678663],[91.6716835,26.1677748],[91.6718137,26.167776],[91.6718847,26.1677748],[91.671954,26.1677737]]}},{"type":"Feature","properties":{"id":543475957,"highway":"residential","name":null,"oneway":null,"junction":null},"geometry":{"type":"LineString","coordinates":[[91.6707758,26.153626],[91.6707909,26.1536683],[91.6709414,26.1540752],[91.6710145,26.1543215],[91.6710857,26.154993],[91.6711223,26.1552685],[91.6710613,26.1557466],[91.6710145,26.1560567],[91.6710105,26.1561297]]}},{"type":"Feature","properties":{"id":543475958,"highway":"residential","name":null,"oneway":null,"junction":null},"geometry":{"type":"LineString","coordinates":[[91.6714008,26.1567628],[91.6714303,26.1565443],[91.6715004,26.156148],[91.6715329,26.1558141],[91.6715674,26.155451],[91.6715857,26.1553762],[91.6715451,26.1553269],[91.6713174,26.1552922],[91.6711223,26.1552685]]}},{"type":"Feature","properties":{"id":543475959,"highway":"residential","name":null,"oneway":null,"junction":null},"geometry":{"type":"LineString","coordinates":[[91.6699531,26.1505703],[91.6701655,26.1509712],[91.6702956,26.1512284],[91.6704023,26.1513794],[91.6706412,26.1517174],[91.6708058,26.1519145],[91.6712286,26.1524838],[91.6715092,26.1528469],[91.6717948,26.153282],[91.6720173,26.153657],[91.67218,26.1538833],[91.6723975,26.1541497],[91.6724564,26.1542354],[91.6727613,26.1545],[91.6730337,26.1547171],[91.6734504,26.1549288],[91.6737086,26.1550401],[91.6739302,26.1551988],[91.674233,26.1554597],[91.6744302,26.1556404],[91.6745054,26.1557152]]}},{"type":"Feature","properties":{"id":543476973,"highway":"residential","name":null,"oneway":null,"junction":null},"geometry":{"type":"LineString","coordinates":[[91.6763283,26.1524466],[91.676356,26.1525903],[91.6764325,26.1527625],[91.6764902,26.1528648],[91.6765712,26.1529346],[91.6766496,26.1529818]]}},{"type":"Feature","properties":{"id":543476975,"highway":"residential","name":null,"oneway":null,"junction":null},"geometry":{"type":"LineString","coordinates":[[91.6750932,26.1535349],[91.6751899,26.1534385],[91.6753016,26.1532991],[91.675377,26.1532463],[91.6755045,26.1532174]]}},{"type":"Feature","properties":{"id":543490367,"highway":"service","name":null,"oneway":null,"junction":null},"geometry":{"type":"LineString","coordinates":[[91.6697686,26.1832028],[91.6697575,26.183041],[91.6697271,26.1827393],[91.669658,26.1826266],[91.6696194,26.1825478],[91.6695809,26.182444],[91.6695282,26.1821528],[91.669481,26.1819198],[91.66941,26.1816259],[91.6692812,26.18135]]}},{"type":"Feature","properties":{"id":543496330,"highway":"residential","name":null,"oneway":null,"junction":null},"geometry":{"type":"LineString","coordinates":[[91.719971,26.1673213],[91.7198582,26.1674663],[91.7198286,26.1675044],[91.7195977,26.1680486],[91.7195825,26.1681872],[91.7195855,26.1683364],[91.7195819,26.1685273],[91.7194624,26.1687097],[91.7192171,26.1689306],[91.7190508,26.1690274],[91.7187981,26.1690633],[91.71849,26.1690772],[91.7180741,26.1692209],[91.7178122,26.1693067],[91.7175996,26.1693952],[91.7172545,26.1696136],[91.7171251,26.1698155],[91.7169557,26.1699123],[91.7168301,26.1699746],[91.716666,26.170056],[91.7162598,26.1702051],[91.7161762,26.1702358],[91.7157017,26.1704542],[91.7153566,26.1705123],[91.7151194,26.1705317],[91.7147989,26.1705842],[91.7144816,26.1707003],[91.714041,26.1708524],[91.7137267,26.1708967],[91.7136713,26.1709603]]}},{"type":"Feature","properties":{"id":543496332,"highway":"residential","name":null,"oneway":null,"junction":null},"geometry":{"type":"LineString","coordinates":[[91.719388,26.1633126],[91.719248,26.1631863],[91.7189613,26.1634277],[91.7187737,26.1637867],[91.7185437,26.1640058],[91.7182822,26.1641995],[91.7181792,26.1642758],[91.7177686,26.1647301],[91.7177062,26.1648364],[91.7173595,26.1653276]]}},{"type":"Feature","properties":{"id":543496333,"highway":"residential","name":null,"oneway":null,"junction":null},"geometry":{"type":"LineString","coordinates":[[91.7177062,26.1648364],[91.7174319,26.1646254],[91.7172039,26.1644857],[91.7168016,26.1644207],[91.7163778,26.1642354],[91.7161176,26.1640693],[91.7159003,26.1639224],[91.7157448,26.1637996],[91.7157287,26.1634289],[91.7156267,26.1631376],[91.7155677,26.1628776],[91.7155449,26.1627127],[91.7155516,26.1626616],[91.7155784,26.1626014],[91.7156482,26.1625424],[91.7157609,26.1624876],[91.7159304,26.1624194],[91.71608,26.1623648],[91.7164663,26.1622661],[91.7167184,26.1621506],[91.7170537,26.1617774],[91.7173246,26.1614596],[91.7173943,26.1613537],[91.7173648,26.1611467],[91.7174614,26.1610287],[91.7175955,26.1609276],[91.7176947,26.1606941],[91.7176883,26.1606424],[91.7176518,26.160345],[91.7177269,26.1601572],[91.7177569,26.1600935],[91.7178449,26.1599742],[91.7179093,26.1598635],[91.7179254,26.1597407],[91.7175633,26.1597118],[91.7171583,26.15963],[91.7170215,26.1595529],[91.7170188,26.1593218],[91.7169947,26.1591268],[91.7167399,26.1590257],[91.7165212,26.1589342],[91.716469,26.1588114],[91.7164931,26.1585779],[91.7164234,26.1583757],[91.7163697,26.1582288],[91.716308,26.1581518],[91.7162115,26.1581205],[91.7160371,26.1581759],[91.7159379,26.1582144],[91.7157904,26.1583179],[91.7155516,26.1583949],[91.7153418,26.158506],[91.7151259,26.1586108],[91.7148428,26.1586807],[91.7146163,26.1587855],[91.7144712,26.1588363],[91.7142482,26.1588395],[91.7140464,26.1587664],[91.7138093,26.1586648],[91.7137636,26.1586438]]}},{"type":"Feature","properties":{"id":543496334,"highway":"residential","name":null,"oneway":null,"junction":null},"geometry":{"type":"LineString","coordinates":[[91.7366381,26.1673331],[91.7360659,26.1673334],[91.7356394,26.167331],[91.7351673,26.167331],[91.7350064,26.1673045],[91.7348884,26.1670638],[91.7346631,26.1666233],[91.7346228,26.166527],[91.7345745,26.1664114],[91.7345155,26.1662092],[91.7352236,26.1661298],[91.735339,26.1663946],[91.7354892,26.1668303],[91.7355804,26.1671288],[91.7356394,26.167331]]}},{"type":"Feature","properties":{"id":543496335,"highway":"residential","name":null,"oneway":null,"junction":null},"geometry":{"type":"LineString","coordinates":[[91.7367275,26.1660364],[91.7364816,26.1659829],[91.7362027,26.165865],[91.7361061,26.1657663],[91.7356313,26.1657951],[91.7352022,26.1657759],[91.7349366,26.1657759],[91.734765,26.1657277],[91.734714,26.1656724],[91.7347516,26.1655279],[91.7347006,26.1654148],[91.734537,26.1653137],[91.7343492,26.1652703],[91.7341052,26.1652583],[91.7340319,26.1652866],[91.7337189,26.1654076],[91.7334695,26.165434],[91.7333488,26.1654581],[91.7330135,26.1655568],[91.7326299,26.1656387],[91.732528,26.1656627]]}},{"type":"Feature","properties":{"id":543496336,"highway":"residential","name":null,"oneway":null,"junction":null},"geometry":{"type":"LineString","coordinates":[[91.7361061,26.1657663],[91.7361059,26.1654829],[91.7360905,26.1651622],[91.7358871,26.1650211],[91.7354256,26.1650656],[91.7352001,26.1651373],[91.7350284,26.1651923],[91.7349963,26.1652049],[91.7349829,26.1652215],[91.735003,26.1653539]]}},{"type":"Feature","properties":{"id":543496337,"highway":"residential","name":null,"oneway":null,"junction":null},"geometry":{"type":"LineString","coordinates":[[91.7267802,26.1564104],[91.72648,26.1562878],[91.7263191,26.1562805],[91.7261152,26.1563841],[91.7259489,26.1565815],[91.7258524,26.1566898],[91.7258685,26.1567933],[91.7259382,26.1568078],[91.7260589,26.1567404],[91.7262145,26.1567067],[91.7262252,26.1567909],[91.7261742,26.1569474],[91.7261072,26.1570148],[91.7260133,26.1570509],[91.7259597,26.1569859],[91.7258658,26.1569956],[91.7255493,26.1570798],[91.7253132,26.1571087],[91.7251496,26.1570895],[91.7249753,26.1570196],[91.7247124,26.1569956],[91.724632,26.1569763],[91.7245381,26.1568174],[91.7244415,26.1567187],[91.7241948,26.1566489],[91.7239614,26.1566465],[91.7237039,26.1566417],[91.7236154,26.1567356],[91.7235215,26.1568439],[91.7234062,26.1568078],[91.723205,26.1566609],[91.7230146,26.1566296],[91.7228376,26.1566657],[91.7225854,26.1567163],[91.7224621,26.1568102],[91.7223682,26.1569619],[91.722285,26.157075],[91.7221187,26.1571304],[91.7218881,26.1572604],[91.7217513,26.1574048],[91.7217379,26.157506],[91.7217754,26.1576239],[91.7218022,26.157725],[91.7217057,26.1578791],[91.7215662,26.1580452],[91.7213562,26.1581565],[91.721105,26.158274],[91.7210271,26.1584265],[91.7210165,26.1586997],[91.7210129,26.1588522],[91.7209103,26.1590142],[91.7207793,26.159119],[91.7205812,26.1592048],[91.7204219,26.1592175],[91.7201812,26.1592556],[91.7201281,26.1592969],[91.7201337,26.1594105],[91.7201918,26.1595225],[91.72016,26.159621]]}},{"type":"Feature","properties":{"id":545767873,"highway":"residential","name":null,"oneway":null,"junction":null},"geometry":{"type":"LineString","coordinates":[[91.6916516,26.1616031],[91.6910902,26.1617852],[91.6910552,26.1617964],[91.6908082,26.1618754],[91.6909094,26.1620998],[91.6909992,26.1622987],[91.6912389,26.1622326],[91.6912836,26.1622203],[91.6915066,26.1621587]]}},{"type":"Feature","properties":{"id":545767874,"highway":"residential","name":null,"oneway":null,"junction":null},"geometry":{"type":"LineString","coordinates":[[91.6907452,26.1632237],[91.6912806,26.1631004],[91.6917473,26.1629592],[91.6918785,26.1628962],[91.6920845,26.162834]]}},{"type":"Feature","properties":{"id":545767875,"highway":"unclassified","name":null,"oneway":null,"junction":null},"geometry":{"type":"LineString","coordinates":[[91.6934738,26.1609514],[91.6938548,26.1612975]]}},{"type":"Feature","properties":{"id":545767876,"highway":"residential","name":null,"oneway":null,"junction":null},"geometry":{"type":"LineString","coordinates":[[91.6905993,26.162831],[91.6904663,26.1624642],[91.6909992,26.1622987]]}},{"type":"Feature","properties":{"id":545767877,"highway":"residential","name":null,"oneway":null,"junction":null},"geometry":{"type":"LineString","coordinates":[[91.6904663,26.1624642],[91.6903053,26.162055],[91.6908082,26.1618754]]}},{"type":"Feature","properties":{"id":545781027,"highway":"residential","name":null,"oneway":null,"junction":null},"geometry":{"type":"LineString","coordinates":[[91.6929675,26.1603338],[91.6929981,26.1602369],[91.6931079,26.1599271],[91.6935119,26.1592232]]}},{"type":"Feature","properties":{"id":545782181,"highway":"residential","name":null,"oneway":null,"junction":null},"geometry":{"type":"LineString","coordinates":[[91.6912389,26.1622326],[91.6910552,26.1617964]]}},{"type":"Feature","properties":{"id":545822140,"highway":"residential","name":null,"oneway":"yes","junction":null},"geometry":{"type":"LineString","coordinates":[[91.6931236,26.1608838],[91.6931311,26.1608962],[91.6931406,26.1609074],[91.693143,26.1609095],[91.6931518,26.1609173],[91.6931568,26.1609206],[91.6931644,26.1609255],[91.6931715,26.1609288],[91.6931784,26.160932],[91.6931932,26.1609366],[91.6932134,26.1609395],[91.6932347,26.1609388],[91.6932577,26.1609335],[91.6932782,26.1609241],[91.6932935,26.1609121],[91.6932996,26.1609073],[91.6933016,26.1609046],[91.693305,26.1609],[91.6933083,26.1608955],[91.6933153,26.160886],[91.6933246,26.160859],[91.6933241,26.1608281],[91.6933183,26.1608096],[91.6933084,26.1607926],[91.6932889,26.1607728],[91.6932618,26.1607576],[91.6932381,26.1607513],[91.6932094,26.1607504],[91.6931809,26.1607566],[91.6931642,26.1607642],[91.693152,26.1607721],[91.693135,26.1607884],[91.6931259,26.1608016],[91.6931159,26.1608282],[91.6931143,26.160845],[91.693116,26.1608618],[91.6931224,26.1608802],[91.6931236,26.1608838]]}},{"type":"Feature","properties":{"id":545828983,"highway":"residential","name":null,"oneway":null,"junction":null},"geometry":{"type":"LineString","coordinates":[[91.6929007,26.1617344],[91.6927407,26.1613206]]}},{"type":"Feature","properties":{"id":545829385,"highway":"residential","name":null,"oneway":null,"junction":null},"geometry":{"type":"LineString","coordinates":[[91.6909098,26.1636815],[91.691136,26.1641627],[91.6923611,26.1638238],[91.6922713,26.1632949]]}},{"type":"Feature","properties":{"id":545829689,"highway":"residential","name":null,"oneway":null,"junction":null},"geometry":{"type":"LineString","coordinates":[[91.6904663,26.1624642],[91.6903952,26.1624851],[91.6900257,26.1624255],[91.6898902,26.1623902]]}},{"type":"Feature","properties":{"id":545829691,"highway":"residential","name":null,"oneway":null,"junction":null},"geometry":{"type":"LineString","coordinates":[[91.6898902,26.1623902],[91.6897982,26.1623711],[91.6896495,26.1631843],[91.6896455,26.1632514],[91.6899338,26.1633104],[91.6901238,26.1633114],[91.6902016,26.1632606],[91.6902583,26.1630954],[91.6903952,26.1624851]]}},{"type":"Feature","properties":{"id":545832435,"highway":"residential","name":null,"oneway":null,"junction":null},"geometry":{"type":"LineString","coordinates":[[91.6923611,26.1638238],[91.6923831,26.164005],[91.6924104,26.1642923],[91.6924185,26.1644428]]}},{"type":"Feature","properties":{"id":545832690,"highway":"residential","name":null,"oneway":null,"junction":null},"geometry":{"type":"LineString","coordinates":[[91.6905195,26.1638969],[91.6906731,26.1643365],[91.6908351,26.1648005]]}},{"type":"Feature","properties":{"id":547084587,"highway":"residential","name":null,"oneway":null,"junction":null},"geometry":{"type":"LineString","coordinates":[[91.6908595,26.1653599],[91.6906283,26.1648709]]}},{"type":"Feature","properties":{"id":564671766,"highway":"tertiary","name":null,"oneway":null,"junction":null},"geometry":{"type":"LineString","coordinates":[[91.6738032,26.1366721],[91.674182,26.1375647],[91.6745255,26.138464],[91.6750042,26.1398591],[91.6752564,26.140581],[91.6754899,26.1412906],[91.6755944,26.1416082],[91.6757128,26.1419418],[91.6758285,26.142268],[91.6760694,26.1429469],[91.6767123,26.1447586],[91.6767372,26.1448307],[91.6776473,26.1474597],[91.677709,26.1476616],[91.6777479,26.1478116],[91.677772,26.1479049],[91.6778153,26.1483356],[91.6778153,26.1487475],[91.6777568,26.1490879],[91.6776301,26.1495659],[91.6769409,26.1518901],[91.6767717,26.152524],[91.6766496,26.1529818],[91.6764188,26.1538468],[91.6761599,26.1549459],[91.6761249,26.1550235],[91.6759777,26.1553505],[91.6756017,26.1557677],[91.6755741,26.1558348]]}},{"type":"Feature","properties":{"id":566148617,"highway":"trunk","name":null,"oneway":"yes","junction":null},"geometry":{"type":"LineString","coordinates":[[91.6886115,26.2348001],[91.6886125,26.2350508],[91.6886222,26.2352307],[91.6886625,26.2354641],[91.6887349,26.2357865],[91.6887885,26.2360463]]}},{"type":"Feature","properties":{"id":574847955,"highway":"residential","name":null,"oneway":null,"junction":null},"geometry":{"type":"LineString","coordinates":[[91.7168301,26.1699746],[91.716757,26.1698121],[91.716659,26.1696256],[91.7165936,26.1695355],[91.7165562,26.1693615]]}},{"type":"Feature","properties":{"id":574847956,"highway":"residential","name":null,"oneway":null,"junction":null},"geometry":{"type":"LineString","coordinates":[[91.7044523,26.1598487],[91.7044016,26.1603096],[91.7043492,26.1609235]]}},{"type":"Feature","properties":{"id":574847957,"highway":"residential","name":null,"oneway":null,"junction":null},"geometry":{"type":"LineString","coordinates":[[91.7076232,26.1602611],[91.7076112,26.1602942],[91.7075012,26.1606384],[91.7074207,26.1609177],[91.7073564,26.1611223]]}},{"type":"Feature","properties":{"id":574850061,"highway":"residential","name":null,"oneway":null,"junction":null},"geometry":{"type":"LineString","coordinates":[[91.7210454,26.1681455],[91.7209714,26.168243],[91.7209145,26.1683999],[91.7207446,26.1688372],[91.7205722,26.1694665]]}},{"type":"Feature","properties":{"id":574851856,"highway":"residential","name":null,"oneway":null,"junction":null},"geometry":{"type":"LineString","coordinates":[[91.7207446,26.1688372],[91.7205985,26.1687868],[91.7204305,26.168717],[91.7202492,26.168646],[91.7201834,26.1686611],[91.7200335,26.1689364]]}},{"type":"Feature","properties":{"id":574857581,"highway":"residential","name":null,"oneway":null,"junction":null},"geometry":{"type":"LineString","coordinates":[[91.7418133,26.1876957],[91.7417385,26.1878033],[91.7416888,26.1878839],[91.7416044,26.1879356],[91.7415427,26.188009],[91.7414997,26.1880993],[91.7413723,26.188275],[91.7412852,26.1883917],[91.7412235,26.1884519]]}},{"type":"Feature","properties":{"id":574857582,"highway":"residential","name":null,"oneway":null,"junction":null},"geometry":{"type":"LineString","coordinates":[[91.7416888,26.1878839],[91.741709,26.1879007],[91.7417143,26.1879501],[91.7417479,26.1879741],[91.7417693,26.1879994],[91.7417653,26.1880584]]}},{"type":"Feature","properties":{"id":588791117,"highway":"secondary","name":null,"oneway":null,"junction":null},"geometry":{"type":"LineString","coordinates":[[91.7172685,26.1920783],[91.7187389,26.1923446],[91.7194013,26.1925781],[91.72038,26.1929231],[91.7207953,26.1931574],[91.7215952,26.1936086],[91.721657,26.1936943],[91.7217489,26.1939207],[91.7219281,26.1943622],[91.7220483,26.1946583],[91.7223875,26.1954314],[91.7225168,26.1957038],[91.7226422,26.1958858],[91.7229588,26.1962364],[91.72333,26.1965256],[91.7254041,26.1982724],[91.7255842,26.1983832],[91.725743,26.1984755],[91.7261627,26.1986931],[91.7264842,26.1988444],[91.726836,26.1990284],[91.7274318,26.1993871],[91.7276969,26.1995413],[91.7279958,26.1997175],[91.7285897,26.200038],[91.7292651,26.2004235],[91.7296659,26.2006227],[91.7300087,26.2007836]]}},{"type":"Feature","properties":{"id":588791119,"highway":"residential","name":null,"oneway":null,"junction":null},"geometry":{"type":"LineString","coordinates":[[91.7234299,26.2004008],[91.7233959,26.2000912],[91.7233959,26.1998679],[91.7235247,26.1992518],[91.7236276,26.1988359],[91.7237987,26.1982449]]}},{"type":"Feature","properties":{"id":588791120,"highway":"residential","name":null,"oneway":null,"junction":null},"geometry":{"type":"LineString","coordinates":[[91.7415539,26.20705],[91.741796,26.2071931],[91.7421004,26.2073794],[91.7421855,26.2074192],[91.7422888,26.20745],[91.7424103,26.2074726],[91.7425129,26.2074732],[91.7426511,26.2074593],[91.7429915,26.207425],[91.7434748,26.2073752],[91.7435683,26.2073315],[91.7436438,26.2072858],[91.743701,26.2072401],[91.7437849,26.2071577],[91.7438535,26.2070753],[91.7440933,26.2067563],[91.7441982,26.2066046],[91.7442089,26.2065825],[91.7443368,26.2063181]]}},{"type":"Feature","properties":{"id":588791122,"highway":"residential","name":null,"oneway":null,"junction":null},"geometry":{"type":"LineString","coordinates":[[91.7197309,26.1970492],[91.7196923,26.1973844],[91.7195582,26.1979716]]}},{"type":"Feature","properties":{"id":588791123,"highway":"residential","name":null,"oneway":null,"junction":null},"geometry":{"type":"LineString","coordinates":[[91.7214324,26.1861236],[91.7215257,26.185997],[91.7215528,26.185989]]}},{"type":"Feature","properties":{"id":612242138,"highway":"unclassified","name":null,"oneway":null,"junction":"roundabout"},"geometry":{"type":"LineString","coordinates":[[91.7070597,26.1649643],[91.707214,26.1649186],[91.7073736,26.1647813],[91.7073762,26.1646297],[91.7073145,26.1644419],[91.7072234,26.1643239],[91.707104,26.1643057],[91.7068988,26.1644082],[91.7067325,26.1645767],[91.7067432,26.1647645],[91.7068157,26.1648945],[91.7070597,26.1649643]]}},{"type":"Feature","properties":{"id":644316164,"highway":"residential","name":null,"oneway":null,"junction":null},"geometry":{"type":"LineString","coordinates":[[91.7380409,26.1697661],[91.7382163,26.1697536],[91.7383397,26.1697223],[91.7383987,26.1696838],[91.7383973,26.1696296],[91.7383839,26.1694984],[91.7383836,26.1693166],[91.7380741,26.1692938],[91.7380178,26.169295],[91.7379816,26.1693107],[91.7379628,26.1693576],[91.7379709,26.1694178],[91.7379923,26.1695285],[91.7380165,26.1696465],[91.7380377,26.1697434],[91.7380409,26.1697661],[91.7380648,26.1699377],[91.7381053,26.1701509],[91.7381619,26.1703701],[91.7381902,26.170567],[91.7382574,26.1707671],[91.7382751,26.1709386],[91.7382999,26.1711419],[91.7382968,26.1713301]]}},{"type":"Feature","properties":{"id":644316166,"highway":"residential","name":null,"oneway":null,"junction":null},"geometry":{"type":"LineString","coordinates":[[91.7333434,26.1708868],[91.7334572,26.1705656],[91.7335693,26.1701842],[91.733644,26.1697818],[91.7336487,26.1694675],[91.7336347,26.1692537],[91.7335792,26.1690152],[91.7335693,26.1689729],[91.7335506,26.1687591],[91.7335435,26.1686117],[91.7335366,26.1684699],[91.7335553,26.1682017],[91.7335564,26.1678574]]}},{"type":"Feature","properties":{"id":644316167,"highway":"residential","name":null,"oneway":null,"junction":null},"geometry":{"type":"LineString","coordinates":[[91.7335435,26.1686117],[91.7314626,26.1683242]]}},{"type":"Feature","properties":{"id":644318880,"highway":"unclassified","name":null,"oneway":null,"junction":null},"geometry":{"type":"LineString","coordinates":[[91.7278356,26.1722009],[91.7275721,26.1727972],[91.7285334,26.1733281]]}},{"type":"Feature","properties":{"id":651641217,"highway":"trunk_link","name":null,"oneway":"yes","junction":null},"geometry":{"type":"LineString","coordinates":[[91.6703724,26.1898552],[91.6704583,26.1898862],[91.6705173,26.1899073],[91.6705663,26.1899367],[91.6706085,26.1899789],[91.6706394,26.1900246],[91.6706568,26.1900679],[91.6706739,26.190146]]}},{"type":"Feature","properties":{"id":651641218,"highway":"trunk_link","name":null,"oneway":"yes","junction":null},"geometry":{"type":"LineString","coordinates":[[91.670964,26.1894673],[91.6708679,26.1895536],[91.6707949,26.1896034],[91.6707037,26.1896624],[91.6705951,26.1897165],[91.6705066,26.189749],[91.670339,26.1897971]]}},{"type":"Feature","properties":{"id":651641220,"highway":"trunk_link","name":null,"oneway":"yes","junction":null},"geometry":{"type":"LineString","coordinates":[[91.6712191,26.1876027],[91.671135,26.1879745],[91.6711003,26.1884349],[91.6710568,26.1888614],[91.6710307,26.1891266],[91.6710075,26.1893087],[91.670964,26.1894673],[91.6709104,26.1896207],[91.6708555,26.1898056],[91.6708209,26.1898905],[91.6707974,26.189951],[91.6707307,26.190068],[91.6706739,26.190146],[91.6706539,26.1901734],[91.6705844,26.1902631],[91.6704858,26.1903645],[91.6700801,26.1907728],[91.6700244,26.1908337],[91.6696715,26.1912201],[91.6695324,26.1913904],[91.6694628,26.1914997],[91.6694216,26.1916408]]}},{"type":"Feature","properties":{"id":651641782,"highway":"trunk","name":null,"oneway":"yes","junction":null},"geometry":{"type":"LineString","coordinates":[[91.6708938,26.189914],[91.6709517,26.1899471],[91.6709988,26.1899807],[91.6710417,26.1900246]]}},{"type":"Feature","properties":{"id":662904833,"highway":"trunk","name":null,"oneway":"yes","junction":null},"geometry":{"type":"LineString","coordinates":[[91.671724,26.1576628],[91.6718488,26.1576347],[91.6721602,26.1576373],[91.6731302,26.1576864],[91.6736528,26.1577198]]}},{"type":"Feature","properties":{"id":662904834,"highway":"trunk_link","name":"Flyover Ramp","oneway":"yes","junction":null},"geometry":{"type":"LineString","coordinates":[[91.6727167,26.1562084],[91.672314,26.1566572],[91.6716543,26.1573323],[91.6715044,26.1574904],[91.6714842,26.1575202],[91.6714521,26.1575674],[91.6714266,26.1576517],[91.6714165,26.1577608]]}},{"type":"Feature","properties":{"id":662907280,"highway":"trunk_link","name":null,"oneway":"yes","junction":null},"geometry":{"type":"LineString","coordinates":[[91.6705978,26.163101],[91.670512,26.1635752],[91.6704771,26.1638039],[91.670469,26.16397],[91.6704637,26.1641843],[91.6704878,26.1646032],[91.6705146,26.1647187],[91.6705388,26.1647958],[91.6705951,26.1648752],[91.6706541,26.1649258],[91.6707292,26.1649619],[91.6708526,26.1649763],[91.6709411,26.1649691],[91.6710618,26.1649306],[91.6712093,26.1648632],[91.6712871,26.1648054],[91.6713622,26.1647356],[91.6714078,26.1646658],[91.6714454,26.1645671],[91.6714776,26.1644828],[91.6714749,26.1643745],[91.6714722,26.1643095],[91.6714459,26.1641934],[91.6712628,26.1639647],[91.6710637,26.1638647],[91.6708965,26.163686],[91.670801,26.1634788],[91.6707775,26.1631973],[91.6707292,26.1627928]]}},{"type":"Feature","properties":{"id":662907281,"highway":"residential","name":null,"oneway":null,"junction":null},"geometry":{"type":"LineString","coordinates":[[91.6707292,26.1649619],[91.6707042,26.1651118],[91.6707056,26.1651716],[91.6706972,26.165243],[91.6706798,26.1653984]]}},{"type":"Feature","properties":{"id":662907282,"highway":"unclassified","name":null,"oneway":null,"junction":null},"geometry":{"type":"LineString","coordinates":[[91.6729869,26.1678648],[91.672969,26.1677787],[91.6730307,26.1671215],[91.6730709,26.1664812],[91.6730924,26.1661778],[91.6731406,26.1660864],[91.6731943,26.1659467],[91.6731997,26.1658143],[91.6731728,26.1656916],[91.6731701,26.1654893],[91.6732372,26.164979],[91.6732533,26.1646203],[91.6732801,26.1642592],[91.6732962,26.1640738],[91.6732908,26.163992],[91.6732587,26.1639246],[91.6732426,26.1638283],[91.673264,26.163159],[91.6732654,26.1630983],[91.6732748,26.1626799],[91.6733204,26.1622707],[91.6733472,26.1619433],[91.6733874,26.1616809],[91.6734357,26.1613655],[91.6735296,26.1610092],[91.6736422,26.1606938],[91.6738,26.1603348],[91.673838,26.1602484],[91.6740097,26.1599355],[91.674345,26.1594492],[91.6746051,26.1590688],[91.6750262,26.1584525],[91.6751523,26.158231],[91.6754762,26.1578793]]}},{"type":"Feature","properties":{"id":662907283,"highway":"residential","name":null,"oneway":null,"junction":null},"geometry":{"type":"LineString","coordinates":[[91.6693658,26.1596025],[91.6693358,26.1595608],[91.6688651,26.1594501],[91.6684359,26.1593574],[91.6677332,26.1591865],[91.6675562,26.1590204],[91.6674596,26.1586207],[91.6674861,26.1584278],[91.6675079,26.1582692],[91.6680119,26.156905]]}},{"type":"Feature","properties":{"id":662907284,"highway":"residential","name":null,"oneway":null,"junction":null},"geometry":{"type":"LineString","coordinates":[[91.6694559,26.1597764],[91.6694245,26.1597123],[91.6693658,26.1596025]]}},{"type":"Feature","properties":{"id":662909139,"highway":"residential","name":null,"oneway":null,"junction":null},"geometry":{"type":"LineString","coordinates":[[91.730337,26.1721396],[91.7303896,26.1717939],[91.7304561,26.1715281],[91.7305586,26.1711125],[91.7306382,26.1706137],[91.7307016,26.169858],[91.7307347,26.169463],[91.7308038,26.1690055],[91.7308474,26.1687168],[91.730944,26.1683075],[91.7309574,26.1679973],[91.7309654,26.1678116],[91.7309547,26.1674264],[91.7308367,26.1673783],[91.7302257,26.1673478],[91.7298797,26.1673306],[91.7290986,26.1672916],[91.7290235,26.1672916],[91.728673,26.1672916],[91.7276556,26.1672916],[91.7276343,26.167378],[91.7273981,26.1683364],[91.7273138,26.1686508],[91.7272547,26.1690752],[91.7272807,26.1691324],[91.728074,26.1692704],[91.7283798,26.1692849]]}},{"type":"Feature","properties":{"id":662909140,"highway":"primary","name":null,"oneway":"yes","junction":null},"geometry":{"type":"LineString","coordinates":[[91.7303244,26.1729492],[91.7302289,26.1729128],[91.7297425,26.1727275],[91.7289288,26.1724501],[91.7279163,26.172105],[91.7271942,26.1718567],[91.7255249,26.171283],[91.7250484,26.1710602],[91.724795,26.1709243],[91.7245628,26.1707857],[91.7242868,26.1705778],[91.7233547,26.1697467],[91.7226873,26.1692256],[91.7216929,26.1684493],[91.7211561,26.1680535],[91.7199908,26.1671716],[91.7192222,26.1665788],[91.7188766,26.166322],[91.7177189,26.1655716],[91.7173595,26.1653276],[91.7168657,26.1649863],[91.7162213,26.1645552],[91.716094,26.1644547]]}},{"type":"Feature","properties":{"id":662909141,"highway":"primary","name":null,"oneway":"yes","junction":null},"geometry":{"type":"LineString","coordinates":[[91.7306143,26.1730575],[91.7303244,26.1729492]]}},{"type":"Feature","properties":{"id":662909143,"highway":"primary","name":"M.G. Road","oneway":"yes","junction":null},"geometry":{"type":"LineString","coordinates":[[91.7307693,26.1733685],[91.7307742,26.1732583],[91.7307394,26.1731492],[91.7306872,26.173111],[91.7306143,26.1730575]]}},{"type":"Feature","properties":{"id":662909144,"highway":"tertiary","name":null,"oneway":null,"junction":null},"geometry":{"type":"LineString","coordinates":[[91.7310743,26.1732305],[91.7308807,26.1731792],[91.7307394,26.1731492]]}},{"type":"Feature","properties":{"id":662911954,"highway":"residential","name":null,"oneway":null,"junction":null},"geometry":{"type":"LineString","coordinates":[[91.7213922,26.1684119],[91.7213475,26.1684618],[91.721318,26.1685174],[91.7212734,26.1686715],[91.7211553,26.1690095]]}},{"type":"Feature","properties":{"id":662911955,"highway":"residential","name":null,"oneway":null,"junction":null},"geometry":{"type":"LineString","coordinates":[[91.7216259,26.1685939],[91.7215496,26.1686971],[91.7214861,26.1688002],[91.7214478,26.1688756],[91.7213945,26.1689915],[91.7213838,26.1690753],[91.7214202,26.1692071]]}},{"type":"Feature","properties":{"id":662911956,"highway":"tertiary","name":null,"oneway":null,"junction":null},"geometry":{"type":"LineString","coordinates":[[91.7323536,26.1762012],[91.7327305,26.1757853],[91.7332941,26.175069],[91.7338102,26.1744226],[91.7340152,26.1741763],[91.7345298,26.1735448],[91.7345616,26.1735068],[91.7347195,26.1733183],[91.7347561,26.1732746],[91.7350279,26.1729248],[91.7353247,26.1725428],[91.7360279,26.1717384],[91.7362931,26.1714351]]}},{"type":"Feature","properties":{"id":684576020,"highway":"service","name":null,"oneway":null,"junction":null},"geometry":{"type":"LineString","coordinates":[[91.6985637,26.1904632],[91.6981396,26.1904773],[91.6981162,26.1904687],[91.6981008,26.1904539],[91.6980423,26.1896476],[91.6978843,26.1879912]]}},{"type":"Feature","properties":{"id":684576021,"highway":"service","name":null,"oneway":null,"junction":null},"geometry":{"type":"LineString","coordinates":[[91.6957686,26.1896309],[91.6980423,26.1896476]]}},{"type":"Feature","properties":{"id":688344670,"highway":"residential","name":null,"oneway":"no","junction":null},"geometry":{"type":"LineString","coordinates":[[91.6864845,26.1599161],[91.6854452,26.1598103]]}},{"type":"Feature","properties":{"id":713328876,"highway":"tertiary","name":null,"oneway":null,"junction":null},"geometry":{"type":"LineString","coordinates":[[91.7006011,26.159311],[91.700605,26.1592831],[91.7006115,26.159236]]}},{"type":"Feature","properties":{"id":713370957,"highway":"residential","name":null,"oneway":null,"junction":null},"geometry":{"type":"LineString","coordinates":[[91.7226873,26.1692256],[91.7226004,26.169314]]}},{"type":"Feature","properties":{"id":713377356,"highway":"residential","name":null,"oneway":null,"junction":null},"geometry":{"type":"LineString","coordinates":[[91.6899338,26.1633104],[91.6900814,26.1636944],[91.6901216,26.1637293],[91.6901806,26.1637461],[91.6903348,26.1637461],[91.6904917,26.1637425],[91.6905722,26.163757],[91.6906376,26.1637736]]}},{"type":"Feature","properties":{"id":713377357,"highway":"residential","name":null,"oneway":null,"junction":null},"geometry":{"type":"LineString","coordinates":[[91.6896719,26.1613603],[91.6892913,26.1623573],[91.6890563,26.1629728],[91.6890487,26.162998],[91.6890415,26.1630215],[91.689044,26.1630254],[91.6890499,26.1630304],[91.6890635,26.1630408],[91.6890983,26.1630582],[91.6891788,26.1630949],[91.6893437,26.1631449],[91.6895087,26.16319],[91.6895838,26.1632225],[91.6896455,26.1632514]]}},{"type":"Feature","properties":{"id":713378666,"highway":"residential","name":null,"oneway":null,"junction":null},"geometry":{"type":"LineString","coordinates":[[91.6983822,26.159239],[91.6982916,26.1597859]]}},{"type":"Feature","properties":{"id":713543964,"highway":"primary_link","name":null,"oneway":null,"junction":null},"geometry":{"type":"LineString","coordinates":[[91.7192222,26.1665788],[91.7191411,26.1666672]]}},{"type":"Feature","properties":{"id":713576215,"highway":"residential","name":null,"oneway":null,"junction":null},"geometry":{"type":"LineString","coordinates":[[91.7448581,26.1888667],[91.7446254,26.189743]]}},{"type":"Feature","properties":{"id":713580146,"highway":"residential","name":null,"oneway":null,"junction":null},"geometry":{"type":"LineString","coordinates":[[91.703168,26.1568557],[91.7035848,26.1568968]]}},{"type":"Feature","properties":{"id":713585663,"highway":"residential","name":null,"oneway":null,"junction":null},"geometry":{"type":"LineString","coordinates":[[91.7165212,26.1589342],[91.716591,26.1588843],[91.7166822,26.1588446],[91.7169906,26.1588579],[91.7173098,26.1588904],[91.7174774,26.1589529],[91.7176389,26.1589971],[91.7178305,26.1590491],[91.7180129,26.1591047],[91.7181804,26.1593002],[91.718317,26.1594706],[91.7184913,26.1596331],[91.7185959,26.1597269],[91.718667,26.1597763],[91.7187421,26.1598064],[91.7188345,26.1597302],[91.7189741,26.159615],[91.7191981,26.1594369],[91.7194945,26.1593959],[91.719815,26.1593718],[91.7201337,26.1594105]]}},{"type":"Feature","properties":{"id":713585664,"highway":"residential","name":null,"oneway":null,"junction":null},"geometry":{"type":"LineString","coordinates":[[91.716767,26.1651052],[91.7168657,26.1649863]]}},{"type":"Feature","properties":{"id":713587208,"highway":"service","name":null,"oneway":null,"junction":null},"geometry":{"type":"LineString","coordinates":[[91.6700173,26.1621801],[91.6693988,26.1621139]]}},{"type":"Feature","properties":{"id":713587209,"highway":"service","name":null,"oneway":null,"junction":null},"geometry":{"type":"LineString","coordinates":[[91.6705206,26.1621084],[91.6702827,26.1620808],[91.6700292,26.1620513],[91.6700173,26.1621801],[91.6699744,26.1625316],[91.6699702,26.1625665],[91.6693425,26.1625112]]}},{"type":"Feature","properties":{"id":713592145,"highway":"residential","name":null,"oneway":null,"junction":null},"geometry":{"type":"LineString","coordinates":[[91.6871835,26.1534035],[91.6871282,26.154759]]}},{"type":"Feature","properties":{"id":713592146,"highway":"residential","name":null,"oneway":null,"junction":null},"geometry":{"type":"LineString","coordinates":[[91.6867688,26.1542221],[91.6868117,26.1534012],[91.6871835,26.1534035]]}},{"type":"Feature","properties":{"id":713593954,"highway":"residential","name":null,"oneway":null,"junction":null},"geometry":{"type":"LineString","coordinates":[[91.6824405,26.1521403],[91.6821769,26.1543835]]}},{"type":"Feature","properties":{"id":713598777,"highway":"residential","name":null,"oneway":null,"junction":null},"geometry":{"type":"LineString","coordinates":[[91.7312207,26.1690589],[91.7313704,26.1690781]]}},{"type":"Feature","properties":{"id":713598778,"highway":"residential","name":null,"oneway":null,"junction":null},"geometry":{"type":"LineString","coordinates":[[91.7309334,26.1690221],[91.7312207,26.1690589]]}},{"type":"Feature","properties":{"id":713598779,"highway":"residential","name":null,"oneway":null,"junction":null},"geometry":{"type":"LineString","coordinates":[[91.7315216,26.1673885],[91.7315189,26.16761]]}},{"type":"Feature","properties":{"id":713598780,"highway":"residential","name":null,"oneway":null,"junction":null},"geometry":{"type":"LineString","coordinates":[[91.7315336,26.1672404],[91.7315216,26.1673885]]}},{"type":"Feature","properties":{"id":713598781,"highway":"residential","name":null,"oneway":null,"junction":null},"geometry":{"type":"LineString","coordinates":[[91.7333774,26.1666074],[91.7334098,26.1665411],[91.7346228,26.166527]]}},{"type":"Feature","properties":{"id":713598782,"highway":"residential","name":null,"oneway":null,"junction":null},"geometry":{"type":"LineString","coordinates":[[91.7348884,26.1670638],[91.7347509,26.1670225],[91.7334769,26.1669579]]}},{"type":"Feature","properties":{"id":713601653,"highway":"residential","name":null,"oneway":null,"junction":null},"geometry":{"type":"LineString","coordinates":[[91.6842605,26.1691777],[91.6846177,26.1692517],[91.6846975,26.1693444],[91.6847894,26.169472],[91.6848329,26.1695279],[91.6848584,26.1695556],[91.6848906,26.1695743],[91.6852719,26.1696014],[91.6852976,26.1696032],[91.6854975,26.1696056],[91.6855189,26.1695875],[91.6855782,26.1690547]]}},{"type":"Feature","properties":{"id":713601654,"highway":"residential","name":null,"oneway":null,"junction":null},"geometry":{"type":"LineString","coordinates":[[91.6837726,26.1703595],[91.6839217,26.1703843],[91.6845386,26.1705095],[91.6850007,26.1706347],[91.6855883,26.1707705],[91.6856328,26.1707713],[91.6856804,26.1707476],[91.6857246,26.1706551],[91.685773,26.1705248],[91.6858193,26.1704],[91.6859561,26.169945]]}},{"type":"Feature","properties":{"id":713614946,"highway":"residential","name":null,"oneway":null,"junction":null},"geometry":{"type":"LineString","coordinates":[[91.7124763,26.1631916],[91.7122444,26.1633537],[91.7121372,26.1634549],[91.7120473,26.1635461],[91.7118534,26.1635202],[91.7116356,26.1634789],[91.7114773,26.1635174],[91.7113432,26.1635728],[91.711199,26.163641]]}},{"type":"Feature","properties":{"id":713634861,"highway":"residential","name":null,"oneway":null,"junction":null},"geometry":{"type":"LineString","coordinates":[[91.7162115,26.1581205],[91.7158842,26.1576962],[91.7158218,26.1574407],[91.7157984,26.1573447],[91.7159164,26.1570221],[91.7160537,26.1567063],[91.7161985,26.1565137],[91.7166223,26.1560273],[91.7167396,26.1558925],[91.7170246,26.1555651],[91.7171019,26.1553754],[91.7170215,26.1551057],[91.7169893,26.1549131],[91.7169946,26.154682],[91.7170912,26.1543738],[91.7171135,26.1541473]]}},{"type":"Feature","properties":{"id":714325061,"highway":"residential","name":null,"oneway":null,"junction":null},"geometry":{"type":"LineString","coordinates":[[91.7153558,26.1650907],[91.7166929,26.1651719],[91.7167232,26.1651486],[91.716767,26.1651052]]}},{"type":"Feature","properties":{"id":714325062,"highway":"residential","name":null,"oneway":null,"junction":null},"geometry":{"type":"LineString","coordinates":[[91.7154567,26.1641886],[91.7152619,26.1644708],[91.7153558,26.1650907],[91.7154255,26.1653302],[91.7154363,26.1655059]]}},{"type":"Feature","properties":{"id":714420715,"highway":"residential","name":null,"oneway":null,"junction":null},"geometry":{"type":"LineString","coordinates":[[91.7410969,26.1853291],[91.7418366,26.1835727],[91.742444,26.181902]]}},{"type":"Feature","properties":{"id":714425275,"highway":"residential","name":null,"oneway":null,"junction":null},"geometry":{"type":"LineString","coordinates":[[91.6789155,26.1653781],[91.6788667,26.1659216]]}},{"type":"Feature","properties":{"id":714425276,"highway":"residential","name":null,"oneway":null,"junction":null},"geometry":{"type":"LineString","coordinates":[[91.6754983,26.1590254],[91.6754432,26.1597534],[91.6753574,26.1600411],[91.675702,26.160129],[91.675246,26.1620359]]}},{"type":"Feature","properties":{"id":715222992,"highway":"residential","name":null,"oneway":null,"junction":null},"geometry":{"type":"LineString","coordinates":[[91.6870194,26.1708121],[91.6869298,26.1711699]]}},{"type":"Feature","properties":{"id":715222993,"highway":"residential","name":null,"oneway":null,"junction":null},"geometry":{"type":"LineString","coordinates":[[91.6864633,26.1707077],[91.6870194,26.1708121],[91.6871031,26.1704984],[91.6870934,26.170464],[91.6870646,26.1704406],[91.6865437,26.1703343]]}},{"type":"Feature","properties":{"id":715259717,"highway":"residential","name":null,"oneway":null,"junction":null},"geometry":{"type":"LineString","coordinates":[[91.7277902,26.165494],[91.7278442,26.1654939],[91.7279039,26.1654638],[91.7279568,26.1654409],[91.727993,26.165341],[91.7279729,26.1652411],[91.7279595,26.1651472],[91.7280064,26.1650533],[91.728107,26.1650004],[91.7282425,26.1649871],[91.7284007,26.1649571],[91.7285241,26.1649522],[91.7288168,26.1649655]]}},{"type":"Feature","properties":{"id":715259718,"highway":"residential","name":null,"oneway":null,"junction":null},"geometry":{"type":"LineString","coordinates":[[91.728673,26.1672916],[91.7286757,26.167167],[91.7286864,26.1669888],[91.7287159,26.1666615],[91.7287427,26.1662859],[91.7287856,26.1658815],[91.728791,26.1655348],[91.7288151,26.1651087],[91.7288168,26.1649655],[91.7288178,26.16488],[91.7288715,26.1648319],[91.72896,26.1648174],[91.7292014,26.1647837],[91.7293462,26.1647789],[91.7296245,26.1648127],[91.7299202,26.1648319],[91.7300168,26.1648656],[91.7300409,26.1649835],[91.7300382,26.1651087],[91.7301241,26.1652291],[91.730226,26.1653326],[91.7305155,26.1654999]]}},{"type":"Feature","properties":{"id":715272326,"highway":"residential","name":null,"oneway":null,"junction":null},"geometry":{"type":"LineString","coordinates":[[91.6772555,26.1521163],[91.6772822,26.1521541],[91.6774669,26.1524598],[91.6775984,26.1526765],[91.6777378,26.1529678],[91.6778451,26.153235],[91.6779578,26.1532326],[91.6780838,26.1531267],[91.6781428,26.1530424],[91.6784433,26.1530545],[91.6787302,26.1530737],[91.678806,26.1530647],[91.6788194,26.1528588],[91.6793217,26.152922],[91.6796637,26.1529582],[91.6796942,26.1527162]]}},{"type":"Feature","properties":{"id":715273906,"highway":"residential","name":null,"oneway":null,"junction":null},"geometry":{"type":"LineString","coordinates":[[91.6843752,26.1489012],[91.6850504,26.1489258]]}},{"type":"Feature","properties":{"id":715282142,"highway":"residential","name":null,"oneway":null,"junction":null},"geometry":{"type":"LineString","coordinates":[[91.7315438,26.1705966],[91.7316703,26.1700292]]}},{"type":"Feature","properties":{"id":715284764,"highway":"service","name":null,"oneway":null,"junction":null},"geometry":{"type":"LineString","coordinates":[[91.6699744,26.1625316],[91.6701948,26.1625507],[91.6704184,26.1625699]]}},{"type":"Feature","properties":{"id":715286223,"highway":"unclassified","name":null,"oneway":null,"junction":null},"geometry":{"type":"LineString","coordinates":[[91.6886308,26.1478097],[91.6884297,26.1478083],[91.6879919,26.1477528]]}},{"type":"Feature","properties":{"id":715286240,"highway":"residential","name":null,"oneway":null,"junction":null},"geometry":{"type":"LineString","coordinates":[[91.6673024,26.1672729],[91.6673319,26.1674186],[91.667419,26.1679578],[91.6675168,26.169144]]}},{"type":"Feature","properties":{"id":715286250,"highway":"residential","name":null,"oneway":null,"junction":null},"geometry":{"type":"LineString","coordinates":[[91.7381142,26.1736417],[91.7389055,26.1737262]]}},{"type":"Feature","properties":{"id":715286251,"highway":"residential","name":null,"oneway":null,"junction":null},"geometry":{"type":"LineString","coordinates":[[91.739841,26.1734212],[91.7389392,26.1734303],[91.7389002,26.1734306],[91.7381465,26.1733608],[91.7381142,26.1736417],[91.7380875,26.1738745],[91.7388802,26.1739479],[91.7389055,26.1737262],[91.7389392,26.1734303]]}},{"type":"Feature","properties":{"id":715286252,"highway":"residential","name":null,"oneway":null,"junction":null},"geometry":{"type":"LineString","coordinates":[[91.7376048,26.1713528],[91.7375664,26.1705759],[91.7374921,26.1690736]]}},{"type":"Feature","properties":{"id":715294323,"highway":"residential","name":null,"oneway":null,"junction":null},"geometry":{"type":"LineString","coordinates":[[91.7366441,26.1714124],[91.7366552,26.1715639],[91.7367923,26.1715874]]}},{"type":"Feature","properties":{"id":715297550,"highway":"residential","name":null,"oneway":null,"junction":null},"geometry":{"type":"LineString","coordinates":[[91.6856612,26.1615662],[91.6851486,26.161438]]}},{"type":"Feature","properties":{"id":715324346,"highway":"residential","name":null,"oneway":null,"junction":null},"geometry":{"type":"LineString","coordinates":[[91.7340594,26.1686026],[91.7335435,26.1686117]]}},{"type":"Feature","properties":{"id":715324347,"highway":"residential","name":null,"oneway":null,"junction":null},"geometry":{"type":"LineString","coordinates":[[91.7341031,26.1678945],[91.7340594,26.1686026],[91.7340816,26.1690194],[91.7335792,26.1690152]]}},{"type":"Feature","properties":{"id":715329088,"highway":"residential","name":null,"oneway":null,"junction":null},"geometry":{"type":"LineString","coordinates":[[91.7400023,26.1749824],[91.7412931,26.1751523]]}},{"type":"Feature","properties":{"id":715336959,"highway":"residential","name":null,"oneway":null,"junction":null},"geometry":{"type":"LineString","coordinates":[[91.685345,26.1523946],[91.6857102,26.1505976]]}},{"type":"Feature","properties":{"id":715348351,"highway":"residential","name":null,"oneway":null,"junction":null},"geometry":{"type":"LineString","coordinates":[[91.7115827,26.1505277],[91.7117697,26.151374],[91.7118823,26.1517158],[91.7118341,26.1519614],[91.7113942,26.1522551],[91.7111367,26.1526307],[91.7105037,26.153093],[91.7103374,26.153223],[91.7104822,26.1534927],[91.710575,26.1537442],[91.7105405,26.153832],[91.7102187,26.1541786],[91.709768,26.154352],[91.7090921,26.1544964],[91.7084806,26.1546024],[91.7081909,26.1547083],[91.7081319,26.1548817],[91.7080729,26.155055],[91.7081695,26.1551886],[91.7081078,26.1553909],[91.7080675,26.1556774],[91.7080099,26.155941],[91.7079261,26.15613]]}},{"type":"Feature","properties":{"id":715363061,"highway":"unclassified","name":null,"oneway":null,"junction":null},"geometry":{"type":"LineString","coordinates":[[91.6718531,26.1597017],[91.6723144,26.1589794],[91.6731302,26.1576864]]}},{"type":"Feature","properties":{"id":715363062,"highway":"unclassified","name":null,"oneway":null,"junction":null},"geometry":{"type":"LineString","coordinates":[[91.6715097,26.1602578],[91.6718531,26.1597017]]}},{"type":"Feature","properties":{"id":715646679,"highway":"residential","name":null,"oneway":null,"junction":null},"geometry":{"type":"LineString","coordinates":[[91.7319497,26.1752727],[91.7321545,26.1749857]]}},{"type":"Feature","properties":{"id":734321522,"highway":"residential","name":null,"oneway":null,"junction":null},"geometry":{"type":"LineString","coordinates":[[91.7094026,26.1604552],[91.7087737,26.1602783],[91.7080709,26.1601013],[91.7072448,26.1598991],[91.7070141,26.1598509],[91.70699,26.1598455],[91.7066976,26.1598004],[91.706182,26.1597516],[91.7050628,26.1596547],[91.7048898,26.1596307],[91.7048506,26.1596239]]}},{"type":"Feature","properties":{"id":734644335,"highway":"residential","name":null,"oneway":null,"junction":null},"geometry":{"type":"LineString","coordinates":[[91.7398054,26.1729192],[91.7399624,26.1729853],[91.7403071,26.1733259],[91.7405337,26.1736088],[91.7407563,26.173823],[91.740995,26.1741359],[91.7411627,26.1743261],[91.7413142,26.1745151],[91.7415127,26.1748268],[91.7416924,26.175017],[91.7418721,26.1752384],[91.7420599,26.1754214],[91.7423107,26.1756813],[91.7424273,26.175845],[91.7425856,26.1759895],[91.7426446,26.1760496],[91.7426392,26.1761243],[91.7426553,26.1761423],[91.7426111,26.1762254],[91.7424059,26.1763674],[91.742152,26.1765353],[91.7421001,26.1765696],[91.7419781,26.1766406],[91.7418279,26.1768199],[91.7415985,26.1771389],[91.7414896,26.1772555]]}},{"type":"Feature","properties":{"id":734709986,"highway":"service","name":null,"oneway":null,"junction":null},"geometry":{"type":"LineString","coordinates":[[91.6530907,26.189037],[91.6526431,26.1892111]]}},{"type":"Feature","properties":{"id":734709987,"highway":"service","name":null,"oneway":null,"junction":null},"geometry":{"type":"LineString","coordinates":[[91.6533954,26.1898189],[91.6531098,26.1899355],[91.6529398,26.1899976]]}},{"type":"Feature","properties":{"id":734709988,"highway":"service","name":null,"oneway":null,"junction":null},"geometry":{"type":"LineString","coordinates":[[91.6562597,26.1908032],[91.6564243,26.1903839],[91.6564582,26.1903384],[91.6564941,26.1903142],[91.6565369,26.1903114],[91.6568793,26.1903644]]}},{"type":"Feature","properties":{"id":734709989,"highway":"service","name":null,"oneway":null,"junction":null},"geometry":{"type":"LineString","coordinates":[[91.6547454,26.1906715],[91.6548796,26.190233],[91.654909,26.190196],[91.654948,26.1901831],[91.6550142,26.1901744],[91.6553034,26.1902086]]}},{"type":"Feature","properties":{"id":734709990,"highway":"service","name":null,"oneway":null,"junction":null},"geometry":{"type":"LineString","coordinates":[[91.6529398,26.1899976],[91.6526431,26.1892111]]}},{"type":"Feature","properties":{"id":734709991,"highway":"service","name":null,"oneway":null,"junction":null},"geometry":{"type":"LineString","coordinates":[[91.6526431,26.1892111],[91.6523561,26.188501],[91.6521931,26.1880364],[91.652192,26.1880193],[91.6521935,26.1880097],[91.6521962,26.1880021],[91.6522009,26.1879937],[91.6522055,26.187988],[91.652218,26.1879745],[91.6523078,26.1879354],[91.652737,26.1877346]]}},{"type":"Feature","properties":{"id":734709992,"highway":"service","name":null,"oneway":null,"junction":null},"geometry":{"type":"LineString","coordinates":[[91.6539951,26.1906362],[91.6535924,26.190619],[91.6532915,26.1906234],[91.6529205,26.190633],[91.6528392,26.19063],[91.6527712,26.1906035],[91.6527289,26.1905643],[91.6527071,26.1905061],[91.652682,26.1901431],[91.6526853,26.1901016],[91.6527209,26.1900775],[91.6529398,26.1899976]]}},{"type":"Feature","properties":{"id":734709993,"highway":"service","name":null,"oneway":null,"junction":null},"geometry":{"type":"LineString","coordinates":[[91.6526753,26.1875046],[91.6527209,26.1876839],[91.6527276,26.1877056],[91.652737,26.1877346],[91.6527718,26.1878416],[91.6529757,26.1883494],[91.6531578,26.1888124],[91.6531585,26.1888197],[91.6531582,26.1888249],[91.6531566,26.1888313],[91.6531464,26.1888503],[91.6531161,26.1889078],[91.6530912,26.188966],[91.6530877,26.1889832],[91.6530864,26.1890014],[91.6530907,26.189037],[91.6530987,26.1890593],[91.6531133,26.1890842],[91.6531324,26.1891059],[91.6531623,26.1891282],[91.653195,26.1891572],[91.6532069,26.189172],[91.6532145,26.1891852],[91.653225,26.1892244],[91.6532747,26.1894181],[91.6533552,26.1896912],[91.6533954,26.1898189],[91.6534446,26.1898224],[91.6534864,26.1898308],[91.653528,26.1898445],[91.6535813,26.1898712],[91.6536693,26.1899276],[91.6537226,26.1899819],[91.6537828,26.1900658],[91.6538615,26.1902101],[91.6539159,26.1903547],[91.6539429,26.1904234],[91.6539735,26.190519],[91.6539951,26.1906362]]}},{"type":"Feature","properties":{"id":734718431,"highway":"residential","name":null,"oneway":null,"junction":null},"geometry":{"type":"LineString","coordinates":[[91.7348769,26.1690013],[91.7348724,26.168616],[91.7348957,26.168154],[91.7349471,26.1680002]]}},{"type":"Feature","properties":{"id":734718432,"highway":"residential","name":null,"oneway":null,"junction":null},"geometry":{"type":"LineString","coordinates":[[91.7340816,26.1690194],[91.7348769,26.1690013],[91.734885,26.1693143]]}},{"type":"Feature","properties":{"id":734721652,"highway":"service","name":null,"oneway":null,"junction":null},"geometry":{"type":"LineString","coordinates":[[91.7136275,26.1636036],[91.7136674,26.1635006],[91.7137116,26.1634115]]}},{"type":"Feature","properties":{"id":734721653,"highway":"service","name":null,"oneway":null,"junction":null},"geometry":{"type":"LineString","coordinates":[[91.7140311,26.1630168],[91.7140026,26.1630444],[91.7139329,26.1631046],[91.713898,26.1631419],[91.7138565,26.1631985],[91.713831,26.1632755],[91.713827,26.1633152],[91.7138363,26.1633417],[91.7138658,26.1633706],[91.7139275,26.1634043]]}},{"type":"Feature","properties":{"id":734725713,"highway":"residential","name":null,"oneway":null,"junction":null},"geometry":{"type":"LineString","coordinates":[[91.7199056,26.1638353],[91.7201355,26.1634669],[91.720283,26.1632599],[91.7204279,26.1629999],[91.7205486,26.1626821],[91.7205861,26.1625569],[91.7201945,26.1624943],[91.7201596,26.1626604],[91.7201328,26.1628073],[91.7200765,26.1629806],[91.7200014,26.1630986],[91.7198753,26.1631443],[91.7197224,26.1631636],[91.719524,26.1631732],[91.719248,26.1631863]]}},{"type":"Feature","properties":{"id":734737275,"highway":"residential","name":null,"oneway":null,"junction":null},"geometry":{"type":"LineString","coordinates":[[91.7410267,26.1768645],[91.7410896,26.1767092],[91.7412063,26.1763656]]}},{"type":"Feature","properties":{"id":735379280,"highway":"residential","name":null,"oneway":null,"junction":null},"geometry":{"type":"LineString","coordinates":[[91.7188641,26.1625617],[91.7183894,26.1624004],[91.7179763,26.1622271],[91.7177939,26.1621428],[91.717566,26.1620947],[91.7172039,26.1621163],[91.7169383,26.1621308],[91.716823,26.1621621],[91.7167184,26.1621506]]}},{"type":"Feature","properties":{"id":735379281,"highway":"residential","name":null,"oneway":null,"junction":null},"geometry":{"type":"LineString","coordinates":[[91.7189613,26.1634277],[91.7189902,26.1632984],[91.7189875,26.1631299],[91.7189231,26.1628963],[91.7188641,26.1625617],[91.7190264,26.1623545],[91.7192316,26.1620826],[91.7193121,26.1620537],[91.719465,26.162085],[91.7198539,26.1622656],[91.7200229,26.1623186],[91.7201516,26.1624269],[91.7201945,26.1624943]]}},{"type":"Feature","properties":{"id":744525604,"highway":"service","name":null,"oneway":null,"junction":null},"geometry":{"type":"LineString","coordinates":[[91.6954189,26.151293],[91.6954913,26.1519433],[91.6955236,26.1521881],[91.6955343,26.1522154],[91.6955688,26.1522489],[91.6955916,26.1522364],[91.695915,26.1521972],[91.6960347,26.1521831]]}},{"type":"Feature","properties":{"id":744525605,"highway":"service","name":null,"oneway":null,"junction":null},"geometry":{"type":"LineString","coordinates":[[91.695935,26.151264],[91.6958034,26.1512714],[91.6954189,26.151293],[91.6945537,26.1512984],[91.6945097,26.1513041],[91.69449,26.1513197],[91.6944784,26.1513428],[91.6943827,26.1516413],[91.6943797,26.1516811],[91.6943805,26.1517201],[91.6944185,26.1521035],[91.6944809,26.15245],[91.6944899,26.1524721],[91.6945099,26.1524833],[91.694538,26.1524852],[91.6949547,26.1524085]]}},{"type":"Feature","properties":{"id":744525725,"highway":"residential","name":null,"oneway":null,"junction":null},"geometry":{"type":"LineString","coordinates":[[91.7338979,26.171878],[91.7339891,26.1715362]]}},{"type":"Feature","properties":{"id":744525726,"highway":"residential","name":null,"oneway":null,"junction":null},"geometry":{"type":"LineString","coordinates":[[91.7344236,26.1719478],[91.7341956,26.1718876],[91.7340508,26.17189],[91.7338979,26.171878],[91.7337987,26.172008],[91.7335761,26.1721982]]}},{"type":"Feature","properties":{"id":744525727,"highway":"residential","name":null,"oneway":null,"junction":null},"geometry":{"type":"LineString","coordinates":[[91.7339159,26.1727511],[91.734032,26.1724726],[91.7341366,26.1722198],[91.7342332,26.1720874],[91.7344236,26.1719478],[91.7345121,26.1717191],[91.7346729,26.1711167]]}},{"type":"Feature","properties":{"id":744792668,"highway":"service","name":null,"oneway":null,"junction":null},"geometry":{"type":"LineString","coordinates":[[91.7037219,26.1579356],[91.703711,26.1580152],[91.7036869,26.1581657],[91.7039967,26.158197],[91.7043078,26.1582187],[91.7043467,26.1582271],[91.7043547,26.158256],[91.7043279,26.1584462],[91.7042354,26.1590601]]}},{"type":"Feature","properties":{"id":744792669,"highway":"service","name":null,"oneway":null,"junction":null},"geometry":{"type":"LineString","coordinates":[[91.7035489,26.1577496],[91.7035233,26.1579147]]}},{"type":"Feature","properties":{"id":744792670,"highway":"service","name":null,"oneway":null,"junction":null},"geometry":{"type":"LineString","coordinates":[[91.702099,26.1588205],[91.7022613,26.1578299],[91.702327,26.1578034],[91.7032805,26.1578924],[91.7035233,26.1579147],[91.7037219,26.1579356],[91.7040288,26.1579611]]}},{"type":"Feature","properties":{"id":744792671,"highway":"service","name":null,"oneway":null,"junction":null},"geometry":{"type":"LineString","coordinates":[[91.7042354,26.1590601],[91.7047732,26.1591359],[91.7047143,26.1595124]]}},{"type":"Feature","properties":{"id":744792672,"highway":"service","name":null,"oneway":null,"junction":null},"geometry":{"type":"LineString","coordinates":[[91.7035326,26.158977],[91.7042354,26.1590601],[91.7042066,26.1594626]]}},{"type":"Feature","properties":{"id":744792673,"highway":"service","name":null,"oneway":null,"junction":null},"geometry":{"type":"LineString","coordinates":[[91.7028996,26.1589241],[91.7035326,26.158977],[91.7034664,26.15939]]}},{"type":"Feature","properties":{"id":744792674,"highway":"service","name":null,"oneway":null,"junction":null},"geometry":{"type":"LineString","coordinates":[[91.7020465,26.1592507],[91.702099,26.1588205],[91.7028996,26.1589241],[91.7027938,26.159324]]}},{"type":"Feature","properties":{"id":744792675,"highway":"service","name":null,"oneway":null,"junction":null},"geometry":{"type":"LineString","coordinates":[[91.7048654,26.1595272],[91.7047143,26.1595124],[91.7042066,26.1594626],[91.7034664,26.15939],[91.7027938,26.159324],[91.7020465,26.1592507],[91.7013727,26.1591846]]}},{"type":"Feature","properties":{"id":744798667,"highway":"residential","name":null,"oneway":null,"junction":null},"geometry":{"type":"LineString","coordinates":[[91.7375919,26.1724758],[91.7378998,26.1724882],[91.7386857,26.1724918],[91.7391671,26.1725304],[91.7395078,26.1726603],[91.7397621,26.1727767]]}},{"type":"Feature","properties":{"id":744827080,"highway":"residential","name":null,"oneway":null,"junction":null},"geometry":{"type":"LineString","coordinates":[[91.7446797,26.1803328],[91.7436601,26.1802644],[91.7432123,26.1802344]]}},{"type":"Feature","properties":{"id":744827081,"highway":"residential","name":null,"oneway":null,"junction":null},"geometry":{"type":"LineString","coordinates":[[91.7427224,26.179446],[91.742935,26.1796151],[91.7430711,26.1796506],[91.7430751,26.1799341],[91.7431093,26.1799906],[91.7431495,26.1800147],[91.7432387,26.1800418]]}},{"type":"Feature","properties":{"id":744827082,"highway":"residential","name":null,"oneway":null,"junction":null},"geometry":{"type":"LineString","coordinates":[[91.742406,26.1790512],[91.7427224,26.179446],[91.7421725,26.1799178]]}},{"type":"Feature","properties":{"id":744827083,"highway":"residential","name":null,"oneway":null,"junction":null},"geometry":{"type":"LineString","coordinates":[[91.7436843,26.1791726],[91.7435297,26.1794015],[91.7433634,26.1797108],[91.7432387,26.1800418],[91.7432123,26.1802344],[91.7431569,26.180729]]}},{"type":"Feature","properties":{"id":745187702,"highway":"residential","name":null,"oneway":null,"junction":null},"geometry":{"type":"LineString","coordinates":[[91.7437534,26.1848328],[91.7438664,26.1843287],[91.7439951,26.1838136],[91.7440326,26.1837967],[91.7445315,26.1839062],[91.7449977,26.1840087]]}},{"type":"Feature","properties":{"id":745190063,"highway":"residential","name":null,"oneway":null,"junction":null},"geometry":{"type":"LineString","coordinates":[[91.7371917,26.1764456],[91.7379628,26.1769246],[91.7381476,26.1770784]]}},{"type":"Feature","properties":{"id":745195169,"highway":"residential","name":null,"oneway":null,"junction":null},"geometry":{"type":"LineString","coordinates":[[91.7134453,26.1635052],[91.7133361,26.1637365],[91.7129901,26.1643456],[91.7128013,26.1646044]]}},{"type":"Feature","properties":{"id":754822848,"highway":"service","name":null,"oneway":null,"junction":null},"geometry":{"type":"LineString","coordinates":[[91.6940067,26.1590258],[91.6939665,26.1582722],[91.6937895,26.1582776]]}},{"type":"Feature","properties":{"id":755072474,"highway":"residential","name":null,"oneway":null,"junction":null},"geometry":{"type":"LineString","coordinates":[[91.7203308,26.1641154],[91.7205405,26.1638978],[91.7206773,26.1637582],[91.7207471,26.1636595],[91.7209616,26.1633008],[91.7210501,26.1631371],[91.7211199,26.1630275],[91.7211789,26.1629373],[91.7212003,26.1628891],[91.7209375,26.1626989],[91.7207712,26.1626317],[91.7205861,26.1625569]]}},{"type":"Feature","properties":{"id":755073764,"highway":"residential","name":null,"oneway":null,"junction":null},"geometry":{"type":"LineString","coordinates":[[91.7374959,26.1775326],[91.7372239,26.1773206],[91.7365533,26.1768777]]}},{"type":"Feature","properties":{"id":755080723,"highway":"service","name":null,"oneway":null,"junction":null},"geometry":{"type":"LineString","coordinates":[[91.6988156,26.1850646],[91.6984995,26.185354],[91.6981719,26.1856121],[91.6981146,26.1856639],[91.6981083,26.1856703],[91.6981057,26.185676],[91.6981053,26.1856818]]}},{"type":"Feature","properties":{"id":755080724,"highway":"service","name":null,"oneway":null,"junction":null},"geometry":{"type":"LineString","coordinates":[[91.6981053,26.1856818],[91.6981071,26.1856874],[91.6981145,26.1856953],[91.6988535,26.1864283],[91.6988623,26.1864421],[91.6988712,26.1864577],[91.6988987,26.186531],[91.6989085,26.1865441],[91.6989221,26.1865567],[91.698996,26.1866233],[91.6990049,26.1866289],[91.699016,26.1866337],[91.6990242,26.1866364],[91.699034,26.1866391],[91.6991034,26.1866655],[91.699119,26.1866719],[91.6991316,26.186679],[91.6999087,26.1874082]]}},{"type":"Feature","properties":{"id":755080725,"highway":"service","name":null,"oneway":null,"junction":null},"geometry":{"type":"LineString","coordinates":[[91.7006106,26.1868546],[91.6999087,26.1874082],[91.6999097,26.1874446],[91.6999113,26.1874984]]}},{"type":"Feature","properties":{"id":755096253,"highway":"residential","name":null,"oneway":null,"junction":null},"geometry":{"type":"LineString","coordinates":[[91.6854246,26.1601854],[91.6843468,26.1601374]]}},{"type":"Feature","properties":{"id":755107610,"highway":"residential","name":null,"oneway":null,"junction":null},"geometry":{"type":"LineString","coordinates":[[91.7273049,26.1699161],[91.7277369,26.1700052],[91.7282331,26.1700942],[91.7283833,26.17014],[91.7285094,26.1702459],[91.7288125,26.170335],[91.7289902,26.1703737]]}},{"type":"Feature","properties":{"id":755762339,"highway":"residential","name":null,"oneway":null,"junction":null},"geometry":{"type":"LineString","coordinates":[[91.7061671,26.1600343],[91.7061129,26.16072]]}},{"type":"Feature","properties":{"id":757102652,"highway":"residential","name":null,"oneway":null,"junction":null},"geometry":{"type":"LineString","coordinates":[[91.7382724,26.1757922],[91.7380768,26.1761892],[91.7373419,26.1760641]]}},{"type":"Feature","properties":{"id":757103066,"highway":"residential","name":null,"oneway":null,"junction":null},"geometry":{"type":"LineString","coordinates":[[91.7331496,26.1739121],[91.7329162,26.1743333],[91.7327848,26.1745428]]}},{"type":"Feature","properties":{"id":757113201,"highway":"residential","name":null,"oneway":null,"junction":null},"geometry":{"type":"LineString","coordinates":[[91.677324,26.1579184],[91.6772497,26.1576216],[91.677078,26.1572918],[91.6769654,26.1570919],[91.6769385,26.1568753],[91.6769707,26.156726]]}},{"type":"Feature","properties":{"id":757213398,"highway":"residential","name":null,"oneway":null,"junction":null},"geometry":{"type":"LineString","coordinates":[[91.7107485,26.1647943],[91.7109825,26.1647621],[91.7112815,26.1647681],[91.7115169,26.1647603],[91.7116839,26.1647163],[91.7118998,26.1646585],[91.7120098,26.1646772],[91.7120714,26.164685],[91.7123491,26.1647043],[91.7124698,26.1647175],[91.7125589,26.1647121],[91.7127112,26.1646947],[91.7128013,26.1646044]]}},{"type":"Feature","properties":{"id":757213996,"highway":"residential","name":null,"oneway":null,"junction":null},"geometry":{"type":"LineString","coordinates":[[91.6869552,26.1663569],[91.6869353,26.1660496],[91.6869322,26.1660019],[91.6869029,26.1655481],[91.6870374,26.164998],[91.6871189,26.1646224],[91.6873321,26.1643793]]}},{"type":"Feature","properties":{"id":757213997,"highway":"residential","name":null,"oneway":null,"junction":null},"geometry":{"type":"LineString","coordinates":[[91.6879335,26.1627329],[91.6878229,26.1629529],[91.687688,26.1631376],[91.6875804,26.1634648],[91.6874981,26.1638076],[91.6873321,26.1643793]]}},{"type":"Feature","properties":{"id":757222944,"highway":"residential","name":null,"oneway":null,"junction":null},"geometry":{"type":"LineString","coordinates":[[91.6888436,26.1587539],[91.6888519,26.1587012],[91.688873,26.1585677],[91.6888824,26.1583836],[91.6888757,26.1582199],[91.688869,26.1581151],[91.6888479,26.1580228]]}},{"type":"Feature","properties":{"id":757223963,"highway":"residential","name":null,"oneway":null,"junction":null},"geometry":{"type":"LineString","coordinates":[[91.6972724,26.1565406],[91.6973726,26.1565169]]}},{"type":"Feature","properties":{"id":757223964,"highway":"residential","name":null,"oneway":null,"junction":null},"geometry":{"type":"LineString","coordinates":[[91.6969116,26.156626],[91.6972724,26.1565406]]}},{"type":"Feature","properties":{"id":757226088,"highway":"residential","name":null,"oneway":null,"junction":null},"geometry":{"type":"LineString","coordinates":[[91.7211199,26.1630275],[91.7212687,26.163107],[91.7214847,26.1632249],[91.7219406,26.1634524]]}},{"type":"Feature","properties":{"id":758060388,"highway":"residential","name":null,"oneway":null,"junction":null},"geometry":{"type":"LineString","coordinates":[[91.7321917,26.1706879],[91.7326574,26.1689737]]}},{"type":"Feature","properties":{"id":758301593,"highway":"residential","name":null,"oneway":null,"junction":null},"geometry":{"type":"LineString","coordinates":[[91.7302257,26.1673478],[91.7302421,26.1671261],[91.7304432,26.166659],[91.730741,26.1659633],[91.7310437,26.1659032],[91.7311524,26.1658982]]}},{"type":"Feature","properties":{"id":758616661,"highway":"residential","name":null,"oneway":null,"junction":null},"geometry":{"type":"LineString","coordinates":[[91.6774751,26.1606571],[91.6773972,26.1610739],[91.677357,26.1615049],[91.6773698,26.1620839]]}},{"type":"Feature","properties":{"id":758617386,"highway":"residential","name":null,"oneway":null,"junction":null},"geometry":{"type":"LineString","coordinates":[[91.7401725,26.1785262],[91.7405726,26.1787227],[91.7405243,26.178825],[91.7410567,26.1794497]]}},{"type":"Feature","properties":{"id":758637901,"highway":"service","name":null,"oneway":null,"junction":null},"geometry":{"type":"LineString","coordinates":[[91.6917059,26.1861533],[91.6928643,26.1861554]]}},{"type":"Feature","properties":{"id":758637902,"highway":"service","name":null,"oneway":null,"junction":null},"geometry":{"type":"LineString","coordinates":[[91.688522,26.1861999],[91.6899003,26.1861966],[91.6913608,26.1861735]]}},{"type":"Feature","properties":{"id":758646963,"highway":"residential","name":null,"oneway":null,"junction":null},"geometry":{"type":"LineString","coordinates":[[91.7183934,26.1952618],[91.7182258,26.194926]]}},{"type":"Feature","properties":{"id":758646964,"highway":"residential","name":null,"oneway":null,"junction":null},"geometry":{"type":"LineString","coordinates":[[91.7184162,26.1953291],[91.7186791,26.1959212],[91.7183508,26.1960312],[91.7176411,26.196269],[91.7175122,26.1959876],[91.7173808,26.1957007]]}},{"type":"Feature","properties":{"id":758646965,"highway":"residential","name":null,"oneway":null,"junction":null},"geometry":{"type":"LineString","coordinates":[[91.7161532,26.1958472],[91.7167342,26.1958813]]}},{"type":"Feature","properties":{"id":758646966,"highway":"residential","name":null,"oneway":null,"junction":null},"geometry":{"type":"LineString","coordinates":[[91.7175122,26.1959876],[91.7182101,26.1957275]]}},{"type":"Feature","properties":{"id":758646967,"highway":"residential","name":null,"oneway":null,"junction":null},"geometry":{"type":"LineString","coordinates":[[91.7183508,26.1960312],[91.7182101,26.1957275],[91.7180756,26.1954374]]}},{"type":"Feature","properties":{"id":758646968,"highway":"residential","name":null,"oneway":null,"junction":null},"geometry":{"type":"LineString","coordinates":[[91.7169397,26.195784],[91.7170671,26.1956685],[91.7172012,26.1953147],[91.7179217,26.1950868]]}},{"type":"Feature","properties":{"id":758646969,"highway":"residential","name":null,"oneway":null,"junction":null},"geometry":{"type":"LineString","coordinates":[[91.7180756,26.1954374],[91.7180488,26.1953809]]}},{"type":"Feature","properties":{"id":758646970,"highway":"residential","name":null,"oneway":null,"junction":null},"geometry":{"type":"LineString","coordinates":[[91.7173216,26.1949175],[91.7177966,26.1947973],[91.7179217,26.1950868],[91.7180488,26.1953809]]}},{"type":"Feature","properties":{"id":758646971,"highway":"residential","name":null,"oneway":null,"junction":null},"geometry":{"type":"LineString","coordinates":[[91.7183934,26.1952618],[91.7184162,26.1953291]]}},{"type":"Feature","properties":{"id":758646972,"highway":"residential","name":null,"oneway":"yes","junction":null},"geometry":{"type":"LineString","coordinates":[[91.7183934,26.1952618],[91.7180488,26.1953809],[91.7173516,26.1956395],[91.7169397,26.195784],[91.7168176,26.1958273],[91.7167342,26.1958813]]}},{"type":"Feature","properties":{"id":758646973,"highway":"residential","name":null,"oneway":null,"junction":null},"geometry":{"type":"LineString","coordinates":[[91.7173808,26.1957007],[91.7173516,26.1956395],[91.7172012,26.1953147],[91.7173216,26.1949175],[91.7173715,26.1947431]]}},{"type":"Feature","properties":{"id":758646974,"highway":"residential","name":null,"oneway":"yes","junction":null},"geometry":{"type":"LineString","coordinates":[[91.7167342,26.1958813],[91.7168391,26.1958875],[91.7173433,26.1957142],[91.7173808,26.1957007],[91.7176303,26.1956107],[91.7180756,26.1954374],[91.7184162,26.1953291]]}},{"type":"Feature","properties":{"id":758651744,"highway":"unclassified","name":null,"oneway":null,"junction":null},"geometry":{"type":"LineString","coordinates":[[91.6949509,26.1643709],[91.694852,26.1643092],[91.6947451,26.1642521]]}},{"type":"Feature","properties":{"id":758655984,"highway":"service","name":null,"oneway":null,"junction":null},"geometry":{"type":"LineString","coordinates":[[91.7061679,26.1632683],[91.7060928,26.1632671],[91.7059962,26.1632514],[91.705897,26.1632334],[91.7055134,26.1631323]]}},{"type":"Feature","properties":{"id":758828422,"highway":"residential","name":null,"oneway":null,"junction":null},"geometry":{"type":"LineString","coordinates":[[91.7185437,26.1640058],[91.7191136,26.1643375],[91.7197748,26.1647223]]}},{"type":"Feature","properties":{"id":758841859,"highway":"residential","name":null,"oneway":null,"junction":null},"geometry":{"type":"LineString","coordinates":[[91.691647,26.1971237],[91.6915767,26.1972641],[91.691397,26.1975144],[91.6912977,26.1977346],[91.6912964,26.1978068],[91.691346,26.1978815],[91.6914037,26.1978959],[91.6914788,26.1978971],[91.6915539,26.1978466],[91.6916853,26.1977383],[91.691802,26.1976191],[91.6919897,26.1975626],[91.6922043,26.1975505],[91.6922995,26.1975902],[91.6923103,26.1976841],[91.6922902,26.19779],[91.6922969,26.1978875],[91.6923425,26.1979681],[91.692466,26.1980609]]}},{"type":"Feature","properties":{"id":758849420,"highway":"service","name":null,"oneway":null,"junction":null},"geometry":{"type":"LineString","coordinates":[[91.6662499,26.1600267],[91.6662191,26.1608296],[91.666258,26.1613881],[91.6663036,26.1614928]]}},{"type":"Feature","properties":{"id":761332323,"highway":"service","name":null,"oneway":null,"junction":null},"geometry":{"type":"LineString","coordinates":[[91.6762678,26.1699373],[91.6762561,26.1699788],[91.6762479,26.1700206],[91.6762396,26.1700759],[91.676205,26.170309],[91.6761908,26.1706449],[91.6761616,26.1706922],[91.6761082,26.1707043],[91.6758496,26.1706816]]}},{"type":"Feature","properties":{"id":761332324,"highway":"service","name":null,"oneway":null,"junction":null},"geometry":{"type":"LineString","coordinates":[[91.675769,26.1702482],[91.6760293,26.1702911],[91.676205,26.170309],[91.6769696,26.1703669],[91.6775733,26.1704214],[91.6792546,26.1706145],[91.6804646,26.1707495]]}},{"type":"Feature","properties":{"id":761332325,"highway":"service","name":null,"oneway":null,"junction":null},"geometry":{"type":"LineString","coordinates":[[91.6753588,26.1698606],[91.6762678,26.1699373],[91.6776299,26.170042],[91.6782238,26.170099],[91.6793298,26.1702003],[91.6803664,26.1703157],[91.6804723,26.1703253],[91.6805682,26.1703302],[91.6806177,26.1703269]]}},{"type":"Feature","properties":{"id":761332709,"highway":"tertiary","name":null,"oneway":"yes","junction":null},"geometry":{"type":"LineString","coordinates":[[91.6861671,26.1716135],[91.6861377,26.1717047],[91.6861273,26.1717378],[91.6861254,26.1717709]]}},{"type":"Feature","properties":{"id":761332710,"highway":"tertiary","name":"Pandu Road","oneway":"yes","junction":null},"geometry":{"type":"LineString","coordinates":[[91.6862963,26.1715803],[91.6862674,26.1714509]]}},{"type":"Feature","properties":{"id":761332711,"highway":"tertiary","name":null,"oneway":"yes","junction":null},"geometry":{"type":"LineString","coordinates":[[91.6862668,26.1716631],[91.686211,26.1717126],[91.6861711,26.1717435],[91.6861254,26.1717709]]}},{"type":"Feature","properties":{"id":761332712,"highway":"tertiary","name":"Pandu Road","oneway":"yes","junction":null},"geometry":{"type":"LineString","coordinates":[[91.6862674,26.1714509],[91.686204,26.1715538]]}},{"type":"Feature","properties":{"id":761332713,"highway":"tertiary","name":"Pandu Road","oneway":null,"junction":"roundabout"},"geometry":{"type":"LineString","coordinates":[[91.6862797,26.1715615],[91.6862563,26.1715499],[91.6862297,26.1715471],[91.686204,26.1715538],[91.6861831,26.1715687],[91.6861702,26.1715897],[91.6861671,26.1716135],[91.6861745,26.1716366],[91.6861912,26.1716554],[91.6862145,26.171667],[91.6862411,26.1716697],[91.6862668,26.1716631],[91.6862877,26.1716481],[91.6863007,26.1716272],[91.6863037,26.1716033],[91.6862963,26.1715803],[91.6862797,26.1715615]]}},{"type":"Feature","properties":{"id":761965328,"highway":"residential","name":null,"oneway":null,"junction":null},"geometry":{"type":"LineString","coordinates":[[91.683846,26.1583712],[91.6838546,26.1582237],[91.6840263,26.1581178],[91.6840745,26.1578457],[91.6838009,26.1578192],[91.68375,26.1581755],[91.6838546,26.1582237]]}},{"type":"Feature","properties":{"id":770592743,"highway":"residential","name":null,"oneway":null,"junction":null},"geometry":{"type":"LineString","coordinates":[[91.7419238,26.1865255],[91.7426944,26.1868892],[91.7436721,26.1873311]]}},{"type":"Feature","properties":{"id":770596349,"highway":"service","name":null,"oneway":null,"junction":null},"geometry":{"type":"LineString","coordinates":[[91.7430969,26.1886877],[91.7432924,26.1890269],[91.7433447,26.1891136]]}},{"type":"Feature","properties":{"id":770596350,"highway":"service","name":null,"oneway":null,"junction":null},"geometry":{"type":"LineString","coordinates":[[91.7430255,26.1889247],[91.7430969,26.1886877],[91.7432271,26.1882561]]}},{"type":"Feature","properties":{"id":770611654,"highway":"residential","name":null,"oneway":null,"junction":null},"geometry":{"type":"LineString","coordinates":[[91.6778577,26.1502104],[91.6782233,26.1502941],[91.6782582,26.1502327],[91.6797294,26.1504624]]}},{"type":"Feature","properties":{"id":770628228,"highway":"residential","name":null,"oneway":null,"junction":null},"geometry":{"type":"LineString","coordinates":[[91.7343257,26.1695923],[91.7347281,26.169602],[91.7352256,26.1696152],[91.7353658,26.1696214],[91.7356883,26.1696357],[91.7359659,26.1696429],[91.736392,26.169649]]}},{"type":"Feature","properties":{"id":770636346,"highway":"residential","name":null,"oneway":null,"junction":null},"geometry":{"type":"LineString","coordinates":[[91.7305586,26.1711125],[91.7294186,26.1705011]]}},{"type":"Feature","properties":{"id":770636347,"highway":"residential","name":null,"oneway":null,"junction":null},"geometry":{"type":"LineString","coordinates":[[91.7304561,26.1715281],[91.730049,26.171269],[91.7294079,26.1708742]]}},{"type":"Feature","properties":{"id":770677728,"highway":"residential","name":null,"oneway":null,"junction":null},"geometry":{"type":"LineString","coordinates":[[91.6966937,26.1555447],[91.6951776,26.1559363]]}},{"type":"Feature","properties":{"id":808635768,"highway":"residential","name":null,"oneway":null,"junction":null},"geometry":{"type":"LineString","coordinates":[[91.7251628,26.1679822],[91.7253739,26.1674029],[91.7253833,26.1673704],[91.7253833,26.1673439],[91.7253725,26.167315],[91.725343,26.1672922],[91.7253779,26.1672139]]}},{"type":"Feature","properties":{"id":808646875,"highway":"residential","name":null,"oneway":null,"junction":null},"geometry":{"type":"LineString","coordinates":[[91.7155784,26.1626014],[91.7155328,26.1625882],[91.7154886,26.1625822],[91.7154443,26.1625774],[91.7154054,26.1625774],[91.7153732,26.1625749],[91.7153411,26.1625665],[91.7152941,26.1625509],[91.7152512,26.1625268],[91.7151761,26.1624847],[91.7150997,26.1624462],[91.7149642,26.1623643],[91.7149132,26.162345],[91.7148435,26.162327],[91.7147805,26.1623041]]}},{"type":"Feature","properties":{"id":808662984,"highway":"residential","name":null,"oneway":null,"junction":null},"geometry":{"type":"LineString","coordinates":[[91.7198582,26.1674663],[91.7196701,26.1673632],[91.7194529,26.1672404],[91.7194167,26.167226],[91.7193899,26.1672212],[91.7193657,26.1672151],[91.7193429,26.1672175],[91.7193349,26.1672657],[91.7193349,26.1673126],[91.7193362,26.1673824],[91.7193308,26.1674703],[91.7193241,26.1675329],[91.7192973,26.1676677]]}},{"type":"Feature","properties":{"id":808695564,"highway":"residential","name":null,"oneway":null,"junction":null},"geometry":{"type":"LineString","coordinates":[[91.7112471,26.1605139],[91.7113687,26.1606057],[91.7115256,26.16072],[91.7117375,26.1608597],[91.7118663,26.1609463],[91.7120232,26.1610294],[91.7122664,26.1610593]]}},{"type":"Feature","properties":{"id":808733918,"highway":"residential","name":null,"oneway":null,"junction":null},"geometry":{"type":"LineString","coordinates":[[91.7052568,26.1599358],[91.7052466,26.1603228]]}},{"type":"Feature","properties":{"id":808751732,"highway":"residential","name":null,"oneway":null,"junction":null},"geometry":{"type":"LineString","coordinates":[[91.7332941,26.175069],[91.7336485,26.1752673],[91.733847,26.1753058],[91.734319,26.1755297]]}},{"type":"Feature","properties":{"id":808775986,"highway":"residential","name":null,"oneway":null,"junction":null},"geometry":{"type":"LineString","coordinates":[[91.6749432,26.1578375],[91.6748786,26.15799],[91.6743797,26.1586075],[91.6741258,26.1589429],[91.6738795,26.1592683],[91.6735335,26.1597679],[91.6734436,26.1598991],[91.6733685,26.1600447],[91.6729192,26.1610655],[91.6728884,26.1611377],[91.672879,26.1611762],[91.6728938,26.1612473],[91.6728897,26.1613399],[91.6728455,26.1616373]]}},{"type":"Feature","properties":{"id":911817223,"highway":"trunk","name":null,"oneway":"yes","junction":null},"geometry":{"type":"LineString","coordinates":[[91.671727,26.1603059],[91.671558,26.1606237],[91.6711476,26.1613869],[91.6710081,26.1616581],[91.6708875,26.161943],[91.6707668,26.1622223],[91.6706407,26.1627062],[91.6706058,26.1629758],[91.6705978,26.163101],[91.6706005,26.1634861],[91.6706182,26.1636785],[91.6706809,26.1639917],[91.6707507,26.164218],[91.6708419,26.1644491],[91.6709465,26.1646465],[91.671074,26.1648539]]}},{"type":"Feature","properties":{"id":911817224,"highway":"trunk","name":null,"oneway":"yes","junction":null},"geometry":{"type":"LineString","coordinates":[[91.6711637,26.1647572],[91.6709787,26.164466],[91.6708733,26.1641929],[91.6707855,26.1638834],[91.6707399,26.1636739],[91.670697,26.163426],[91.6706917,26.1632045],[91.6707024,26.1630167],[91.6707292,26.1627928],[91.6707855,26.1625737],[91.6709009,26.1622319],[91.6710457,26.1619021],[91.6711691,26.1616686],[91.6712925,26.1614423]]}},{"type":"Feature","properties":{"id":911817226,"highway":"trunk","name":null,"oneway":"yes","junction":null},"geometry":{"type":"LineString","coordinates":[[91.6724319,26.1679285],[91.6724297,26.1675931]]}},{"type":"Feature","properties":{"id":911817227,"highway":"trunk_link","name":"Flyover Ramp","oneway":"yes","junction":null},"geometry":{"type":"LineString","coordinates":[[91.6728035,26.157386],[91.6727016,26.1572902],[91.6726418,26.1571672],[91.6726066,26.1570524],[91.6726041,26.1568873],[91.6726575,26.1567279],[91.6727436,26.1565936],[91.672858,26.1564526],[91.6729957,26.1563577],[91.6731114,26.1562907],[91.6732317,26.1562614],[91.6733681,26.1562464],[91.6734999,26.1562565],[91.6736384,26.1562969],[91.6737628,26.1563625]]}},{"type":"Feature","properties":{"id":911817228,"highway":"trunk","name":null,"oneway":"yes","junction":null},"geometry":{"type":"LineString","coordinates":[[91.6724458,26.1691422],[91.672419,26.1690808],[91.6724016,26.1690074],[91.6724043,26.1689243],[91.6724056,26.1686956],[91.6724319,26.1679285]]}},{"type":"Feature","properties":{"id":911817230,"highway":"trunk","name":null,"oneway":"yes","junction":null},"geometry":{"type":"LineString","coordinates":[[91.6724297,26.1675931],[91.6724051,26.1672382],[91.672319,26.1668574],[91.6722742,26.1667048],[91.6721915,26.1664659],[91.672065,26.1662137],[91.6718921,26.1659154],[91.6713137,26.1649896]]}},{"type":"Feature","properties":{"id":911817231,"highway":"trunk_link","name":null,"oneway":"yes","junction":null},"geometry":{"type":"LineString","coordinates":[[91.6736528,26.1577198],[91.673761,26.1576138]]}},{"type":"Feature","properties":{"id":911817232,"highway":"trunk","name":null,"oneway":"yes","junction":null},"geometry":{"type":"LineString","coordinates":[[91.6717015,26.1814714],[91.6718441,26.18131],[91.6718921,26.1811873],[91.6719197,26.1809872]]}},{"type":"Feature","properties":{"id":911817233,"highway":"trunk","name":null,"oneway":"yes","junction":null},"geometry":{"type":"LineString","coordinates":[[91.6712153,26.165076],[91.6715124,26.1655252],[91.6718933,26.1661511],[91.6720113,26.166375],[91.6720864,26.1665603],[91.6721535,26.1667722],[91.6722071,26.1670659],[91.67225,26.1673475],[91.6722769,26.1675762]]}},{"type":"Feature","properties":{"id":911817234,"highway":"trunk","name":null,"oneway":"yes","junction":null},"geometry":{"type":"LineString","coordinates":[[91.671074,26.1648539],[91.6712153,26.165076]]}},{"type":"Feature","properties":{"id":911820040,"highway":"trunk","name":null,"oneway":"yes","junction":null},"geometry":{"type":"LineString","coordinates":[[91.6709221,26.1584596],[91.671194,26.1581956]]}},{"type":"Feature","properties":{"id":911820041,"highway":"trunk","name":null,"oneway":"yes","junction":null},"geometry":{"type":"LineString","coordinates":[[91.6715965,26.1575772],[91.6715553,26.1576072],[91.6714165,26.1577608],[91.6713524,26.1578317],[91.6711868,26.1580355]]}},{"type":"Feature","properties":{"id":911820042,"highway":"trunk","name":null,"oneway":"yes","junction":null},"geometry":{"type":"LineString","coordinates":[[91.6711868,26.1580355],[91.6708677,26.1583504]]}},{"type":"Feature","properties":{"id":911820043,"highway":"trunk","name":null,"oneway":"yes","junction":null},"geometry":{"type":"LineString","coordinates":[[91.671194,26.1581956],[91.671354,26.1580313],[91.6715466,26.1578289],[91.6716436,26.1577207],[91.671724,26.1576628]]}},{"type":"Feature","properties":{"id":938025419,"highway":"residential","name":null,"oneway":null,"junction":null},"geometry":{"type":"LineString","coordinates":[[91.6710706,26.1832393],[91.6710733,26.183329],[91.6710754,26.1834529],[91.6710621,26.1835791],[91.6710277,26.1837419],[91.6710111,26.1838863],[91.6709958,26.184141],[91.670984,26.1844378],[91.6709795,26.1846834],[91.670984,26.1849257],[91.6709917,26.185165],[91.6709929,26.1853024],[91.6709977,26.1854269],[91.6710226,26.1856823],[91.6710439,26.185894],[91.6710584,26.1861693],[91.6710439,26.1866318],[91.6710233,26.1870075],[91.6710133,26.1871144],[91.6709974,26.1871395],[91.6709743,26.1871543],[91.6707994,26.1871801],[91.6704462,26.1872523]]}},{"type":"Feature","properties":{"id":938025420,"highway":"residential","name":null,"oneway":null,"junction":null},"geometry":{"type":"LineString","coordinates":[[91.6637361,26.185995],[91.6636073,26.1860027],[91.6634732,26.1860027],[91.6633434,26.1860027],[91.6631846,26.1859892],[91.663043,26.1859719],[91.662881,26.1859397],[91.662719,26.1859238],[91.6623821,26.1859045]]}},{"type":"Feature","properties":{"id":991835774,"highway":"residential","name":null,"oneway":null,"junction":null},"geometry":{"type":"LineString","coordinates":[[91.7188958,26.1936362],[91.7188718,26.1941831]]}},{"type":"Feature","properties":{"id":991835775,"highway":"residential","name":null,"oneway":null,"junction":null},"geometry":{"type":"LineString","coordinates":[[91.7140929,26.1956738],[91.7142484,26.1950118]]}},{"type":"Feature","properties":{"id":991835776,"highway":"residential","name":null,"oneway":null,"junction":null},"geometry":{"type":"LineString","coordinates":[[91.7205998,26.2031169],[91.720766,26.2031506],[91.7209262,26.2031688]]}},{"type":"Feature","properties":{"id":991835777,"highway":"residential","name":null,"oneway":null,"junction":null},"geometry":{"type":"LineString","coordinates":[[91.7144894,26.2061972],[91.7144465,26.2065148],[91.714425,26.2065773],[91.7143821,26.2066302],[91.7139315,26.2067168],[91.7137655,26.2068419]]}},{"type":"Feature","properties":{"id":991835778,"highway":"residential","name":null,"oneway":null,"junction":null},"geometry":{"type":"LineString","coordinates":[[91.7177565,26.2092281],[91.7178902,26.2097575],[91.7178902,26.2099788]]}},{"type":"Feature","properties":{"id":991835780,"highway":"residential","name":null,"oneway":null,"junction":null},"geometry":{"type":"LineString","coordinates":[[91.7320522,26.2076266],[91.7320835,26.2075513],[91.7321022,26.2074856],[91.7321354,26.2073521],[91.7321409,26.2072887],[91.7321279,26.2071077],[91.7321295,26.2070427],[91.7321396,26.2069932],[91.7322735,26.2066445],[91.7323077,26.2065071],[91.7323167,26.2063925],[91.7323185,26.20626],[91.7323104,26.2061297],[91.7322937,26.2060364],[91.7322719,26.205943],[91.7322131,26.2057928]]}},{"type":"Feature","properties":{"id":991835782,"highway":"residential","name":null,"oneway":null,"junction":null},"geometry":{"type":"LineString","coordinates":[[91.7406035,26.2100869],[91.7408986,26.2104042],[91.7410219,26.2107699],[91.7415637,26.2113955]]}},{"type":"Feature","properties":{"id":991835783,"highway":"residential","name":null,"oneway":null,"junction":null},"geometry":{"type":"LineString","coordinates":[[91.7392676,26.215905],[91.7386562,26.2156692],[91.7383719,26.2155249],[91.7382432,26.2154768],[91.7375835,26.2154623]]}},{"type":"Feature","properties":{"id":991835784,"highway":"residential","name":null,"oneway":null,"junction":null},"geometry":{"type":"LineString","coordinates":[[91.7356693,26.2144511],[91.7352977,26.2144992],[91.7348632,26.2145329],[91.7347882,26.2145521],[91.7343805,26.214581],[91.7339032,26.2145714],[91.7333668,26.2144799]]}},{"type":"Feature","properties":{"id":991835785,"highway":"residential","name":null,"oneway":null,"junction":null},"geometry":{"type":"LineString","coordinates":[[91.7357427,26.2125353],[91.7353138,26.2125593],[91.7349598,26.2125593]]}},{"type":"Feature","properties":{"id":991835786,"highway":"residential","name":null,"oneway":null,"junction":null},"geometry":{"type":"LineString","coordinates":[[91.7357016,26.2129925],[91.7348525,26.2129925]]}},{"type":"Feature","properties":{"id":991835787,"highway":"residential","name":null,"oneway":null,"junction":null},"geometry":{"type":"LineString","coordinates":[[91.7369399,26.2114368],[91.7369989,26.2114243],[91.7373851,26.2114484]]}},{"type":"Feature","properties":{"id":991835788,"highway":"residential","name":null,"oneway":null,"junction":null},"geometry":{"type":"LineString","coordinates":[[91.7327878,26.2190596],[91.7328573,26.2194074],[91.7328422,26.219749]]}},{"type":"Feature","properties":{"id":991835791,"highway":"residential","name":null,"oneway":null,"junction":null},"geometry":{"type":"LineString","coordinates":[[91.7238233,26.2265692],[91.7239377,26.2263432]]}},{"type":"Feature","properties":{"id":991835795,"highway":"residential","name":null,"oneway":null,"junction":null},"geometry":{"type":"LineString","coordinates":[[91.7136854,26.1976203],[91.7140339,26.1976491],[91.7141358,26.1978993]]}},{"type":"Feature","properties":{"id":991835796,"highway":"residential","name":null,"oneway":null,"junction":null},"geometry":{"type":"LineString","coordinates":[[91.7104703,26.2231984],[91.710595,26.2231907],[91.7113255,26.2232792],[91.7117428,26.2233014],[91.7120002,26.2233495],[91.7123586,26.223516]]}},{"type":"Feature","properties":{"id":991835797,"highway":"residential","name":null,"oneway":null,"junction":null},"geometry":{"type":"LineString","coordinates":[[91.7139052,26.2335397],[91.7138891,26.2328006]]}},{"type":"Feature","properties":{"id":991924905,"highway":"residential","name":null,"oneway":null,"junction":null},"geometry":{"type":"LineString","coordinates":[[91.7170805,26.1536847],[91.7169464,26.1534728],[91.7169089,26.1532224],[91.7168123,26.1530635],[91.7168981,26.1525626],[91.7169142,26.1521051],[91.7176867,26.152264],[91.7182982,26.1523026],[91.7186522,26.1523315],[91.718856,26.1524085],[91.7196821,26.1524615],[91.7198538,26.1525193],[91.7200254,26.1526349],[91.7201863,26.1527986],[91.7203043,26.152972],[91.7205243,26.1532513],[91.7205404,26.1538859],[91.7206101,26.154017],[91.7206047,26.1544456],[91.7206476,26.1546478],[91.7206423,26.1547104],[91.7205296,26.154826],[91.7204116,26.1550186],[91.720358,26.1551535],[91.7202775,26.1552353],[91.7198591,26.1553413],[91.7193012,26.1553461],[91.7191028,26.1553317],[91.7186522,26.1550331],[91.7183786,26.1548886],[91.7183679,26.1548356],[91.7183893,26.1546526],[91.7181354,26.1539884]]}},{"type":"Feature","properties":{"id":991924906,"highway":"residential","name":null,"oneway":null,"junction":null},"geometry":{"type":"LineString","coordinates":[[91.718856,26.1524085],[91.7187971,26.1525147],[91.7182231,26.1529819],[91.7180139,26.1530927],[91.7178208,26.1532468]]}},{"type":"Feature","properties":{"id":991924907,"highway":"residential","name":null,"oneway":null,"junction":null},"geometry":{"type":"LineString","coordinates":[[91.7170805,26.1536847],[91.7169606,26.1539378]]}},{"type":"Feature","properties":{"id":991924908,"highway":"residential","name":null,"oneway":null,"junction":null},"geometry":{"type":"LineString","coordinates":[[91.7170805,26.1536847],[91.7172039,26.153555],[91.7172307,26.1535068],[91.717236,26.1533238]]}},{"type":"Feature","properties":{"id":991924909,"highway":"residential","name":null,"oneway":null,"junction":null},"geometry":{"type":"LineString","coordinates":[[91.7152386,26.1535334],[91.7146236,26.1540895]]}},{"type":"Feature","properties":{"id":991924910,"highway":"residential","name":null,"oneway":null,"junction":null},"geometry":{"type":"LineString","coordinates":[[91.7156517,26.1537476],[91.7158198,26.1540173],[91.7159003,26.1542051]]}},{"type":"Feature","properties":{"id":991924911,"highway":"residential","name":null,"oneway":null,"junction":null},"geometry":{"type":"LineString","coordinates":[[91.7212548,26.1539571],[91.7212109,26.1542433]]}},{"type":"Feature","properties":{"id":991924919,"highway":"residential","name":null,"oneway":null,"junction":null},"geometry":{"type":"LineString","coordinates":[[91.7160718,26.1505017],[91.7158735,26.1507136],[91.7154497,26.151306],[91.7154336,26.1516575],[91.7154604,26.1517201],[91.7155838,26.1517924],[91.7157823,26.1518213]]}},{"type":"Feature","properties":{"id":991924921,"highway":"residential","name":null,"oneway":null,"junction":null},"geometry":{"type":"LineString","coordinates":[[91.7154497,26.151306],[91.7145208,26.1516033],[91.7140218,26.1519744],[91.7135687,26.1524663]]}},{"type":"Feature","properties":{"id":991926385,"highway":"residential","name":null,"oneway":null,"junction":null},"geometry":{"type":"LineString","coordinates":[[91.7217176,26.1582521],[91.7218778,26.1581216],[91.7222645,26.1578712],[91.7224404,26.157781],[91.7226166,26.1577394],[91.7227253,26.1576867],[91.7228591,26.1576423],[91.7229692,26.1576459],[91.7230658,26.1576715],[91.7231417,26.1576918],[91.7232169,26.1576989],[91.7233142,26.1577354],[91.7233919,26.1577876],[91.7234653,26.1578649],[91.7235254,26.1579913],[91.7236219,26.1580747],[91.723749,26.1581134],[91.7238513,26.1581373],[91.7240042,26.1581282],[91.7242235,26.1581855],[91.7244723,26.1582054],[91.7248349,26.158268],[91.7253355,26.1582987],[91.7258677,26.1584028],[91.7261661,26.158494],[91.7266077,26.1587841]]}},{"type":"Feature","properties":{"id":991926386,"highway":"residential","name":null,"oneway":null,"junction":null},"geometry":{"type":"LineString","coordinates":[[91.7217176,26.1582521],[91.7218816,26.1586252],[91.7218602,26.1588804],[91.7218709,26.1589959],[91.7218977,26.1590344],[91.721946,26.1590633],[91.7221338,26.1590825],[91.7221675,26.1591059],[91.7221723,26.1591361],[91.7220796,26.1592987]]}},{"type":"Feature","properties":{"id":991926389,"highway":"residential","name":null,"oneway":null,"junction":null},"geometry":{"type":"LineString","coordinates":[[91.7259908,26.1609745],[91.7259479,26.1610804],[91.725964,26.1611959],[91.7260283,26.1612874],[91.7262751,26.1616003],[91.7260873,26.1618843],[91.7258889,26.1618458],[91.7253256,26.1618313],[91.7251486,26.1617399],[91.7249286,26.1615906],[91.7246711,26.1615136],[91.7242152,26.1612874],[91.7240971,26.1611863],[91.7240274,26.1610611],[91.7236573,26.1606856],[91.7232549,26.160469],[91.7229867,26.1603775],[91.7228514,26.1602797],[91.7227685,26.1601462],[91.7226197,26.1598558],[91.722527,26.1598009],[91.7221847,26.1597132],[91.7221014,26.1596522],[91.7220531,26.1595701],[91.7220379,26.1594264],[91.7220796,26.1592987]]}},{"type":"Feature","properties":{"id":991926390,"highway":"residential","name":null,"oneway":null,"junction":null},"geometry":{"type":"LineString","coordinates":[[91.7207712,26.1626317],[91.7208838,26.1624334],[91.7209643,26.1622312]]}},{"type":"Feature","properties":{"id":991926391,"highway":"residential","name":null,"oneway":null,"junction":null},"geometry":{"type":"LineString","coordinates":[[91.7237163,26.1647157],[91.7231852,26.1644364],[91.722579,26.1639646],[91.7225361,26.163926],[91.7225307,26.1639304],[91.7223644,26.1637575],[91.7221016,26.1635601],[91.7219406,26.1634524]]}},{"type":"Feature","properties":{"id":991926392,"highway":"residential","name":null,"oneway":null,"junction":null},"geometry":{"type":"LineString","coordinates":[[91.7204064,26.167014],[91.7208248,26.1662179],[91.7211199,26.1658087],[91.7217421,26.1650431]]}},{"type":"Feature","properties":{"id":991926393,"highway":"residential","name":null,"oneway":null,"junction":null},"geometry":{"type":"LineString","coordinates":[[91.722123,26.1652453],[91.7217421,26.1650431],[91.7213473,26.1648473]]}},{"type":"Feature","properties":{"id":991926394,"highway":"residential","name":null,"oneway":null,"junction":null},"geometry":{"type":"LineString","coordinates":[[91.7217958,26.165929],[91.7218709,26.1657894],[91.722123,26.1652453],[91.7225414,26.1647492]]}},{"type":"Feature","properties":{"id":991926395,"highway":"residential","name":null,"oneway":null,"junction":null},"geometry":{"type":"LineString","coordinates":[[91.7234158,26.1653634],[91.7224717,26.1664346],[91.7224556,26.1665068],[91.7218674,26.167282],[91.7216188,26.1671953],[91.7215973,26.1671183],[91.7218387,26.1667283],[91.7219567,26.1664972],[91.7223108,26.1659675],[91.7224181,26.1657894],[91.7230081,26.1650835]]}},{"type":"Feature","properties":{"id":991926396,"highway":"residential","name":null,"oneway":null,"junction":null},"geometry":{"type":"LineString","coordinates":[[91.7192764,26.1640854],[91.7196187,26.1635553]]}},{"type":"Feature","properties":{"id":991926397,"highway":"residential","name":null,"oneway":null,"junction":null},"geometry":{"type":"LineString","coordinates":[[91.7182822,26.1641995],[91.7190546,26.164634]]}},{"type":"Feature","properties":{"id":991926398,"highway":"residential","name":null,"oneway":null,"junction":null},"geometry":{"type":"LineString","coordinates":[[91.7240596,26.1694823],[91.7235265,26.1691491],[91.7235048,26.1691103],[91.7235168,26.1690567],[91.7235991,26.1688503]]}},{"type":"Feature","properties":{"id":991926399,"highway":"residential","name":null,"oneway":null,"junction":null},"geometry":{"type":"LineString","coordinates":[[91.7250318,26.1689111],[91.724924,26.1692733]]}},{"type":"Feature","properties":{"id":991926400,"highway":"residential","name":null,"oneway":null,"junction":null},"geometry":{"type":"LineString","coordinates":[[91.7258286,26.1675562],[91.7258769,26.1675802],[91.7259306,26.1675995],[91.7259681,26.1676428],[91.725995,26.167691],[91.7259896,26.1677969],[91.7259252,26.1680088],[91.7258555,26.1682194]]}},{"type":"Feature","properties":{"id":991926402,"highway":"residential","name":null,"oneway":null,"junction":null},"geometry":{"type":"LineString","coordinates":[[91.7250464,26.1663522],[91.7250894,26.1660489],[91.7253201,26.1652882],[91.7254166,26.1652111]]}},{"type":"Feature","properties":{"id":991928682,"highway":"residential","name":null,"oneway":null,"junction":null},"geometry":{"type":"LineString","coordinates":[[91.7243943,26.1657928],[91.7246175,26.1650137],[91.7247087,26.1647345],[91.724537,26.1646237],[91.7237378,26.1643685]]}},{"type":"Feature","properties":{"id":991928684,"highway":"residential","name":null,"oneway":null,"junction":null},"geometry":{"type":"LineString","coordinates":[[91.726172,26.1683157],[91.7263008,26.1678355]]}},{"type":"Feature","properties":{"id":991928685,"highway":"residential","name":null,"oneway":null,"junction":null},"geometry":{"type":"LineString","coordinates":[[91.7307016,26.169858],[91.7296747,26.1696088],[91.7296406,26.1695967],[91.7296185,26.1695743],[91.7296084,26.1695508],[91.7296637,26.1693515],[91.7296598,26.1693261],[91.7293788,26.1692157]]}},{"type":"Feature","properties":{"id":991928686,"highway":"residential","name":null,"oneway":null,"junction":null},"geometry":{"type":"LineString","coordinates":[[91.7309547,26.1674264],[91.7309575,26.166522],[91.7310272,26.166161],[91.7311524,26.1658982],[91.7312703,26.1655693],[91.7313188,26.1654494]]}},{"type":"Feature","properties":{"id":991928688,"highway":"residential","name":null,"oneway":null,"junction":null},"geometry":{"type":"LineString","coordinates":[[91.7303896,26.1717939],[91.7291503,26.1713943]]}},{"type":"Feature","properties":{"id":991928689,"highway":"residential","name":null,"oneway":null,"junction":null},"geometry":{"type":"LineString","coordinates":[[91.7285094,26.1702459],[91.7284371,26.1705375],[91.7282604,26.1709945]]}},{"type":"Feature","properties":{"id":991928711,"highway":"residential","name":null,"oneway":null,"junction":null},"geometry":{"type":"LineString","coordinates":[[91.741124,26.1783791],[91.7415155,26.1785572],[91.7422183,26.1789183],[91.742406,26.1790512]]}},{"type":"Feature","properties":{"id":991928713,"highway":"residential","name":null,"oneway":null,"junction":null},"geometry":{"type":"LineString","coordinates":[[91.7412794,26.1750175],[91.7412931,26.1751523],[91.7413384,26.1755997],[91.7413169,26.1756575],[91.7412311,26.1756864],[91.739984,26.1757441]]}},{"type":"Feature","properties":{"id":991928714,"highway":"residential","name":null,"oneway":null,"junction":null},"geometry":{"type":"LineString","coordinates":[[91.7379805,26.1743617],[91.7383399,26.1745555],[91.7391256,26.1748926],[91.7392035,26.174926],[91.7398666,26.1751522],[91.739998,26.1751955]]}},{"type":"Feature","properties":{"id":991928716,"highway":"residential","name":null,"oneway":null,"junction":null},"geometry":{"type":"LineString","coordinates":[[91.7374905,26.1728857],[91.7376984,26.1729062],[91.7379966,26.1729338],[91.7385051,26.1728981]]}},{"type":"Feature","properties":{"id":991928717,"highway":"residential","name":null,"oneway":null,"junction":null},"geometry":{"type":"LineString","coordinates":[[91.7388791,26.1714795],[91.739107,26.1713747],[91.7391445,26.1712303],[91.7392196,26.1710812]]}},{"type":"Feature","properties":{"id":991930523,"highway":"residential","name":null,"oneway":null,"junction":null},"geometry":{"type":"LineString","coordinates":[[91.7270145,26.1674502],[91.7276343,26.167378]]}},{"type":"Feature","properties":{"id":991930552,"highway":"living_street","name":null,"oneway":null,"junction":null},"geometry":{"type":"LineString","coordinates":[[91.742152,26.1765353],[91.7420017,26.1763561],[91.741728,26.1758795],[91.7416422,26.1756869],[91.7415456,26.175374],[91.7415027,26.1751381],[91.7414919,26.1750803]]}},{"type":"Feature","properties":{"id":991930990,"highway":"residential","name":null,"oneway":null,"junction":null},"geometry":{"type":"LineString","coordinates":[[91.7354087,26.1690108],[91.7353819,26.1691696],[91.7353658,26.1696214]]}},{"type":"Feature","properties":{"id":991930991,"highway":"residential","name":null,"oneway":null,"junction":null},"geometry":{"type":"LineString","coordinates":[[91.7348724,26.168616],[91.7340594,26.1686026]]}},{"type":"Feature","properties":{"id":991930992,"highway":"residential","name":null,"oneway":null,"junction":null},"geometry":{"type":"LineString","coordinates":[[91.7334974,26.1672296],[91.7332314,26.1672104],[91.7329096,26.1671526]]}},{"type":"Feature","properties":{"id":991930996,"highway":"residential","name":null,"oneway":null,"junction":null},"geometry":{"type":"LineString","coordinates":[[91.7340319,26.1652866],[91.7336833,26.1649856],[91.7325354,26.1640709]]}},{"type":"Feature","properties":{"id":991934283,"highway":"residential","name":null,"oneway":null,"junction":null},"geometry":{"type":"LineString","coordinates":[[91.7436601,26.1802644],[91.7436076,26.1809973],[91.7436076,26.1811658],[91.7435647,26.1814114]]}},{"type":"Feature","properties":{"id":991934284,"highway":"residential","name":null,"oneway":null,"junction":null},"geometry":{"type":"LineString","coordinates":[[91.7335328,26.170919],[91.7334202,26.1717265],[91.7332915,26.1719527],[91.7331198,26.1721164],[91.7330602,26.1721904]]}},{"type":"Feature","properties":{"id":991934285,"highway":"residential","name":null,"oneway":null,"junction":null},"geometry":{"type":"LineString","coordinates":[[91.7333773,26.1726709],[91.7334095,26.1725352],[91.7335761,26.1721982]]}},{"type":"Feature","properties":{"id":991934286,"highway":"residential","name":null,"oneway":null,"junction":null},"geometry":{"type":"LineString","coordinates":[[91.7336455,26.1718564],[91.7336723,26.1717746],[91.7337206,26.170951]]}},{"type":"Feature","properties":{"id":1002222369,"highway":"residential","name":"WGC College Street","oneway":null,"junction":null},"geometry":{"type":"LineString","coordinates":[[91.6853755,26.1606381],[91.6866226,26.1611177],[91.6876083,26.1615444],[91.6876836,26.1615773],[91.6880001,26.1617025]]}},{"type":"Feature","properties":{"id":1002222370,"highway":"residential","name":null,"oneway":null,"junction":null},"geometry":{"type":"LineString","coordinates":[[91.6867251,26.1625606],[91.6868548,26.1626243],[91.6870157,26.1626435],[91.6872249,26.1626146],[91.6873613,26.1625705],[91.6874098,26.1625319],[91.6875319,26.1624347],[91.6876219,26.162215],[91.6877077,26.1621332],[91.6878687,26.1620994],[91.6880779,26.1620032],[91.6881749,26.1619618],[91.6881602,26.1617131]]}},{"type":"Feature","properties":{"id":1002222371,"highway":"unclassified","name":"WGC College Street","oneway":null,"junction":null},"geometry":{"type":"LineString","coordinates":[[91.6880001,26.1617025],[91.6881602,26.1617131]]}},{"type":"Feature","properties":{"id":1002222374,"highway":"residential","name":null,"oneway":null,"junction":null},"geometry":{"type":"LineString","coordinates":[[91.680552,26.1604435],[91.6805568,26.1602369],[91.6805541,26.1600699],[91.6805706,26.1600378],[91.6806401,26.1600354]]}},{"type":"Feature","properties":{"id":1015372203,"highway":"residential","name":null,"oneway":null,"junction":null},"geometry":{"type":"LineString","coordinates":[[91.7382585,26.1756249],[91.7382351,26.1754736],[91.7377573,26.1753243],[91.7360279,26.1747511]]}},{"type":"Feature","properties":{"id":1024517865,"highway":"service","name":null,"oneway":null,"junction":null},"geometry":{"type":"LineString","coordinates":[[91.6815305,26.2033],[91.6831559,26.2036273],[91.6842824,26.2039064],[91.6847116,26.2038968],[91.6849771,26.2039329],[91.6855398,26.2038864]]}},{"type":"Feature","properties":{"id":1024517877,"highway":"unclassified","name":null,"oneway":null,"junction":null},"geometry":{"type":"LineString","coordinates":[[91.6855216,26.2036906],[91.6856034,26.2036814]]}},{"type":"Feature","properties":{"id":1024517878,"highway":"unclassified","name":null,"oneway":null,"junction":null},"geometry":{"type":"LineString","coordinates":[[91.6849421,26.1985069],[91.6850267,26.1985]]}},{"type":"Feature","properties":{"id":1024517879,"highway":"unclassified","name":null,"oneway":"yes","junction":null},"geometry":{"type":"LineString","coordinates":[[91.6856085,26.19666],[91.6864656,26.1964398]]}},{"type":"Feature","properties":{"id":1024517880,"highway":"unclassified","name":null,"oneway":"yes","junction":null},"geometry":{"type":"LineString","coordinates":[[91.6861313,26.2087781],[91.6861328,26.2086642],[91.6860983,26.2083909],[91.6860124,26.20761],[91.6859105,26.2066571],[91.6858136,26.2057474],[91.6856034,26.2036814],[91.6854921,26.2026309],[91.6854587,26.2023342],[91.6852292,26.2002929],[91.6851601,26.1996136],[91.6850267,26.1985],[91.6849157,26.1976956],[91.6849092,26.1974761],[91.6849181,26.1973195],[91.6849544,26.1971775],[91.6850231,26.1970262],[91.6851463,26.1968834],[91.6853312,26.1967723],[91.6855159,26.1966919],[91.6856085,26.19666]]}},{"type":"Feature","properties":{"id":1024517881,"highway":"unclassified","name":null,"oneway":"yes","junction":null},"geometry":{"type":"LineString","coordinates":[[91.6864656,26.1964398],[91.6872321,26.1962227],[91.6873235,26.1961908],[91.687402,26.1961487]]}},{"type":"Feature","properties":{"id":1024517882,"highway":"unclassified","name":null,"oneway":"yes","junction":null},"geometry":{"type":"LineString","coordinates":[[91.6864371,26.1963561],[91.6855868,26.1965781]]}},{"type":"Feature","properties":{"id":1024517883,"highway":"unclassified","name":null,"oneway":"yes","junction":null},"geometry":{"type":"LineString","coordinates":[[91.6873163,26.1961543],[91.6864371,26.1963561]]}},{"type":"Feature","properties":{"id":1024517884,"highway":"unclassified","name":null,"oneway":"yes","junction":null},"geometry":{"type":"LineString","coordinates":[[91.687402,26.1961487],[91.6873163,26.1961543]]}},{"type":"Feature","properties":{"id":1024517887,"highway":"trunk","name":null,"oneway":"yes","junction":null},"geometry":{"type":"LineString","coordinates":[[91.6713137,26.1649896],[91.6711637,26.1647572]]}},{"type":"Feature","properties":{"id":1054977378,"highway":"residential","name":null,"oneway":null,"junction":null},"geometry":{"type":"LineString","coordinates":[[91.6801438,26.162243],[91.6801914,26.1624587]]}},{"type":"Feature","properties":{"id":1056876376,"highway":"service","name":null,"oneway":null,"junction":null},"geometry":{"type":"LineString","coordinates":[[91.7432253,26.1820961],[91.7430743,26.1825896],[91.7430345,26.1826832],[91.7430326,26.1827258],[91.7430307,26.1827888],[91.742951,26.1830134]]}},{"type":"Feature","properties":{"id":1056876377,"highway":"residential","name":"Lower Strand Road","oneway":null,"junction":null},"geometry":{"type":"LineString","coordinates":[[91.7435465,26.1876623],[91.7445477,26.1880559]]}},{"type":"Feature","properties":{"id":1083006450,"highway":"residential","name":null,"oneway":null,"junction":null},"geometry":{"type":"LineString","coordinates":[[91.7419489,26.1804678],[91.7414359,26.179764]]}},{"type":"Feature","properties":{"id":1083994780,"highway":"residential","name":null,"oneway":null,"junction":null},"geometry":{"type":"LineString","coordinates":[[91.6719307,26.1699577],[91.6719375,26.1696201],[91.6719239,26.1695459],[91.6718582,26.1693187],[91.6718847,26.1677748]]}},{"type":"Feature","properties":{"id":1083994781,"highway":"residential","name":null,"oneway":null,"junction":null},"geometry":{"type":"LineString","coordinates":[[91.6718582,26.1693187],[91.6716864,26.1693829],[91.671615,26.1694287],[91.6716022,26.1694836],[91.6715997,26.1696233],[91.6715997,26.1697745],[91.671564,26.1698844],[91.6715151,26.169979],[91.6714713,26.1700396],[91.6714003,26.170176]]}},{"type":"Feature","properties":{"id":1083994782,"highway":"residential","name":null,"oneway":null,"junction":null},"geometry":{"type":"LineString","coordinates":[[91.6719307,26.1699577],[91.6719166,26.170115],[91.671912,26.170236],[91.6719095,26.1704267]]}},{"type":"Feature","properties":{"id":1084004588,"highway":"residential","name":null,"oneway":null,"junction":null},"geometry":{"type":"LineString","coordinates":[[91.6823522,26.1582652],[91.6824018,26.1574576]]}},{"type":"Feature","properties":{"id":1084004617,"highway":"unclassified","name":null,"oneway":null,"junction":null},"geometry":{"type":"LineString","coordinates":[[91.6934738,26.1609514],[91.6933887,26.1611684],[91.6933677,26.1612101],[91.6933656,26.1613012],[91.6933605,26.161352],[91.6933737,26.1614844],[91.6935124,26.1616207],[91.6936841,26.1617432],[91.6938228,26.1618638],[91.6938956,26.1619233],[91.6940187,26.1620238],[91.6941794,26.162093],[91.6943247,26.1621048],[91.6945428,26.1621365]]}},{"type":"Feature","properties":{"id":1084004618,"highway":"unclassified","name":null,"oneway":null,"junction":null},"geometry":{"type":"LineString","coordinates":[[91.6939849,26.1613886],[91.6946172,26.1617067]]}},{"type":"Feature","properties":{"id":1084011135,"highway":"residential","name":null,"oneway":null,"junction":null},"geometry":{"type":"LineString","coordinates":[[91.6869948,26.1599786],[91.6870659,26.1597164],[91.687166,26.1595479],[91.687212,26.1594446],[91.687229,26.1593785],[91.6873554,26.1587237]]}},{"type":"Feature","properties":{"id":1084026303,"highway":"unclassified","name":null,"oneway":null,"junction":null},"geometry":{"type":"LineString","coordinates":[[91.6938762,26.1637429],[91.6941982,26.1637421],[91.6943766,26.1638456],[91.6944206,26.16395],[91.6944695,26.1640659],[91.6947451,26.1642521]]}},{"type":"Feature","properties":{"id":1084026304,"highway":"unclassified","name":null,"oneway":null,"junction":null},"geometry":{"type":"LineString","coordinates":[[91.6944206,26.16395],[91.6945069,26.1638185],[91.6945706,26.1636629],[91.6946697,26.163431]]}},{"type":"Feature","properties":{"id":1085031186,"highway":"residential","name":null,"oneway":null,"junction":null},"geometry":{"type":"LineString","coordinates":[[91.68516,26.1663841],[91.6854201,26.1654642]]}},{"type":"Feature","properties":{"id":1085031187,"highway":"residential","name":null,"oneway":null,"junction":null},"geometry":{"type":"LineString","coordinates":[[91.6852133,26.1664086],[91.685663,26.1664995],[91.6859151,26.1656235]]}},{"type":"Feature","properties":{"id":1085031188,"highway":"residential","name":null,"oneway":null,"junction":null},"geometry":{"type":"LineString","coordinates":[[91.6853097,26.1671687],[91.6854902,26.1670318],[91.6856116,26.1666211]]}},{"type":"Feature","properties":{"id":1085056870,"highway":"residential","name":null,"oneway":null,"junction":null},"geometry":{"type":"LineString","coordinates":[[91.679206,26.1638901],[91.6792159,26.1648016]]}},{"type":"Feature","properties":{"id":1085056871,"highway":"residential","name":null,"oneway":null,"junction":null},"geometry":{"type":"LineString","coordinates":[[91.679897,26.1639733],[91.6795553,26.1639342],[91.679206,26.1638901],[91.6783895,26.1637879]]}},{"type":"Feature","properties":{"id":1085056872,"highway":"residential","name":null,"oneway":null,"junction":null},"geometry":{"type":"LineString","coordinates":[[91.679897,26.1639733],[91.6799212,26.1635327],[91.6799583,26.1633921],[91.6799588,26.1628299]]}},{"type":"Feature","properties":{"id":1085056873,"highway":"residential","name":null,"oneway":null,"junction":null},"geometry":{"type":"LineString","coordinates":[[91.679897,26.1639733],[91.6798864,26.1643562],[91.6798891,26.1648377],[91.6799266,26.1652687]]}},{"type":"Feature","properties":{"id":1085056874,"highway":"residential","name":null,"oneway":null,"junction":null},"geometry":{"type":"LineString","coordinates":[[91.6789337,26.1648185],[91.6792159,26.1648016],[91.6796128,26.1648257],[91.6798891,26.1648377]]}},{"type":"Feature","properties":{"id":1085056875,"highway":"residential","name":null,"oneway":null,"junction":null},"geometry":{"type":"LineString","coordinates":[[91.6796155,26.1651615],[91.6796128,26.1648257]]}},{"type":"Feature","properties":{"id":1085056876,"highway":"residential","name":null,"oneway":null,"junction":null},"geometry":{"type":"LineString","coordinates":[[91.6795504,26.164325],[91.6795553,26.1639342]]}},{"type":"Feature","properties":{"id":1085056877,"highway":"residential","name":null,"oneway":null,"junction":null},"geometry":{"type":"LineString","coordinates":[[91.6781245,26.1661764],[91.6781403,26.1659414]]}},{"type":"Feature","properties":{"id":1085752369,"highway":"residential","name":null,"oneway":null,"junction":null},"geometry":{"type":"LineString","coordinates":[[91.6974585,26.159168],[91.6973867,26.1598017],[91.6972326,26.1598058]]}},{"type":"Feature","properties":{"id":1086356613,"highway":"residential","name":null,"oneway":null,"junction":null},"geometry":{"type":"LineString","coordinates":[[91.68643,26.1680031],[91.6862059,26.1686049],[91.6861429,26.1686987],[91.685909,26.1687926],[91.6857217,26.1688291],[91.6852224,26.168846],[91.6845818,26.1688697]]}},{"type":"Feature","properties":{"id":1086356614,"highway":"residential","name":null,"oneway":null,"junction":null},"geometry":{"type":"LineString","coordinates":[[91.6861429,26.1686987],[91.686092,26.1688697],[91.6857552,26.1689488],[91.6848592,26.1689369],[91.6848591,26.1689646],[91.684859,26.1690535],[91.6848584,26.1695556]]}},{"type":"Feature","properties":{"id":1086356615,"highway":"residential","name":null,"oneway":null,"junction":null},"geometry":{"type":"LineString","coordinates":[[91.6848591,26.1689646],[91.6844035,26.1689863],[91.6843182,26.1689969]]}},{"type":"Feature","properties":{"id":1086356616,"highway":"residential","name":null,"oneway":null,"junction":null},"geometry":{"type":"LineString","coordinates":[[91.684332,26.1690764],[91.684859,26.1690535],[91.6855782,26.1690547]]}},{"type":"Feature","properties":{"id":1086652046,"highway":"residential","name":null,"oneway":null,"junction":null},"geometry":{"type":"LineString","coordinates":[[91.732073,26.1727035],[91.7330559,26.1730111]]}},{"type":"Feature","properties":{"id":1088104651,"highway":"residential","name":null,"oneway":null,"junction":null},"geometry":{"type":"LineString","coordinates":[[91.688827,26.1618418],[91.688673,26.1621708],[91.6884901,26.1625616],[91.68811,26.1636176]]}},{"type":"Feature","properties":{"id":1088104652,"highway":"residential","name":null,"oneway":null,"junction":null},"geometry":{"type":"LineString","coordinates":[[91.6885959,26.1630563],[91.6888098,26.1625458],[91.6889614,26.16226],[91.6894677,26.1613281]]}},{"type":"Feature","properties":{"id":1088104654,"highway":"residential","name":null,"oneway":null,"junction":null},"geometry":{"type":"LineString","coordinates":[[91.688673,26.1621708],[91.6889614,26.16226],[91.6892913,26.1623573]]}},{"type":"Feature","properties":{"id":1090228486,"highway":"residential","name":null,"oneway":null,"junction":null},"geometry":{"type":"LineString","coordinates":[[91.6862122,26.1473434],[91.6861713,26.1477966],[91.6861192,26.1483739]]}},{"type":"Feature","properties":{"id":1090228487,"highway":"residential","name":null,"oneway":null,"junction":null},"geometry":{"type":"LineString","coordinates":[[91.6861713,26.1477966],[91.6873475,26.147836],[91.6873409,26.1480415]]}},{"type":"Feature","properties":{"id":1090510708,"highway":"service","name":null,"oneway":null,"junction":null},"geometry":{"type":"LineString","coordinates":[[91.6869353,26.1660496],[91.6865406,26.1660528]]}},{"type":"Feature","properties":{"id":1090548916,"highway":"residential","name":null,"oneway":null,"junction":null},"geometry":{"type":"LineString","coordinates":[[91.6888336,26.1655814],[91.6886048,26.1649597],[91.6890115,26.1648325],[91.6892205,26.1654244]]}},{"type":"Feature","properties":{"id":1090548917,"highway":"residential","name":null,"oneway":null,"junction":null},"geometry":{"type":"LineString","coordinates":[[91.6890115,26.1648325],[91.6906731,26.1643365]]}},{"type":"Feature","properties":{"id":1090548918,"highway":"residential","name":null,"oneway":null,"junction":null},"geometry":{"type":"LineString","coordinates":[[91.6889084,26.1645092],[91.6890115,26.1648325]]}},{"type":"Feature","properties":{"id":1090801490,"highway":"residential","name":null,"oneway":null,"junction":null},"geometry":{"type":"LineString","coordinates":[[91.6821355,26.1854937],[91.6817477,26.1846124],[91.6816564,26.1844024],[91.681644,26.1843563],[91.6816512,26.1843222],[91.6816763,26.1842838],[91.6819642,26.1841375],[91.6820137,26.1840945]]}},{"type":"Feature","properties":{"id":1091059799,"highway":"residential","name":null,"oneway":null,"junction":null},"geometry":{"type":"LineString","coordinates":[[91.6842763,26.1512143],[91.6843997,26.1514118],[91.6847753,26.1523521]]}},{"type":"Feature","properties":{"id":1091059800,"highway":"residential","name":null,"oneway":null,"junction":null},"geometry":{"type":"LineString","coordinates":[[91.6842763,26.1512143],[91.6839649,26.1508165]]}},{"type":"Feature","properties":{"id":1091059801,"highway":"residential","name":null,"oneway":null,"junction":null},"geometry":{"type":"LineString","coordinates":[[91.68347,26.1500695],[91.6836215,26.1502868],[91.6838334,26.1506215]]}},{"type":"Feature","properties":{"id":1091522727,"highway":"residential","name":null,"oneway":null,"junction":null},"geometry":{"type":"LineString","coordinates":[[91.6888519,26.1587012],[91.6894763,26.1587462],[91.6898631,26.1587741],[91.6909822,26.1588189]]}},{"type":"Feature","properties":{"id":1092272926,"highway":"service","name":null,"oneway":null,"junction":null},"geometry":{"type":"LineString","coordinates":[[91.6887456,26.1569858],[91.6902938,26.1571086],[91.6909912,26.1571835],[91.6912661,26.1572473],[91.6917951,26.1576018]]}},{"type":"Feature","properties":{"id":1092272927,"highway":"service","name":null,"oneway":"yes","junction":null},"geometry":{"type":"LineString","coordinates":[[91.6917951,26.1576018],[91.6918573,26.1576649],[91.6919485,26.1577575],[91.6920323,26.1578254],[91.6921644,26.1578702],[91.6922997,26.1578774],[91.6925767,26.1578283],[91.6930728,26.1576702]]}},{"type":"Feature","properties":{"id":1092272928,"highway":"service","name":null,"oneway":"yes","junction":null},"geometry":{"type":"LineString","coordinates":[[91.692179,26.1576224],[91.6921644,26.1578702]]}},{"type":"Feature","properties":{"id":1094054455,"highway":"residential","name":null,"oneway":null,"junction":null},"geometry":{"type":"LineString","coordinates":[[91.6813443,26.1491588],[91.6820135,26.149187],[91.6822661,26.1492646],[91.6828055,26.1493515],[91.6829772,26.1494227],[91.6831335,26.1496005],[91.6831683,26.1496716]]}},{"type":"Feature","properties":{"id":1094107469,"highway":"residential","name":null,"oneway":null,"junction":null},"geometry":{"type":"LineString","coordinates":[[91.7361316,26.1738242],[91.736717,26.1738638],[91.7367635,26.1739264],[91.7370192,26.1739713],[91.7373017,26.1739713],[91.7375471,26.1739857]]}},{"type":"Feature","properties":{"id":1095945719,"highway":"residential","name":null,"oneway":null,"junction":null},"geometry":{"type":"LineString","coordinates":[[91.6899888,26.1593755],[91.6900035,26.1594607],[91.6901025,26.1595437],[91.6902368,26.1596938]]}},{"type":"Feature","properties":{"id":1100680922,"highway":"residential","name":null,"oneway":null,"junction":null},"geometry":{"type":"LineString","coordinates":[[91.7343608,26.1758545],[91.73393,26.1764109],[91.7338227,26.1765836]]}},{"type":"Feature","properties":{"id":1100816173,"highway":"residential","name":null,"oneway":null,"junction":null},"geometry":{"type":"LineString","coordinates":[[91.7355238,26.1798446],[91.7362825,26.1793846],[91.736722,26.1791158]]}},{"type":"Feature","properties":{"id":1101005631,"highway":"residential","name":null,"oneway":null,"junction":null},"geometry":{"type":"LineString","coordinates":[[91.7374679,26.1746065],[91.7389677,26.1756937],[91.7391015,26.1752582],[91.7392035,26.174926]]}},{"type":"Feature","properties":{"id":1101005632,"highway":"residential","name":null,"oneway":null,"junction":null},"geometry":{"type":"LineString","coordinates":[[91.7389677,26.1756937],[91.7398996,26.1760228],[91.7400379,26.1760881]]}},{"type":"Feature","properties":{"id":1101005633,"highway":"residential","name":null,"oneway":null,"junction":null},"geometry":{"type":"LineString","coordinates":[[91.7389677,26.1756937],[91.7389376,26.17586],[91.7395298,26.1760382],[91.7397147,26.176115],[91.7400607,26.1762713]]}},{"type":"Feature","properties":{"id":1105423329,"highway":"residential","name":null,"oneway":null,"junction":null},"geometry":{"type":"LineString","coordinates":[[91.7400607,26.1762713],[91.7406031,26.1766539],[91.7411409,26.1771065],[91.7412684,26.1772218],[91.7414733,26.1773945]]}},{"type":"Feature","properties":{"id":1105672650,"highway":"residential","name":null,"oneway":null,"junction":null},"geometry":{"type":"LineString","coordinates":[[91.6761689,26.1603472],[91.6762949,26.1599018],[91.6763458,26.1597115]]}},{"type":"Feature","properties":{"id":1105737312,"highway":"residential","name":null,"oneway":null,"junction":null},"geometry":{"type":"LineString","coordinates":[[91.7400379,26.1760881],[91.7403179,26.1762748],[91.7408484,26.1767215],[91.7410267,26.1768645]]}},{"type":"Feature","properties":{"id":1111725230,"highway":"residential","name":null,"oneway":null,"junction":null},"geometry":{"type":"LineString","coordinates":[[91.7392463,26.1812525],[91.7387403,26.1804869]]}},{"type":"Feature","properties":{"id":1111781647,"highway":"residential","name":null,"oneway":null,"junction":null},"geometry":{"type":"LineString","coordinates":[[91.7013196,26.1572631],[91.7017878,26.1578035]]}},{"type":"Feature","properties":{"id":1111781648,"highway":"residential","name":null,"oneway":null,"junction":null},"geometry":{"type":"LineString","coordinates":[[91.7011219,26.157296],[91.7008578,26.158287],[91.7008079,26.1583539]]}},{"type":"Feature","properties":{"id":1111781655,"highway":"residential","name":null,"oneway":null,"junction":null},"geometry":{"type":"LineString","coordinates":[[91.7128013,26.1646044],[91.7129417,26.1646503],[91.7130018,26.1647098],[91.713053,26.1648549],[91.7132065,26.1649999],[91.7134328,26.1650773],[91.7140321,26.1650527]]}},{"type":"Feature","properties":{"id":1112237409,"highway":"residential","name":null,"oneway":null,"junction":null},"geometry":{"type":"LineString","coordinates":[[91.7316062,26.1666258],[91.7324283,26.166799],[91.7325407,26.1668227]]}},{"type":"Feature","properties":{"id":1112237410,"highway":"residential","name":null,"oneway":null,"junction":null},"geometry":{"type":"LineString","coordinates":[[91.7324283,26.166799],[91.7323935,26.166964]]}},{"type":"Feature","properties":{"id":1118012912,"highway":"trunk","name":null,"oneway":"yes","junction":null},"geometry":{"type":"LineString","coordinates":[[91.6762355,26.1554935],[91.6763311,26.155304],[91.6763779,26.1551394],[91.6764343,26.1549396],[91.6765255,26.1545664],[91.6767132,26.1536419],[91.6767883,26.1533097],[91.6768956,26.152898],[91.6770297,26.1524285],[91.6771585,26.1519494],[91.6773328,26.1513186],[91.6775393,26.15063],[91.6776842,26.1501557],[91.6777807,26.1498475],[91.6778558,26.149626],[91.677939,26.1492949],[91.6779792,26.1490746],[91.6780034,26.1489061],[91.6780208,26.1487063],[91.6780248,26.1485136],[91.6780235,26.148392],[91.6780181,26.1482115],[91.678002,26.1480477],[91.6779792,26.1478973],[91.677943,26.1477552],[91.6779062,26.1475995],[91.6778523,26.147412],[91.6775758,26.1466238],[91.6764692,26.143469],[91.6761753,26.1426313],[91.6757745,26.1414717]]}},{"type":"Feature","properties":{"id":1120259440,"highway":"residential","name":null,"oneway":null,"junction":null},"geometry":{"type":"LineString","coordinates":[[91.6934807,26.1624383],[91.6934905,26.1623446],[91.6935119,26.1623061],[91.6935656,26.1622676],[91.6936541,26.1622195],[91.6937051,26.1621761],[91.6937573,26.1621103],[91.6938956,26.1619233]]}},{"type":"Feature","properties":{"id":1123583939,"highway":"residential","name":null,"oneway":null,"junction":null},"geometry":{"type":"LineString","coordinates":[[91.6814017,26.1633388],[91.6812891,26.1637768],[91.6813159,26.1638057],[91.6815118,26.1639156]]}},{"type":"Feature","properties":{"id":1123583940,"highway":"residential","name":null,"oneway":null,"junction":null},"geometry":{"type":"LineString","coordinates":[[91.6814017,26.1633388],[91.6814187,26.1632694],[91.6815491,26.1629366],[91.6816488,26.1629562]]}},{"type":"Feature","properties":{"id":1123583941,"highway":"residential","name":null,"oneway":null,"junction":null},"geometry":{"type":"LineString","coordinates":[[91.6814017,26.1633388],[91.6814929,26.1633658]]}},{"type":"Feature","properties":{"id":1125145369,"highway":"residential","name":null,"oneway":"yes","junction":null},"geometry":{"type":"LineString","coordinates":[[91.7406012,26.183242],[91.7385307,26.184173]]}},{"type":"Feature","properties":{"id":1125145370,"highway":"tertiary","name":"Hem Baruah Road","oneway":"yes","junction":null},"geometry":{"type":"LineString","coordinates":[[91.7406012,26.183242],[91.7405786,26.1822646],[91.7405506,26.1818889]]}},{"type":"Feature","properties":{"id":1125145371,"highway":"residential","name":null,"oneway":null,"junction":null},"geometry":{"type":"LineString","coordinates":[[91.7414685,26.187454],[91.7414408,26.1874336],[91.7418657,26.1866353],[91.7419238,26.1865255],[91.7421853,26.1860312]]}},{"type":"Feature","properties":{"id":1125145372,"highway":"tertiary","name":"Hem Baruah Road","oneway":null,"junction":null},"geometry":{"type":"LineString","coordinates":[[91.7438667,26.1868182],[91.742892,26.1864184]]}},{"type":"Feature","properties":{"id":1125697549,"highway":"residential","name":null,"oneway":null,"junction":null},"geometry":{"type":"LineString","coordinates":[[91.7377916,26.1742525],[91.7378602,26.1736232],[91.7378479,26.1735826],[91.7377863,26.1735457],[91.7375551,26.1735086]]}},{"type":"Feature","properties":{"id":1125697550,"highway":"residential","name":null,"oneway":null,"junction":null},"geometry":{"type":"LineString","coordinates":[[91.7391015,26.1752582],[91.7386392,26.1750526],[91.7381594,26.1747536]]}},{"type":"Feature","properties":{"id":1125697551,"highway":"residential","name":null,"oneway":null,"junction":null},"geometry":{"type":"LineString","coordinates":[[91.7391015,26.1752582],[91.7399875,26.1756068]]}},{"type":"Feature","properties":{"id":1125697552,"highway":"residential","name":null,"oneway":null,"junction":null},"geometry":{"type":"LineString","coordinates":[[91.7375524,26.174219],[91.7377916,26.1742525]]}},{"type":"Feature","properties":{"id":1132190580,"highway":"residential","name":null,"oneway":null,"junction":null},"geometry":{"type":"LineString","coordinates":[[91.7347195,26.1733183],[91.7348873,26.1733931],[91.7357827,26.1736186]]}},{"type":"Feature","properties":{"id":1132717820,"highway":"residential","name":null,"oneway":null,"junction":null},"geometry":{"type":"LineString","coordinates":[[91.7391256,26.1748926],[91.7392503,26.1746574],[91.7392795,26.1745315],[91.7392945,26.1744668],[91.7393611,26.1741789],[91.7393828,26.174085],[91.739389,26.174038],[91.7394167,26.1740131],[91.7396104,26.1740261],[91.7400243,26.1740539]]}},{"type":"Feature","properties":{"id":1132717821,"highway":"residential","name":null,"oneway":null,"junction":null},"geometry":{"type":"LineString","coordinates":[[91.7392795,26.1745315],[91.7395549,26.1746197],[91.7400087,26.174765]]}},{"type":"Feature","properties":{"id":1132717822,"highway":"residential","name":null,"oneway":null,"junction":null},"geometry":{"type":"LineString","coordinates":[[91.7395549,26.1746197],[91.7395923,26.1744721],[91.7396139,26.1743864],[91.7396262,26.1742786],[91.7396305,26.1742247],[91.7393611,26.1741789],[91.7391068,26.1741427]]}},{"type":"Feature","properties":{"id":1132717823,"highway":"residential","name":null,"oneway":null,"junction":null},"geometry":{"type":"LineString","coordinates":[[91.7392945,26.1744668],[91.7390655,26.1743809],[91.7391068,26.1741427],[91.7391394,26.1739551],[91.7394167,26.1740131]]}},{"type":"Feature","properties":{"id":1132721719,"highway":"residential","name":null,"oneway":null,"junction":null},"geometry":{"type":"LineString","coordinates":[[91.6764129,26.1632139],[91.67648,26.1620518]]}},{"type":"Feature","properties":{"id":1132721720,"highway":"residential","name":null,"oneway":null,"junction":null},"geometry":{"type":"LineString","coordinates":[[91.6759033,26.1631892],[91.6759197,26.1625889],[91.6759304,26.1620611]]}},{"type":"Feature","properties":{"id":1132721721,"highway":"residential","name":null,"oneway":null,"junction":null},"geometry":{"type":"LineString","coordinates":[[91.6745839,26.1631688],[91.675324,26.1631633]]}},{"type":"Feature","properties":{"id":1132721722,"highway":"residential","name":null,"oneway":null,"junction":null},"geometry":{"type":"LineString","coordinates":[[91.6745839,26.1631688],[91.6746477,26.1622172],[91.6747228,26.1619958],[91.6747603,26.1619476],[91.6749158,26.161211]]}},{"type":"Feature","properties":{"id":1132721723,"highway":"residential","name":null,"oneway":null,"junction":null},"geometry":{"type":"LineString","coordinates":[[91.6745606,26.1635244],[91.6745839,26.1631688]]}},{"type":"Feature","properties":{"id":1134103725,"highway":"trunk","name":null,"oneway":"yes","junction":null},"geometry":{"type":"LineString","coordinates":[[91.6674288,26.1848281],[91.667355,26.1847607],[91.6672517,26.1846825],[91.6671203,26.1846091],[91.6669091,26.1845056],[91.6668072,26.1844797]]}},{"type":"Feature","properties":{"id":1134103726,"highway":"trunk","name":null,"oneway":"yes","junction":null},"geometry":{"type":"LineString","coordinates":[[91.6668072,26.1844797],[91.6668709,26.1845501],[91.6671082,26.1846837],[91.6672397,26.1847679],[91.6673295,26.1848389],[91.6673778,26.1848979],[91.6673979,26.1849593],[91.6674086,26.1850279],[91.6674086,26.185135],[91.6673631,26.1855905],[91.6673201,26.1860568],[91.6672814,26.1863546],[91.667237,26.1869655],[91.6672075,26.1872868],[91.6672008,26.1874119],[91.6671994,26.1875251],[91.6672048,26.1876334],[91.6672169,26.187714],[91.6672437,26.1877886],[91.6672772,26.1878692],[91.6674301,26.1880389],[91.6676004,26.1882134],[91.6677707,26.1883759],[91.668039,26.1886479],[91.6683125,26.1889343],[91.6685975,26.1892148],[91.6688839,26.189483],[91.6690072,26.1895889],[91.6691118,26.1896648],[91.6692124,26.1897153],[91.6693211,26.1897502],[91.6695492,26.1897876],[91.6698387,26.1898236],[91.6700278,26.1898405],[91.6702692,26.1898501],[91.6703724,26.1898552],[91.6705133,26.1898621],[91.6706783,26.189873],[91.6708209,26.1898905],[91.6708938,26.189914]]}},{"type":"Feature","properties":{"id":1135602109,"highway":"residential","name":null,"oneway":null,"junction":null},"geometry":{"type":"LineString","coordinates":[[91.7273811,26.2057423],[91.7272565,26.205742],[91.7267772,26.2057698],[91.7250095,26.2059055],[91.7243486,26.2059363],[91.7243763,26.205448],[91.7243946,26.2051242],[91.7244345,26.2044192],[91.7244167,26.2041445],[91.724402,26.2039183],[91.724383,26.203626],[91.7243361,26.2031508],[91.7242971,26.2027558],[91.7241855,26.2024554],[91.7241177,26.2019065],[91.7240764,26.2016635],[91.7239427,26.2015753],[91.7236567,26.201537],[91.7235708,26.2014327],[91.7235504,26.2013465],[91.7234299,26.2004008]]}},{"type":"Feature","properties":{"id":1135602110,"highway":"residential","name":null,"oneway":null,"junction":null},"geometry":{"type":"LineString","coordinates":[[91.7197309,26.1970492],[91.7197553,26.1966711],[91.7197849,26.1962125],[91.7199847,26.1951079],[91.7200936,26.194506],[91.7201754,26.1940538],[91.72038,26.1929231]]}},{"type":"Feature","properties":{"id":1135602111,"highway":"residential","name":null,"oneway":null,"junction":null},"geometry":{"type":"LineString","coordinates":[[91.7173093,26.1918412],[91.7176057,26.1910692],[91.7177895,26.1905904],[91.7178055,26.1905519],[91.7181154,26.1897406],[91.7181523,26.1896595]]}},{"type":"Feature","properties":{"id":1135608706,"highway":"primary","name":"Assam Trunk Rd","oneway":"yes","junction":null},"geometry":{"type":"LineString","coordinates":[[91.728724,26.1738613],[91.7305079,26.1754042],[91.7311576,26.1759779],[91.7322354,26.1769868],[91.7329248,26.1776212],[91.7331128,26.1778757],[91.7332308,26.1781132],[91.7332984,26.1783001],[91.7333714,26.1783886],[91.7334586,26.1784421],[91.7335402,26.1784633],[91.7339595,26.1785401]]}},{"type":"Feature","properties":{"id":1135643958,"highway":"residential","name":null,"oneway":null,"junction":null},"geometry":{"type":"LineString","coordinates":[[91.6563133,26.1669106],[91.6562812,26.1667229],[91.6561739,26.1663473],[91.6560558,26.1660007],[91.6560057,26.1659116],[91.6558252,26.1655914],[91.6556267,26.1652592],[91.6554711,26.1648836],[91.6552565,26.1644551],[91.6551654,26.1642674],[91.6549722,26.1642481],[91.6547255,26.1642962],[91.654409,26.1644022],[91.6542534,26.1644407],[91.6539852,26.1644648],[91.6538403,26.1645225],[91.6538028,26.1647633],[91.6537331,26.1649029],[91.6535292,26.1650136],[91.6533093,26.1650666],[91.6530947,26.1650714],[91.6511286,26.165187]]}},{"type":"Feature","properties":{"id":1135643960,"highway":"unclassified","name":null,"oneway":null,"junction":null},"geometry":{"type":"LineString","coordinates":[[91.6823947,26.1687381],[91.6824965,26.168401],[91.6825088,26.1683731],[91.6825694,26.1680614],[91.6826008,26.1679699]]}},{"type":"Feature","properties":{"id":1135643961,"highway":"residential","name":null,"oneway":null,"junction":null},"geometry":{"type":"LineString","coordinates":[[91.697932,26.1478213],[91.6981703,26.1475603],[91.6980644,26.14744],[91.698409,26.1469841],[91.6983841,26.1466669],[91.6981835,26.1462925],[91.6979579,26.1459976],[91.6978215,26.1458193],[91.6969916,26.1450938]]}},{"type":"Feature","properties":{"id":1135643962,"highway":"tertiary","name":null,"oneway":null,"junction":null},"geometry":{"type":"LineString","coordinates":[[91.6960147,26.1501951],[91.6972261,26.1490673],[91.6973276,26.148914],[91.6974277,26.1487627],[91.6974701,26.1486685],[91.6976441,26.1482815],[91.6978454,26.1479305],[91.697932,26.1478213]]}},{"type":"Feature","properties":{"id":1135663704,"highway":"tertiary","name":null,"oneway":null,"junction":null},"geometry":{"type":"LineString","coordinates":[[91.6715553,26.1576072],[91.6715004,26.1575819],[91.6714521,26.1575674],[91.6713139,26.1575494],[91.6709938,26.1575208]]}},{"type":"Feature","properties":{"id":1135663705,"highway":"residential","name":null,"oneway":null,"junction":null},"geometry":{"type":"LineString","coordinates":[[91.671954,26.1677737],[91.6719316,26.1675485],[91.6719732,26.167173],[91.6719652,26.1669539],[91.6719062,26.1666795],[91.6716594,26.1663497],[91.6714234,26.1661089],[91.6712007,26.1659789],[91.6708816,26.1658995],[91.6708499,26.1658927]]}},{"type":"Feature","properties":{"id":1135704871,"highway":"trunk","name":null,"oneway":"yes","junction":null},"geometry":{"type":"LineString","coordinates":[[91.6713653,26.1833717],[91.6713394,26.1837693],[91.6713327,26.1838725],[91.6713086,26.184224],[91.6712603,26.1848474],[91.6712362,26.1853408],[91.6712227,26.1857427],[91.6712067,26.1862771],[91.6711959,26.186679],[91.6711959,26.187069],[91.671212,26.1873722],[91.6712191,26.1876027],[91.6712307,26.1878991]]}},{"type":"Feature","properties":{"id":1135704872,"highway":"trunk","name":null,"oneway":"yes","junction":null},"geometry":{"type":"LineString","coordinates":[[91.670738,26.1902007],[91.670567,26.19041],[91.6701265,26.1908677],[91.6698642,26.1911603],[91.6696555,26.1913605]]}},{"type":"Feature","properties":{"id":1135729610,"highway":"unclassified","name":null,"oneway":null,"junction":null},"geometry":{"type":"LineString","coordinates":[[91.7172685,26.1920783],[91.7172611,26.1921214],[91.7170941,26.1930917],[91.7169864,26.1937171],[91.7168301,26.1939485],[91.7166035,26.194215],[91.7164007,26.1947695]]}},{"type":"Feature","properties":{"id":1136955005,"highway":"primary","name":null,"oneway":"yes","junction":null},"geometry":{"type":"LineString","coordinates":[[91.6885181,26.1588149],[91.6888547,26.1588553]]}},{"type":"Feature","properties":{"id":1138267094,"highway":"service","name":null,"oneway":null,"junction":null},"geometry":{"type":"LineString","coordinates":[[91.6980261,26.2369076],[91.6978222,26.2351441]]}},{"type":"Feature","properties":{"id":1138267095,"highway":"service","name":null,"oneway":null,"junction":null},"geometry":{"type":"LineString","coordinates":[[91.7021655,26.2335924],[91.7023122,26.2343935]]}},{"type":"Feature","properties":{"id":1138267096,"highway":"service","name":null,"oneway":null,"junction":null},"geometry":{"type":"LineString","coordinates":[[91.7008316,26.233715],[91.7021655,26.2335924],[91.7026491,26.2335648],[91.7027033,26.233553],[91.7027446,26.2335259],[91.7027499,26.2334908],[91.7027553,26.2334274],[91.7027402,26.2332389]]}},{"type":"Feature","properties":{"id":1138267097,"highway":"service","name":null,"oneway":null,"junction":null},"geometry":{"type":"LineString","coordinates":[[91.7001867,26.2337586],[91.6957837,26.234124]]}},{"type":"Feature","properties":{"id":1138267105,"highway":"residential","name":null,"oneway":null,"junction":null},"geometry":{"type":"LineString","coordinates":[[91.6884881,26.2408604],[91.688574,26.2405092],[91.6885954,26.2403041],[91.6885954,26.239961],[91.688599,26.2395677],[91.6886651,26.2388588],[91.6887403,26.2385228],[91.6888583,26.2379951],[91.6889656,26.2374068],[91.6890353,26.2368294],[91.6890165,26.2362893],[91.6889918,26.2358794],[91.688965,26.2357639],[91.6888967,26.2353505],[91.688865,26.2350178]]}},{"type":"Feature","properties":{"id":1138267116,"highway":"service","name":null,"oneway":null,"junction":null},"geometry":{"type":"LineString","coordinates":[[91.6921507,26.2311255],[91.6912311,26.2288104]]}},{"type":"Feature","properties":{"id":1138267117,"highway":"service","name":null,"oneway":null,"junction":null},"geometry":{"type":"LineString","coordinates":[[91.6901452,26.2328797],[91.6897944,26.2316988]]}},{"type":"Feature","properties":{"id":1138267119,"highway":"service","name":null,"oneway":null,"junction":null},"geometry":{"type":"LineString","coordinates":[[91.6896093,26.2325722],[91.6884586,26.2328272]]}},{"type":"Feature","properties":{"id":1138267120,"highway":"service","name":null,"oneway":null,"junction":null},"geometry":{"type":"LineString","coordinates":[[91.6898574,26.2331363],[91.6896093,26.2325722],[91.6893303,26.2316771]]}},{"type":"Feature","properties":{"id":1138267121,"highway":"service","name":null,"oneway":null,"junction":null},"geometry":{"type":"LineString","coordinates":[[91.6862062,26.2339333],[91.6865094,26.2332106],[91.6866073,26.232993]]}},{"type":"Feature","properties":{"id":1138267122,"highway":"service","name":null,"oneway":null,"junction":null},"geometry":{"type":"LineString","coordinates":[[91.6852909,26.2323123],[91.685653,26.2321716],[91.6856812,26.2321553],[91.6856919,26.2321355],[91.6856919,26.2321078],[91.6856778,26.2320603],[91.6856765,26.2320344],[91.6856919,26.2320074],[91.6859025,26.2318564]]}},{"type":"Feature","properties":{"id":1138267123,"highway":"residential","name":null,"oneway":null,"junction":null},"geometry":{"type":"LineString","coordinates":[[91.6897809,26.2332049],[91.689625,26.2332643],[91.6895235,26.2333317],[91.6891721,26.2335947],[91.6890229,26.2337374],[91.688932,26.2338461],[91.6888415,26.2339694],[91.6886732,26.2342611],[91.6885473,26.2345773],[91.6884772,26.234881],[91.6884603,26.2349851],[91.6885106,26.2352179]]}},{"type":"Feature","properties":{"id":1138267124,"highway":"tertiary","name":null,"oneway":null,"junction":null},"geometry":{"type":"LineString","coordinates":[[91.6827428,26.2353041],[91.6829612,26.2353578],[91.6830606,26.2353766],[91.6833547,26.2354005],[91.6835947,26.2353996],[91.6847236,26.2354572],[91.6854908,26.2354258],[91.6856763,26.2354293],[91.6857214,26.23544],[91.685763,26.2354641],[91.6858021,26.2355002],[91.6858554,26.2356019],[91.6858864,26.2356313],[91.6859306,26.2356457],[91.6860386,26.2356451],[91.6867956,26.2356349],[91.6876266,26.2355443],[91.6878256,26.2354906],[91.6880026,26.2354352],[91.6883376,26.235308],[91.6885106,26.2352179],[91.6888234,26.2350551],[91.688865,26.2350178],[91.6889521,26.2349396],[91.6890648,26.2347688],[91.6893974,26.2343309],[91.6898131,26.2337607],[91.690194,26.2332434],[91.6902825,26.2331015],[91.6903469,26.2329571],[91.6904131,26.2327976]]}},{"type":"Feature","properties":{"id":1138267125,"highway":"tertiary","name":null,"oneway":null,"junction":null},"geometry":{"type":"LineString","coordinates":[[91.6825148,26.2352716],[91.6827428,26.2353041]]}},{"type":"Feature","properties":{"id":1138267126,"highway":"residential","name":null,"oneway":null,"junction":null},"geometry":{"type":"LineString","coordinates":[[91.6829612,26.2353578],[91.682924,26.2355775],[91.6828865,26.236061],[91.6828757,26.2364291],[91.6829053,26.2367082],[91.6829628,26.2369281],[91.6830325,26.237082],[91.6831532,26.2373299],[91.6832069,26.2375295],[91.683231,26.2376679],[91.6832511,26.2379734],[91.683294,26.2383235]]}},{"type":"Feature","properties":{"id":1138267127,"highway":"service","name":null,"oneway":null,"junction":null},"geometry":{"type":"LineString","coordinates":[[91.6809881,26.2350806],[91.6809833,26.2345089]]}},{"type":"Feature","properties":{"id":1138267128,"highway":"residential","name":null,"oneway":null,"junction":null},"geometry":{"type":"LineString","coordinates":[[91.6813719,26.2351951],[91.6811255,26.2358105]]}},{"type":"Feature","properties":{"id":1138271366,"highway":"service","name":null,"oneway":null,"junction":null},"geometry":{"type":"LineString","coordinates":[[91.6910605,26.2387628],[91.6904945,26.2378197],[91.6892983,26.2361597],[91.6892043,26.2360126],[91.6891627,26.2359597],[91.6891106,26.2359215],[91.6889918,26.2358794]]}},{"type":"Feature","properties":{"id":1138271378,"highway":"residential","name":null,"oneway":null,"junction":null},"geometry":{"type":"LineString","coordinates":[[91.6947967,26.23058],[91.694963,26.2314726]]}},{"type":"Feature","properties":{"id":1138299538,"highway":"service","name":null,"oneway":null,"junction":null},"geometry":{"type":"LineString","coordinates":[[91.6830323,26.2337237],[91.683705,26.2337075],[91.6839463,26.233683],[91.6844697,26.2335837],[91.6846624,26.2335469],[91.6849704,26.2335347],[91.6851191,26.2335524],[91.6852238,26.2335442]]}},{"type":"Feature","properties":{"id":1138572715,"highway":"residential","name":null,"oneway":null,"junction":null},"geometry":{"type":"LineString","coordinates":[[91.6549676,26.1888548],[91.6549824,26.1888539],[91.6549962,26.188856],[91.6550092,26.1888611],[91.6550177,26.1888664],[91.6550253,26.1888732],[91.6550336,26.1888849],[91.6551095,26.1893131],[91.6551082,26.1893368],[91.6551008,26.1893517],[91.6550894,26.1893659],[91.6550796,26.1893743],[91.6550695,26.1893808],[91.6550569,26.1893867],[91.6550302,26.1893937],[91.6543026,26.189463],[91.6542647,26.1894634],[91.6542202,26.1894582],[91.6541845,26.1894491],[91.6541526,26.189437],[91.6537456,26.1892742],[91.6537065,26.1892609],[91.6536734,26.1892395],[91.6536513,26.1892164],[91.65364,26.1891991],[91.6536299,26.1891758],[91.6534073,26.188443],[91.6533234,26.1882314],[91.652932,26.1873825]]}},{"type":"Feature","properties":{"id":1138582235,"highway":"service","name":null,"oneway":null,"junction":null},"geometry":{"type":"LineString","coordinates":[[91.6499339,26.1888701],[91.6500791,26.1890355],[91.6501863,26.1891671],[91.6507842,26.1899553]]}},{"type":"Feature","properties":{"id":1140702050,"highway":"residential","name":null,"oneway":null,"junction":null},"geometry":{"type":"LineString","coordinates":[[91.6601366,26.2105725],[91.6605667,26.2106619],[91.6605997,26.2106568],[91.6606255,26.2106404],[91.6606434,26.2106165],[91.660666,26.2105656],[91.6607132,26.2103391],[91.6607382,26.2102536],[91.6607644,26.2101919],[91.6608086,26.2101074]]}},{"type":"Feature","properties":{"id":1140702051,"highway":"service","name":null,"oneway":null,"junction":null},"geometry":{"type":"LineString","coordinates":[[91.6631442,26.2127636],[91.6633877,26.2127649],[91.6634621,26.2127662],[91.663497,26.2127621],[91.6635243,26.212754],[91.6635531,26.2127376],[91.6636138,26.2126859],[91.6636396,26.21266],[91.6636805,26.2126383],[91.6637291,26.2126178],[91.6637746,26.2126097],[91.663811,26.2126083],[91.663943,26.2126165]]}},{"type":"Feature","properties":{"id":1140702052,"highway":"service","name":null,"oneway":null,"junction":null},"geometry":{"type":"LineString","coordinates":[[91.6625386,26.2114573],[91.6626644,26.2112044],[91.6627005,26.2111153],[91.6627655,26.2109292]]}},{"type":"Feature","properties":{"id":1140702053,"highway":"service","name":null,"oneway":null,"junction":null},"geometry":{"type":"LineString","coordinates":[[91.6782801,26.2101219],[91.6789244,26.2101602]]}},{"type":"Feature","properties":{"id":1140702054,"highway":"service","name":null,"oneway":null,"junction":null},"geometry":{"type":"LineString","coordinates":[[91.6777958,26.2104086],[91.6777672,26.2106439],[91.6777748,26.2106897],[91.6778003,26.2107286],[91.6778386,26.210763],[91.6778871,26.2107813],[91.6779534,26.2107859],[91.6780198,26.2107859],[91.6780632,26.2107904],[91.6780989,26.2108042],[91.6781346,26.2108271],[91.6781576,26.2108568],[91.6781703,26.2108889],[91.6781959,26.2109324],[91.6782265,26.2109553]]}},{"type":"Feature","properties":{"id":1140702845,"highway":"service","name":null,"oneway":null,"junction":null},"geometry":{"type":"LineString","coordinates":[[91.6802223,26.2080838],[91.6801426,26.2082696],[91.6801213,26.2083295],[91.6801062,26.208403],[91.680094,26.2085663],[91.6800758,26.2086535],[91.6800546,26.2087025],[91.6800181,26.2087542],[91.6799878,26.208795],[91.6799605,26.2088441],[91.6799362,26.208904],[91.679915,26.208972],[91.6799028,26.2090891],[91.6798725,26.2099004],[91.6798482,26.2107199],[91.6798604,26.2109459],[91.6798846,26.211131],[91.6799453,26.2113406],[91.6800424,26.2115339],[91.6800849,26.2115884],[91.6801335,26.2116292],[91.6801851,26.2116565],[91.6802427,26.2116646],[91.6806767,26.2116673],[91.6808401,26.2116735],[91.6809422,26.2116827],[91.6810008,26.2116941],[91.6810391,26.2117101],[91.6810697,26.2117445],[91.6811208,26.21182],[91.6816694,26.2131021],[91.68182,26.2134272]]}},{"type":"Feature","properties":{"id":1140703445,"highway":"residential","name":null,"oneway":null,"junction":null},"geometry":{"type":"LineString","coordinates":[[91.6798368,26.2136984],[91.6798505,26.2140255],[91.6798474,26.2143536]]}},{"type":"Feature","properties":{"id":1140704534,"highway":"service","name":null,"oneway":null,"junction":null},"geometry":{"type":"LineString","coordinates":[[91.6632002,26.2147356],[91.6631655,26.2151802],[91.6631655,26.2153081],[91.6631686,26.2156212]]}},{"type":"Feature","properties":{"id":1140704535,"highway":"service","name":null,"oneway":null,"junction":null},"geometry":{"type":"LineString","coordinates":[[91.6646669,26.226988],[91.664769,26.2270321],[91.6648119,26.2270436],[91.6649127,26.2270513],[91.6649599,26.2270513],[91.6650265,26.2270532],[91.6650608,26.2270609],[91.6651037,26.2270763],[91.6651616,26.2271033],[91.6652389,26.2271322],[91.6652775,26.2271476],[91.6653075,26.2271726],[91.6653183,26.2271995],[91.665329,26.2272496]]}},{"type":"Feature","properties":{"id":1140719539,"highway":"service","name":null,"oneway":null,"junction":null},"geometry":{"type":"LineString","coordinates":[[91.6555924,26.2054446],[91.6554749,26.2056993],[91.6553687,26.2059062],[91.6552868,26.2060423],[91.6552231,26.2061676],[91.6552049,26.2062465],[91.6551988,26.2063472],[91.655217,26.2064643],[91.655214,26.2065678],[91.6552018,26.2066386],[91.655132,26.2068809]]}},{"type":"Feature","properties":{"id":1140719540,"highway":"service","name":null,"oneway":null,"junction":null},"geometry":{"type":"LineString","coordinates":[[91.6542178,26.2050118],[91.654084,26.2053413],[91.6540089,26.2055184]]}},{"type":"Feature","properties":{"id":1140719541,"highway":"residential","name":null,"oneway":null,"junction":null},"geometry":{"type":"LineString","coordinates":[[91.6517298,26.2042713],[91.6517876,26.2040284],[91.6518273,26.20386],[91.6518307,26.2038247],[91.6518345,26.2037856],[91.6518672,26.2036584],[91.6519437,26.2034371],[91.6519688,26.2032978],[91.6519867,26.2031656],[91.6520065,26.2029048]]}},{"type":"Feature","properties":{"id":1140719542,"highway":"residential","name":null,"oneway":null,"junction":null},"geometry":{"type":"LineString","coordinates":[[91.6518307,26.2038247],[91.6524191,26.2040964]]}},{"type":"Feature","properties":{"id":1140719543,"highway":"service","name":null,"oneway":null,"junction":null},"geometry":{"type":"LineString","coordinates":[[91.6507027,26.2025532],[91.6506339,26.2027929],[91.6506303,26.2028577],[91.6506376,26.2029257],[91.6506736,26.2029872],[91.6507242,26.2030261],[91.6507711,26.2030584],[91.6507999,26.2030973],[91.6507999,26.2031362],[91.6507783,26.2031847],[91.6506592,26.2033693]]}},{"type":"Feature","properties":{"id":1140751257,"highway":"service","name":null,"oneway":null,"junction":null},"geometry":{"type":"LineString","coordinates":[[91.6480719,26.1970523],[91.6481055,26.1971231],[91.6481284,26.1972032],[91.6482535,26.1974894],[91.6483275,26.1976863],[91.6483632,26.1977916],[91.6483811,26.1978855],[91.6483734,26.1979244],[91.6483479,26.1979817],[91.6483045,26.1980183],[91.6482331,26.1980595],[91.6481361,26.1980962],[91.6480136,26.1981236],[91.6478758,26.1981442],[91.6478018,26.1981465],[91.6476593,26.1981474],[91.6475339,26.1981328],[91.6471945,26.1980549],[91.6469036,26.1979908],[91.6468474,26.1979794],[91.646753,26.1979794]]}},{"type":"Feature","properties":{"id":1140751258,"highway":"service","name":null,"oneway":null,"junction":null},"geometry":{"type":"LineString","coordinates":[[91.6454978,26.1967754],[91.6456917,26.1965968],[91.6457249,26.1965578],[91.6457555,26.1965052],[91.6457733,26.1964502],[91.6457912,26.1963289],[91.6458091,26.196219],[91.6458346,26.1961205],[91.6458915,26.1959556]]}},{"type":"Feature","properties":{"id":1140773223,"highway":"service","name":null,"oneway":null,"junction":null},"geometry":{"type":"LineString","coordinates":[[91.6476806,26.1902418],[91.6472218,26.189629]]}},{"type":"Feature","properties":{"id":1140773224,"highway":"service","name":null,"oneway":null,"junction":null},"geometry":{"type":"LineString","coordinates":[[91.6539951,26.1906362],[91.6547454,26.1906715],[91.6556164,26.190759],[91.6560109,26.1907847],[91.6562597,26.1908032],[91.6564828,26.1908252],[91.656781,26.1908597]]}},{"type":"Feature","properties":{"id":1140773614,"highway":"service","name":null,"oneway":null,"junction":null},"geometry":{"type":"LineString","coordinates":[[91.6476191,26.1902801],[91.647947,26.1905565],[91.6481655,26.1907689],[91.6482692,26.1908925],[91.6484173,26.1910684]]}},{"type":"Feature","properties":{"id":1140774382,"highway":"residential","name":null,"oneway":null,"junction":null},"geometry":{"type":"LineString","coordinates":[[91.6585895,26.2081084],[91.6581805,26.2079568],[91.6577042,26.2077778],[91.6576677,26.2077528],[91.6576527,26.2077316],[91.6576398,26.2077046],[91.6576398,26.2076681],[91.6576613,26.2076199],[91.6576613,26.2075949],[91.6576377,26.2075679],[91.657599,26.2075391],[91.6574982,26.2074929]]}},{"type":"Feature","properties":{"id":1140777598,"highway":"residential","name":null,"oneway":null,"junction":null},"geometry":{"type":"LineString","coordinates":[[91.6811193,26.2141978],[91.6811225,26.2142982],[91.6811377,26.2143717],[91.6811862,26.2146004],[91.6812044,26.2146685],[91.6812196,26.2147066],[91.6812408,26.214742],[91.6812712,26.2147746],[91.6813167,26.2148209]]}},{"type":"Feature","properties":{"id":1140777599,"highway":"residential","name":null,"oneway":null,"junction":null},"geometry":{"type":"LineString","coordinates":[[91.6814248,26.2140647],[91.6816293,26.2145977],[91.6816475,26.2146331],[91.6816748,26.2146603],[91.6817142,26.2146766],[91.6817598,26.2146821],[91.6819904,26.2146167],[91.6823821,26.214486]]}},{"type":"Feature","properties":{"id":1140786203,"highway":"residential","name":null,"oneway":null,"junction":null},"geometry":{"type":"LineString","coordinates":[[91.6825132,26.2148879],[91.6825259,26.2149965],[91.6825472,26.21507],[91.6825866,26.2151735],[91.6826048,26.215217],[91.6826048,26.2152497],[91.6825897,26.2152878],[91.6825381,26.2153395],[91.682444,26.2154321]]}},{"type":"Feature","properties":{"id":1140786204,"highway":"residential","name":null,"oneway":null,"junction":null},"geometry":{"type":"LineString","coordinates":[[91.6837781,26.2156909],[91.6835005,26.2157915],[91.6833882,26.2158541],[91.683306,26.2159061],[91.6832652,26.215945],[91.6832346,26.2159817],[91.6832091,26.2160274],[91.6831937,26.2160709],[91.6831861,26.2162701]]}},{"type":"Feature","properties":{"id":1140786205,"highway":"service","name":null,"oneway":null,"junction":null},"geometry":{"type":"LineString","coordinates":[[91.6840053,26.2162554],[91.6843899,26.2161193]]}},{"type":"Feature","properties":{"id":1140786206,"highway":"residential","name":null,"oneway":null,"junction":null},"geometry":{"type":"LineString","coordinates":[[91.6847663,26.2148749],[91.6850968,26.2148268],[91.6853184,26.2147914],[91.6853578,26.2147941],[91.6853984,26.2148131],[91.6854398,26.2148485],[91.6855611,26.2149438],[91.6856158,26.2149983],[91.6856522,26.2150309],[91.6856825,26.2150609],[91.6857038,26.2151017],[91.6857046,26.2151782],[91.6856767,26.2152561],[91.6856767,26.2152888],[91.6856938,26.2153139],[91.6857303,26.2153331],[91.6859835,26.2154794],[91.6860393,26.2155006],[91.6861251,26.215516],[91.686194,26.2155185],[91.6863805,26.2155006]]}},{"type":"Feature","properties":{"id":1140786207,"highway":"residential","name":null,"oneway":null,"junction":null},"geometry":{"type":"LineString","coordinates":[[91.6847052,26.2146454],[91.6850627,26.2145652],[91.6851671,26.2145465],[91.6852032,26.2145499],[91.685226,26.2145686],[91.6852488,26.2145942],[91.6853578,26.2147941]]}},{"type":"Feature","properties":{"id":1140787895,"highway":"residential","name":null,"oneway":null,"junction":null},"geometry":{"type":"LineString","coordinates":[[91.6845945,26.2142272],[91.6849645,26.2141908],[91.6853146,26.2141604],[91.6854162,26.2141604]]}},{"type":"Feature","properties":{"id":1140787896,"highway":"residential","name":null,"oneway":null,"junction":null},"geometry":{"type":"LineString","coordinates":[[91.6845044,26.2138177],[91.6846136,26.2137919],[91.6846727,26.2137727],[91.6847291,26.2137461],[91.684807,26.2136931],[91.6848446,26.2136642],[91.6848768,26.213657],[91.6850299,26.2136257],[91.6852447,26.2135534],[91.6854059,26.2134835]]}},{"type":"Feature","properties":{"id":1140787897,"highway":"residential","name":null,"oneway":null,"junction":null},"geometry":{"type":"LineString","coordinates":[[91.684285,26.2131077],[91.6844341,26.2130517],[91.684493,26.2130313],[91.6845443,26.2130176],[91.684586,26.2130193],[91.6846202,26.2130261],[91.6846563,26.2130466],[91.6846943,26.2130619],[91.6847304,26.2130721],[91.6847551,26.2130738],[91.6848234,26.2130602],[91.6850456,26.2130432]]}},{"type":"Feature","properties":{"id":1140790930,"highway":"residential","name":null,"oneway":null,"junction":null},"geometry":{"type":"LineString","coordinates":[[91.6849837,26.2109174],[91.6852742,26.2108987],[91.6853084,26.2108936],[91.6853331,26.2108748],[91.6853654,26.2108135],[91.6854394,26.2106568],[91.6854603,26.2106125],[91.6854717,26.2105835],[91.6854698,26.2105528],[91.6854565,26.2104881],[91.6854565,26.2104506],[91.6854586,26.21025]]}},{"type":"Feature","properties":{"id":1140790931,"highway":"service","name":null,"oneway":null,"junction":null},"geometry":{"type":"LineString","coordinates":[[91.6825391,26.208044],[91.6825733,26.2086814],[91.682615,26.2092948],[91.6826378,26.2094413],[91.6826796,26.2095844],[91.6829341,26.210334]]}},{"type":"Feature","properties":{"id":1140790932,"highway":"residential","name":null,"oneway":null,"junction":null},"geometry":{"type":"LineString","coordinates":[[91.6813048,26.210962],[91.6815893,26.2109295],[91.681648,26.2109295],[91.6816955,26.2109235],[91.6817542,26.2109093],[91.6821257,26.2107966]]}},{"type":"Feature","properties":{"id":1140790933,"highway":"service","name":null,"oneway":null,"junction":null},"geometry":{"type":"LineString","coordinates":[[91.6816798,26.2112021],[91.6818243,26.211196],[91.6819101,26.2111879],[91.6819643,26.2111717],[91.6820501,26.2111312],[91.6822294,26.2109929]]}},{"type":"Feature","properties":{"id":1140796479,"highway":"service","name":null,"oneway":null,"junction":null},"geometry":{"type":"LineString","coordinates":[[91.6940288,26.2129605],[91.6941621,26.2130233],[91.6942117,26.2130436],[91.6942456,26.2130618],[91.6943043,26.2130963],[91.694345,26.2131307],[91.6943924,26.2131813],[91.6944309,26.2132361]]}},{"type":"Feature","properties":{"id":1140796480,"highway":"residential","name":null,"oneway":null,"junction":null},"geometry":{"type":"LineString","coordinates":[[91.6947367,26.2129993],[91.694774,26.2129078],[91.6947831,26.2128774],[91.6947786,26.212845],[91.6947537,26.2128065],[91.6944805,26.2126282],[91.6944376,26.2125958],[91.6944127,26.2125695],[91.6943992,26.2125411],[91.694406,26.2125006],[91.694424,26.2124803],[91.6945076,26.2123709]]}},{"type":"Feature","properties":{"id":1140840643,"highway":"service","name":null,"oneway":null,"junction":null},"geometry":{"type":"LineString","coordinates":[[91.70191,26.2196949],[91.7012022,26.2196824],[91.7006315,26.2196723],[91.7005809,26.2196549],[91.7005381,26.2196304],[91.7004992,26.2195745],[91.7004953,26.2195117],[91.700503,26.2194034]]}},{"type":"Feature","properties":{"id":1140840644,"highway":"service","name":null,"oneway":null,"junction":null},"geometry":{"type":"LineString","coordinates":[[91.7012022,26.2196824],[91.7012418,26.2187228],[91.7012392,26.2186059],[91.701232,26.2182763]]}},{"type":"Feature","properties":{"id":1140840645,"highway":"service","name":null,"oneway":null,"junction":null},"geometry":{"type":"LineString","coordinates":[[91.702554,26.2178807],[91.7023441,26.2178506],[91.701951,26.2178163],[91.7018028,26.217783],[91.7017241,26.2177623],[91.7016222,26.2177457],[91.7015574,26.2177373],[91.7013398,26.217729]]}},{"type":"Feature","properties":{"id":1140840646,"highway":"service","name":null,"oneway":null,"junction":null},"geometry":{"type":"LineString","coordinates":[[91.7012392,26.2186059],[91.7014675,26.2185985],[91.7015831,26.2185911],[91.7016272,26.2185862],[91.701663,26.2185664],[91.7016878,26.2185294],[91.7016988,26.2184454],[91.7017039,26.2181464]]}},{"type":"Feature","properties":{"id":1140840647,"highway":"service","name":null,"oneway":null,"junction":null},"geometry":{"type":"LineString","coordinates":[[91.701707,26.2179637],[91.701718,26.2179193],[91.7017346,26.2178649],[91.7018028,26.217783]]}},{"type":"Feature","properties":{"id":1140840648,"highway":"service","name":null,"oneway":null,"junction":null},"geometry":{"type":"LineString","coordinates":[[91.7017039,26.2181464],[91.701707,26.2179637]]}},{"type":"Feature","properties":{"id":1140840649,"highway":"service","name":null,"oneway":null,"junction":null},"geometry":{"type":"LineString","coordinates":[[91.6974855,26.218529],[91.6976185,26.2183659],[91.6976763,26.2182942],[91.6977066,26.2182621],[91.6977479,26.2182226],[91.6977892,26.2181979],[91.6979902,26.2180917]]}},{"type":"Feature","properties":{"id":1140840650,"highway":"unclassified","name":null,"oneway":null,"junction":null},"geometry":{"type":"LineString","coordinates":[[91.6979791,26.2203625],[91.6980698,26.2203198]]}},{"type":"Feature","properties":{"id":1140845171,"highway":"service","name":null,"oneway":null,"junction":null},"geometry":{"type":"LineString","coordinates":[[91.6984344,26.2232001],[91.698264,26.2231934],[91.6978274,26.2231764],[91.6977267,26.2231649],[91.6974935,26.2231382],[91.6972643,26.2231],[91.6971922,26.2230971],[91.6971431,26.223103],[91.6970907,26.2231294],[91.6970711,26.2231676]]}},{"type":"Feature","properties":{"id":1140845172,"highway":"service","name":null,"oneway":null,"junction":null},"geometry":{"type":"LineString","coordinates":[[91.6970711,26.2231676],[91.6970449,26.2232498],[91.6970416,26.2232968],[91.6970514,26.223335],[91.6970907,26.2233644],[91.6971628,26.2233791],[91.6976081,26.2233849],[91.6976572,26.2233732],[91.6976932,26.2233468],[91.6977096,26.2233115],[91.6977267,26.2231649]]}},{"type":"Feature","properties":{"id":1140845173,"highway":"service","name":null,"oneway":null,"junction":null},"geometry":{"type":"LineString","coordinates":[[91.698264,26.2231934],[91.6981755,26.2238116],[91.6981277,26.2241136],[91.6980829,26.2243973],[91.698078,26.2244245],[91.6980575,26.2245399],[91.6979999,26.2248642],[91.6979802,26.2250404],[91.6979769,26.225296],[91.6979933,26.2253959],[91.6980268,26.2255191],[91.6980916,26.2257429],[91.6981843,26.2259808]]}},{"type":"Feature","properties":{"id":1140845174,"highway":"service","name":null,"oneway":null,"junction":null},"geometry":{"type":"LineString","coordinates":[[91.6970078,26.2240036],[91.6970962,26.2239919],[91.697142,26.2239742],[91.6972075,26.2239449],[91.6972763,26.2239214],[91.6973581,26.2239096],[91.6974465,26.2239096],[91.6975087,26.2239184],[91.6975578,26.2239449],[91.6976528,26.2240359],[91.6976888,26.2240741],[91.6977281,26.2240947],[91.6978001,26.2241035],[91.6981277,26.2241136]]}},{"type":"Feature","properties":{"id":1140845175,"highway":"service","name":null,"oneway":null,"junction":null},"geometry":{"type":"LineString","coordinates":[[91.6970438,26.2244236],[91.698078,26.2244245]]}},{"type":"Feature","properties":{"id":1140845176,"highway":"service","name":null,"oneway":null,"junction":null},"geometry":{"type":"LineString","coordinates":[[91.697142,26.2247085],[91.6974596,26.224685],[91.6975087,26.2246733],[91.6975578,26.2246498],[91.697607,26.2246087],[91.6976561,26.2245734],[91.6977183,26.2245411],[91.6977707,26.2245352],[91.697846,26.2245382],[91.6980575,26.2245399]]}},{"type":"Feature","properties":{"id":1140845177,"highway":"service","name":null,"oneway":null,"junction":null},"geometry":{"type":"LineString","coordinates":[[91.6976593,26.2253577],[91.6976299,26.2255574],[91.6976397,26.2256191],[91.6976528,26.2256543],[91.697679,26.2256896],[91.6977379,26.2257013],[91.6980916,26.2257429]]}},{"type":"Feature","properties":{"id":1140845178,"highway":"service","name":null,"oneway":null,"junction":null},"geometry":{"type":"LineString","coordinates":[[91.697309,26.2263769],[91.6974531,26.2263886],[91.6975316,26.2264062],[91.6975742,26.2264239],[91.6979024,26.2266286]]}},{"type":"Feature","properties":{"id":1140845179,"highway":"service","name":null,"oneway":null,"junction":null},"geometry":{"type":"LineString","coordinates":[[91.696184,26.2282334],[91.6959862,26.2279042],[91.6959436,26.2278014],[91.6959174,26.2276839],[91.695924,26.2276252],[91.6959371,26.22754],[91.6959404,26.2274871],[91.6959305,26.227446],[91.6955704,26.2270671]]}},{"type":"Feature","properties":{"id":1140847278,"highway":"service","name":null,"oneway":null,"junction":null},"geometry":{"type":"LineString","coordinates":[[91.698534,26.2236964],[91.698842,26.2238022],[91.6989438,26.2238251],[91.6990364,26.2238376],[91.6993374,26.2238583]]}},{"type":"Feature","properties":{"id":1140847279,"highway":"service","name":null,"oneway":null,"junction":null},"geometry":{"type":"LineString","coordinates":[[91.6968706,26.2267825],[91.6971183,26.2268947],[91.6971947,26.2269258],[91.6973059,26.2269611],[91.6976228,26.227051]]}},{"type":"Feature","properties":{"id":1140847280,"highway":"service","name":null,"oneway":null,"junction":null},"geometry":{"type":"LineString","coordinates":[[91.6943654,26.2293111],[91.6942152,26.229103],[91.6941763,26.2290331],[91.694151,26.2289702],[91.6941159,26.228848],[91.6940614,26.2286245]]}},{"type":"Feature","properties":{"id":1140849483,"highway":"service","name":null,"oneway":null,"junction":null},"geometry":{"type":"LineString","coordinates":[[91.6982865,26.2272892],[91.6985847,26.2273105],[91.6986219,26.2272811],[91.6988763,26.2273012],[91.6990826,26.2273]]}},{"type":"Feature","properties":{"id":1140849484,"highway":"service","name":null,"oneway":null,"junction":null},"geometry":{"type":"LineString","coordinates":[[91.6996804,26.2304951],[91.699688,26.2299273],[91.699688,26.2297457],[91.6996919,26.229599],[91.6996865,26.2295222],[91.699681,26.2294753],[91.69967,26.2294357],[91.6996342,26.2293814],[91.6995709,26.2293369],[91.6993864,26.2291912]]}},{"type":"Feature","properties":{"id":1140849485,"highway":"service","name":null,"oneway":null,"junction":null},"geometry":{"type":"LineString","coordinates":[[91.6995302,26.2277324],[91.6994757,26.2280608],[91.6994757,26.2281236],[91.6994913,26.228176],[91.6995419,26.2282075],[91.6996782,26.2282354],[91.70024,26.2283058]]}},{"type":"Feature","properties":{"id":1140849486,"highway":"service","name":null,"oneway":null,"junction":null},"geometry":{"type":"LineString","coordinates":[[91.7021557,26.2221479],[91.7024505,26.2221806],[91.7044675,26.2223346]]}},{"type":"Feature","properties":{"id":1140850618,"highway":"residential","name":null,"oneway":null,"junction":null},"geometry":{"type":"LineString","coordinates":[[91.6976335,26.2208771],[91.6981032,26.2207708]]}},{"type":"Feature","properties":{"id":1140851043,"highway":"service","name":null,"oneway":null,"junction":null},"geometry":{"type":"LineString","coordinates":[[91.7002358,26.2283849],[91.7001193,26.2283987],[91.7000515,26.2284153],[91.6999929,26.2284347],[91.6999251,26.2284789],[91.699885,26.2285287],[91.6998603,26.2285813],[91.6998388,26.2289823],[91.6998542,26.2290293],[91.6998912,26.229057],[91.6999559,26.2290846],[91.7000145,26.2290902],[91.7001977,26.2290963]]}},{"type":"Feature","properties":{"id":1142424180,"highway":"secondary","name":null,"oneway":null,"junction":null},"geometry":{"type":"LineString","coordinates":[[91.7019317,26.1853339],[91.7024414,26.1855228],[91.7032475,26.1858223],[91.7038756,26.1860633],[91.7044608,26.1862791],[91.7057061,26.186652],[91.7060697,26.1867203],[91.7063673,26.1867431],[91.7067126,26.1867512],[91.7087381,26.1868228],[91.7092158,26.1868471],[91.7098618,26.1869218],[91.7106194,26.1870066],[91.7107768,26.1870284],[91.7108509,26.187049]]}},{"type":"Feature","properties":{"id":1142424181,"highway":"secondary","name":null,"oneway":null,"junction":null},"geometry":{"type":"LineString","coordinates":[[91.7016513,26.1852406],[91.7019317,26.1853339]]}},{"type":"Feature","properties":{"id":1143880032,"highway":"unclassified","name":null,"oneway":null,"junction":null},"geometry":{"type":"LineString","coordinates":[[91.6873193,26.1678804],[91.6871595,26.1679238],[91.6869648,26.1680274]]}},{"type":"Feature","properties":{"id":1144581261,"highway":"residential","name":null,"oneway":null,"junction":null},"geometry":{"type":"LineString","coordinates":[[91.6862877,26.1716481],[91.6863869,26.1716402],[91.6867537,26.1716884],[91.6870885,26.1717522]]}},{"type":"Feature","properties":{"id":1144581262,"highway":"residential","name":null,"oneway":null,"junction":null},"geometry":{"type":"LineString","coordinates":[[91.6870885,26.1717522],[91.6872885,26.171808]]}},{"type":"Feature","properties":{"id":1144616946,"highway":"residential","name":null,"oneway":null,"junction":null},"geometry":{"type":"LineString","coordinates":[[91.691434,26.171117],[91.6913672,26.1712625],[91.6913521,26.1713099],[91.6913422,26.1713651],[91.6913202,26.171423],[91.6912883,26.1714679],[91.6912094,26.1715605],[91.6908726,26.1719322]]}},{"type":"Feature","properties":{"id":1144616947,"highway":"residential","name":null,"oneway":null,"junction":null},"geometry":{"type":"LineString","coordinates":[[91.6901606,26.1699944],[91.6903082,26.1698319],[91.6903812,26.1697394],[91.6904163,26.169671],[91.690437,26.1696027],[91.690467,26.1694409],[91.6904863,26.1693388],[91.6905249,26.1692426],[91.6905807,26.169154]]}},{"type":"Feature","properties":{"id":1144616948,"highway":"residential","name":null,"oneway":null,"junction":null},"geometry":{"type":"LineString","coordinates":[[91.701745,26.1860928],[91.7022827,26.1861691]]}},{"type":"Feature","properties":{"id":1144616949,"highway":"residential","name":null,"oneway":null,"junction":null},"geometry":{"type":"LineString","coordinates":[[91.7010569,26.1859873],[91.7015153,26.1860602]]}},{"type":"Feature","properties":{"id":1144616950,"highway":"residential","name":null,"oneway":null,"junction":null},"geometry":{"type":"LineString","coordinates":[[91.7015153,26.1860602],[91.701745,26.1860928]]}},{"type":"Feature","properties":{"id":1144616951,"highway":"service","name":null,"oneway":null,"junction":null},"geometry":{"type":"LineString","coordinates":[[91.6985637,26.1904632],[91.6988741,26.1904371],[91.6989276,26.1904188],[91.698971,26.190389],[91.6989991,26.1903432],[91.6989991,26.1902837],[91.6989532,26.1896838],[91.6988689,26.1888205],[91.6987353,26.1876279]]}},{"type":"Feature","properties":{"id":1144616952,"highway":"residential","name":null,"oneway":null,"junction":null},"geometry":{"type":"LineString","coordinates":[[91.7057061,26.186652],[91.7056319,26.1868725],[91.7056035,26.1869004],[91.7055717,26.1869061],[91.7048295,26.1867874],[91.7047363,26.1867755],[91.7046273,26.1867666],[91.7043719,26.18676],[91.7040782,26.1867315],[91.7040444,26.186729],[91.7040081,26.1867379],[91.7039826,26.1867632],[91.703952,26.1868397],[91.7038302,26.1871443],[91.7034303,26.1880576]]}},{"type":"Feature","properties":{"id":1144616953,"highway":"service","name":null,"oneway":null,"junction":null},"geometry":{"type":"LineString","coordinates":[[91.7027618,26.1891897],[91.7012157,26.1888565],[91.7009932,26.1888086]]}},{"type":"Feature","properties":{"id":1144616954,"highway":"service","name":null,"oneway":null,"junction":null},"geometry":{"type":"LineString","coordinates":[[91.7007958,26.1887661],[91.700505,26.1887034]]}},{"type":"Feature","properties":{"id":1144616955,"highway":"service","name":null,"oneway":null,"junction":null},"geometry":{"type":"LineString","coordinates":[[91.7009932,26.1888086],[91.7007958,26.1887661]]}},{"type":"Feature","properties":{"id":1144616956,"highway":"service","name":null,"oneway":null,"junction":null},"geometry":{"type":"LineString","coordinates":[[91.7012157,26.1888565],[91.7014749,26.1879456]]}},{"type":"Feature","properties":{"id":1144616957,"highway":"unclassified","name":null,"oneway":null,"junction":null},"geometry":{"type":"LineString","coordinates":[[91.701355,26.1920495],[91.7026157,26.1920185],[91.7026892,26.192032],[91.7027161,26.1920617],[91.7027591,26.1929931],[91.7027252,26.193852],[91.7026997,26.1939263],[91.702636,26.1939664],[91.701546,26.193995],[91.7014568,26.1939606],[91.7014185,26.1938977],[91.7013891,26.1930422],[91.701355,26.1920495],[91.7014313,26.191135],[91.7014094,26.1910859],[91.7004662,26.1908741]]}},{"type":"Feature","properties":{"id":1144616958,"highway":"unclassified","name":null,"oneway":null,"junction":null},"geometry":{"type":"LineString","coordinates":[[91.7004662,26.1908741],[91.7002234,26.1908018]]}},{"type":"Feature","properties":{"id":1144621134,"highway":"residential","name":null,"oneway":null,"junction":null},"geometry":{"type":"LineString","coordinates":[[91.7012056,26.1850792],[91.7012676,26.1848828],[91.7017831,26.1834562]]}},{"type":"Feature","properties":{"id":1144621135,"highway":"service","name":null,"oneway":null,"junction":null},"geometry":{"type":"LineString","coordinates":[[91.6986068,26.1841211],[91.69863,26.1840328],[91.6986585,26.1839406],[91.6986713,26.1838174],[91.6986799,26.1837018],[91.6986971,26.1836017],[91.6987228,26.1835074],[91.6987722,26.1833533]]}},{"type":"Feature","properties":{"id":1144621136,"highway":"residential","name":null,"oneway":null,"junction":null},"geometry":{"type":"LineString","coordinates":[[91.6948083,26.1825211],[91.6947268,26.1827293],[91.6946871,26.1828896],[91.6946365,26.1831681],[91.6946167,26.1832118],[91.6945878,26.1832361],[91.694512,26.1832798],[91.6944597,26.1833106],[91.694411,26.1833559],[91.6943774,26.1834716],[91.6943677,26.1834968],[91.6943551,26.1836441],[91.6943406,26.1836733],[91.6943009,26.183704],[91.6942107,26.1837623],[91.6941746,26.1837963],[91.6941602,26.1838319],[91.6941594,26.1838681],[91.6941548,26.1840635]]}},{"type":"Feature","properties":{"id":1144621137,"highway":"residential","name":null,"oneway":null,"junction":null},"geometry":{"type":"LineString","coordinates":[[91.6949649,26.1840959],[91.6950173,26.1836652],[91.6950515,26.1833397],[91.6950912,26.1830984],[91.6951183,26.1829883],[91.6951598,26.182896],[91.6952331,26.182738]]}},{"type":"Feature","properties":{"id":1144621138,"highway":"residential","name":null,"oneway":null,"junction":null},"geometry":{"type":"LineString","coordinates":[[91.6935247,26.1833542],[91.6935225,26.1827611],[91.6935323,26.1826128],[91.6935397,26.1825223],[91.6935591,26.1823101]]}},{"type":"Feature","properties":{"id":1144621139,"highway":"service","name":null,"oneway":null,"junction":null},"geometry":{"type":"LineString","coordinates":[[91.696112,26.1832391],[91.6960146,26.1835754],[91.6959797,26.1836374],[91.695934,26.1836962],[91.6958508,26.1838212]]}},{"type":"Feature","properties":{"id":1144628250,"highway":"service","name":null,"oneway":null,"junction":null},"geometry":{"type":"LineString","coordinates":[[91.6988623,26.1864421],[91.698921,26.1864515],[91.6989661,26.1864668],[91.6990141,26.1864963],[91.6990636,26.1865502],[91.6991051,26.1866053],[91.6991252,26.1866425],[91.6991316,26.186679]]}},{"type":"Feature","properties":{"id":1144628251,"highway":"unclassified","name":null,"oneway":null,"junction":null},"geometry":{"type":"LineString","coordinates":[[91.6897054,26.1879314],[91.6897606,26.1879263],[91.6898104,26.1879108],[91.6898736,26.1878848],[91.6899215,26.187861],[91.6899782,26.187823]]}},{"type":"Feature","properties":{"id":1144636076,"highway":"service","name":null,"oneway":null,"junction":null},"geometry":{"type":"LineString","coordinates":[[91.688902,26.1875774],[91.6888009,26.1873754],[91.6887623,26.187256],[91.688728,26.1870461],[91.6886872,26.1867438],[91.6886529,26.1866167],[91.6886057,26.1864838],[91.6885422,26.1862647],[91.688522,26.1861999],[91.6884705,26.1860352],[91.6884297,26.18586],[91.688411,26.1857502],[91.6883948,26.1856289],[91.6883683,26.1853689],[91.6883565,26.1852744],[91.6883396,26.1851822],[91.6883159,26.185078],[91.6882795,26.184928],[91.6882626,26.1848462],[91.6882559,26.1847643],[91.6882495,26.1846642],[91.6882519,26.184624],[91.6882619,26.1845933],[91.6882809,26.1845696],[91.6883044,26.184554],[91.6886847,26.18453],[91.6888811,26.1845128],[91.6889909,26.1844876],[91.68907,26.1844533],[91.6891223,26.1844235],[91.689158,26.184388],[91.6891835,26.1843285],[91.6892167,26.1841739],[91.6892222,26.1841199],[91.6892295,26.184048],[91.6892346,26.1839701],[91.6892282,26.1838739],[91.689209,26.1837984],[91.6891555,26.1836598],[91.689137,26.1836203],[91.6891082,26.1835808],[91.6890751,26.1835436],[91.6890291,26.1835064],[91.6889653,26.183448],[91.6889437,26.1834034],[91.6889411,26.183345],[91.688959,26.1832866],[91.6889909,26.1832385],[91.6892699,26.182927],[91.6893281,26.1828839],[91.6893766,26.1828656],[91.6895233,26.1828462],[91.6897045,26.1828462],[91.6901307,26.1829492],[91.690197,26.1829538],[91.6902531,26.1829435],[91.6903195,26.1829263],[91.6905759,26.1828484],[91.6906257,26.1828404],[91.6906946,26.1828404],[91.6908196,26.1828347],[91.6908566,26.1828256],[91.6908834,26.1828118],[91.6909038,26.1827901],[91.6909141,26.1827626],[91.6909357,26.1826321],[91.6909523,26.1826011],[91.6909791,26.1825794],[91.6910126,26.1825616],[91.6911164,26.1825446],[91.6912671,26.1825446],[91.6919843,26.1825389],[91.6921052,26.1825365],[91.6921539,26.1825575],[91.6921846,26.1825899],[91.6922089,26.1826272],[91.6922405,26.1827316],[91.6922648,26.1828498],[91.6922687,26.1832219],[91.6922333,26.1840798]]}},{"type":"Feature","properties":{"id":1144636077,"highway":"service","name":null,"oneway":null,"junction":null},"geometry":{"type":"LineString","coordinates":[[91.6892222,26.1841199],[91.6893336,26.1841211],[91.689439,26.1841305],[91.6896939,26.1841646],[91.6897985,26.1841811],[91.689894,26.1841976]]}},{"type":"Feature","properties":{"id":1144636078,"highway":"service","name":null,"oneway":null,"junction":null},"geometry":{"type":"LineString","coordinates":[[91.6878298,26.1839283],[91.6878694,26.1841836],[91.6878949,26.1842615],[91.687928,26.1843359],[91.6879752,26.1844023],[91.6880263,26.1844447],[91.6881398,26.184495],[91.6883044,26.184554]]}},{"type":"Feature","properties":{"id":1144636079,"highway":"service","name":null,"oneway":null,"junction":null},"geometry":{"type":"LineString","coordinates":[[91.6820137,26.1840945],[91.6824822,26.183947],[91.6828244,26.1838295],[91.6829702,26.1837794]]}},{"type":"Feature","properties":{"id":1144638733,"highway":"residential","name":null,"oneway":null,"junction":null},"geometry":{"type":"LineString","coordinates":[[91.6941594,26.1838681],[91.693542,26.1838737],[91.693439,26.183866],[91.6933253,26.1838487],[91.6931944,26.1838217],[91.6930614,26.183814],[91.6929498,26.1838294],[91.6928575,26.1838776],[91.69284,26.1839084],[91.6928275,26.183997]]}},{"type":"Feature","properties":{"id":1144638734,"highway":"residential","name":null,"oneway":null,"junction":null},"geometry":{"type":"LineString","coordinates":[[91.686221,26.183147],[91.6862748,26.1832426],[91.6863279,26.1833175],[91.6864098,26.1833964],[91.6864887,26.1834632],[91.6865673,26.1835149],[91.6867179,26.1835816],[91.6868544,26.1836293],[91.6869849,26.1836647],[91.6871525,26.183701]]}},{"type":"Feature","properties":{"id":1144638735,"highway":"residential","name":null,"oneway":null,"junction":null},"geometry":{"type":"LineString","coordinates":[[91.6850691,26.1884801],[91.68513,26.1884643],[91.6853351,26.1884322],[91.6857579,26.1883942]]}},{"type":"Feature","properties":{"id":1144638736,"highway":"service","name":null,"oneway":null,"junction":null},"geometry":{"type":"LineString","coordinates":[[91.6890979,26.1828816],[91.6887398,26.1832801],[91.688699,26.183334],[91.6886518,26.1834149],[91.688508,26.1837153]]}},{"type":"Feature","properties":{"id":1144641792,"highway":"residential","name":null,"oneway":null,"junction":null},"geometry":{"type":"LineString","coordinates":[[91.6848114,26.1712104],[91.6848944,26.1708979],[91.6849376,26.1707663],[91.6849581,26.1707098],[91.6850007,26.1706347]]}},{"type":"Feature","properties":{"id":1144641793,"highway":"residential","name":null,"oneway":null,"junction":null},"geometry":{"type":"LineString","coordinates":[[91.6852719,26.1696014],[91.6852437,26.1698391],[91.6852169,26.1699777],[91.6851257,26.1703777],[91.685038,26.1705832],[91.6850007,26.1706347]]}},{"type":"Feature","properties":{"id":1144641794,"highway":"residential","name":null,"oneway":null,"junction":null},"geometry":{"type":"LineString","coordinates":[[91.6838789,26.1697933],[91.6838948,26.1698158],[91.6839107,26.1698319],[91.6839481,26.1698518],[91.6842704,26.1699418],[91.6843372,26.1699742],[91.6844274,26.1700422],[91.6844788,26.1700706],[91.6845339,26.1700827],[91.6847273,26.1700996]]}},{"type":"Feature","properties":{"id":1144641795,"highway":"residential","name":null,"oneway":null,"junction":null},"geometry":{"type":"LineString","coordinates":[[91.6822182,26.1707605],[91.6829703,26.1708549],[91.6830236,26.170858],[91.6830723,26.1708402],[91.6831155,26.1708078],[91.68316,26.1707187],[91.6832761,26.1704119],[91.6835216,26.1697633],[91.6835522,26.169726],[91.6835775,26.1697115],[91.6836208,26.1696985],[91.6836641,26.1697017],[91.6836966,26.1697082],[91.6838384,26.169769],[91.6838789,26.1697933]]}},{"type":"Feature","properties":{"id":1144641796,"highway":"residential","name":null,"oneway":null,"junction":null},"geometry":{"type":"LineString","coordinates":[[91.6832761,26.1704119],[91.6832237,26.1704028],[91.6825372,26.1702832],[91.6825191,26.1702767],[91.6824929,26.1702672],[91.6824457,26.1702315],[91.6824006,26.1701718],[91.6823835,26.1701102],[91.6823813,26.1700505],[91.6823921,26.1699802],[91.6824114,26.169908],[91.6825249,26.1697042],[91.6825284,26.1696671]]}},{"type":"Feature","properties":{"id":1144641797,"highway":"residential","name":null,"oneway":null,"junction":null},"geometry":{"type":"LineString","coordinates":[[91.6838244,26.170084],[91.6851257,26.1703777],[91.6851822,26.1703905],[91.685773,26.1705248]]}},{"type":"Feature","properties":{"id":1144646903,"highway":"service","name":null,"oneway":null,"junction":null},"geometry":{"type":"LineString","coordinates":[[91.6976459,26.1880521],[91.6975893,26.1879449],[91.6975587,26.1878429],[91.6975496,26.1877765],[91.6975442,26.1870592]]}},{"type":"Feature","properties":{"id":1144656056,"highway":"residential","name":null,"oneway":null,"junction":null},"geometry":{"type":"LineString","coordinates":[[91.729556,26.2021102],[91.7300065,26.2022148],[91.7302868,26.2022736],[91.7307491,26.2023705],[91.7308404,26.2023897],[91.7310272,26.2024162],[91.7312263,26.2024597],[91.731339,26.2024886],[91.7314432,26.202533],[91.7317478,26.2027075],[91.731803,26.2027391],[91.7318393,26.2027642],[91.7323133,26.2030917],[91.7327097,26.2033604],[91.7327726,26.203403],[91.7329494,26.2035109],[91.733097,26.2035866],[91.7344112,26.2040499],[91.7346926,26.2041612],[91.7349738,26.2042725],[91.7355124,26.2044573],[91.7360894,26.2046256]]}},{"type":"Feature","properties":{"id":1144656058,"highway":"residential","name":null,"oneway":null,"junction":null},"geometry":{"type":"LineString","coordinates":[[91.7261426,26.2016903],[91.7265075,26.2018146],[91.7267601,26.2019134],[91.7271165,26.2020387]]}},{"type":"Feature","properties":{"id":1144659744,"highway":"residential","name":null,"oneway":null,"junction":null},"geometry":{"type":"LineString","coordinates":[[91.7346926,26.2041612],[91.7347293,26.2039881],[91.7347708,26.2037388],[91.7348303,26.2033518],[91.7349535,26.2027168]]}},{"type":"Feature","properties":{"id":1144659745,"highway":"residential","name":null,"oneway":null,"junction":null},"geometry":{"type":"LineString","coordinates":[[91.7315567,26.2030582],[91.7317478,26.2027075]]}},{"type":"Feature","properties":{"id":1144659746,"highway":"residential","name":null,"oneway":null,"junction":null},"geometry":{"type":"LineString","coordinates":[[91.7405783,26.2092914],[91.7407422,26.2096345],[91.7407664,26.2096604],[91.7407968,26.2096808],[91.74084,26.2096903],[91.7408924,26.2096862],[91.7414356,26.2096045],[91.7420478,26.2095345]]}},{"type":"Feature","properties":{"id":1144661715,"highway":"residential","name":null,"oneway":null,"junction":null},"geometry":{"type":"LineString","coordinates":[[91.7388297,26.2088999],[91.7389513,26.2091427],[91.7391815,26.2096327],[91.7393805,26.210139]]}},{"type":"Feature","properties":{"id":1144661716,"highway":"residential","name":null,"oneway":null,"junction":null},"geometry":{"type":"LineString","coordinates":[[91.7377374,26.2105032],[91.7376209,26.2100298],[91.737603,26.2099245],[91.7375979,26.2098444],[91.7376132,26.2094414]]}},{"type":"Feature","properties":{"id":1144661717,"highway":"residential","name":null,"oneway":null,"junction":null},"geometry":{"type":"LineString","coordinates":[[91.737518,26.2073977],[91.7379518,26.2074869],[91.7381661,26.2075144],[91.7383932,26.2075282],[91.7385999,26.2075282],[91.7387735,26.2075397],[91.7391016,26.2075651]]}},{"type":"Feature","properties":{"id":1144661718,"highway":"residential","name":null,"oneway":null,"junction":null},"geometry":{"type":"LineString","coordinates":[[91.7365487,26.2047732],[91.7364277,26.205697]]}},{"type":"Feature","properties":{"id":1144661719,"highway":"residential","name":null,"oneway":null,"junction":null},"geometry":{"type":"LineString","coordinates":[[91.7370268,26.2049014],[91.7369383,26.2053361],[91.7368446,26.2057874],[91.7366902,26.2065848]]}},{"type":"Feature","properties":{"id":1144661932,"highway":"residential","name":null,"oneway":null,"junction":null},"geometry":{"type":"LineString","coordinates":[[91.7338081,26.2059502],[91.7345706,26.2061227]]}},{"type":"Feature","properties":{"id":1144667129,"highway":"residential","name":null,"oneway":null,"junction":null},"geometry":{"type":"LineString","coordinates":[[91.7301676,26.2027959],[91.7302868,26.2022736]]}},{"type":"Feature","properties":{"id":1144667130,"highway":"residential","name":null,"oneway":null,"junction":null},"geometry":{"type":"LineString","coordinates":[[91.7308404,26.2023897],[91.7308102,26.2024368],[91.7307819,26.2025098],[91.7306128,26.2031724]]}},{"type":"Feature","properties":{"id":1144679629,"highway":"residential","name":null,"oneway":null,"junction":null},"geometry":{"type":"LineString","coordinates":[[91.671564,26.1698844],[91.6717055,26.1699311],[91.6718101,26.1699495],[91.6719307,26.1699577]]}},{"type":"Feature","properties":{"id":1144679630,"highway":"service","name":null,"oneway":null,"junction":null},"geometry":{"type":"LineString","coordinates":[[91.669658,26.1826266],[91.670317,26.1826594]]}},{"type":"Feature","properties":{"id":1144695625,"highway":"service","name":null,"oneway":"yes","junction":null},"geometry":{"type":"LineString","coordinates":[[91.6766147,26.1844051],[91.6766383,26.1843628],[91.6766598,26.1843223],[91.6766705,26.1842703],[91.6766641,26.1840297],[91.6766533,26.1839507],[91.6766451,26.1839146],[91.676634,26.183866],[91.6764185,26.1833422],[91.6763999,26.1833185],[91.6763836,26.1833056],[91.6763458,26.1832918]]}},{"type":"Feature","properties":{"id":1144695626,"highway":"service","name":null,"oneway":null,"junction":null},"geometry":{"type":"LineString","coordinates":[[91.6766147,26.1844051],[91.6766144,26.1844683]]}},{"type":"Feature","properties":{"id":1144695627,"highway":"service","name":null,"oneway":null,"junction":null},"geometry":{"type":"LineString","coordinates":[[91.6763458,26.1832918],[91.6763126,26.1831999]]}},{"type":"Feature","properties":{"id":1144695628,"highway":"service","name":null,"oneway":null,"junction":null},"geometry":{"type":"LineString","coordinates":[[91.6766451,26.1839146],[91.6765522,26.1839323]]}},{"type":"Feature","properties":{"id":1144695629,"highway":"residential","name":null,"oneway":null,"junction":null},"geometry":{"type":"LineString","coordinates":[[91.6746449,26.1834532],[91.6746058,26.1829363]]}},{"type":"Feature","properties":{"id":1144698529,"highway":"service","name":null,"oneway":null,"junction":null},"geometry":{"type":"LineString","coordinates":[[91.6773776,26.1826648],[91.6775069,26.1830134],[91.67778,26.1838699],[91.6778029,26.1838882],[91.6778437,26.1839042],[91.6779101,26.1839111],[91.6786322,26.1836867]]}},{"type":"Feature","properties":{"id":1144698530,"highway":"service","name":null,"oneway":null,"junction":null},"geometry":{"type":"LineString","coordinates":[[91.677422,26.1826111],[91.677598,26.1826222],[91.6779108,26.1826063],[91.6781321,26.182595],[91.6791257,26.1825965],[91.6791665,26.1825988],[91.6791971,26.182624],[91.6792124,26.1826514],[91.6792048,26.1831186]]}},{"type":"Feature","properties":{"id":1144698531,"highway":"service","name":null,"oneway":null,"junction":null},"geometry":{"type":"LineString","coordinates":[[91.6779108,26.1826063],[91.6781049,26.1832193]]}},{"type":"Feature","properties":{"id":1144698532,"highway":"service","name":null,"oneway":null,"junction":null},"geometry":{"type":"LineString","coordinates":[[91.6779646,26.1832628],[91.6781049,26.1832193],[91.6782504,26.1832033],[91.6789598,26.18313],[91.6790925,26.1831209],[91.6792048,26.1831186],[91.6793655,26.1831209],[91.6797848,26.1831244],[91.6798338,26.1831355],[91.6798638,26.183149],[91.6798788,26.1831894],[91.6799239,26.1836612]]}},{"type":"Feature","properties":{"id":1144698533,"highway":"service","name":null,"oneway":null,"junction":null},"geometry":{"type":"LineString","coordinates":[[91.6789598,26.18313],[91.6791339,26.183782],[91.6791645,26.1838186],[91.6792126,26.1838387],[91.6792754,26.1838369],[91.6793534,26.1838095],[91.6794376,26.1837774],[91.679532,26.183743],[91.6796187,26.1837201],[91.6797157,26.1837087],[91.6798025,26.1837087],[91.6798509,26.1837087],[91.6798873,26.1837034],[91.6799144,26.1836878],[91.6799239,26.1836612]]}},{"type":"Feature","properties":{"id":1144698534,"highway":"service","name":null,"oneway":null,"junction":null},"geometry":{"type":"LineString","coordinates":[[91.6793743,26.1830513],[91.6799326,26.1830567],[91.6800601,26.1830731],[91.6802361,26.1831411],[91.680931,26.1834734],[91.681016,26.183536],[91.681104,26.1836231],[91.6814989,26.1842032]]}},{"type":"Feature","properties":{"id":1144699863,"highway":"residential","name":null,"oneway":null,"junction":null},"geometry":{"type":"LineString","coordinates":[[91.7248976,26.1700963],[91.7251499,26.169364]]}},{"type":"Feature","properties":{"id":1144726456,"highway":"service","name":null,"oneway":null,"junction":null},"geometry":{"type":"LineString","coordinates":[[91.7185199,26.1899751],[91.7187246,26.1897942],[91.7187914,26.189786],[91.7188703,26.1898105],[91.7191282,26.189963],[91.7191737,26.1899712],[91.7192162,26.189963],[91.7192466,26.1899249],[91.7193164,26.1898269],[91.7193922,26.1897207],[91.7195622,26.1895165],[91.719726,26.1893367],[91.7197655,26.1892659],[91.7197989,26.1891543],[91.7198444,26.1890672],[91.7198899,26.1890154],[91.7199475,26.1889827],[91.7200477,26.1889501],[91.7201691,26.1889365],[91.7202692,26.1889337],[91.7203724,26.1889201],[91.7209945,26.1886042]]}},{"type":"Feature","properties":{"id":1144726457,"highway":"residential","name":null,"oneway":null,"junction":null},"geometry":{"type":"LineString","coordinates":[[91.7146442,26.1840162],[91.7145869,26.1839133],[91.714514,26.1838594],[91.7143616,26.1838113],[91.7137651,26.1836938],[91.7132093,26.1836052],[91.7123317,26.1834724],[91.7112009,26.1832625],[91.7111246,26.1832507],[91.7102632,26.1831181],[91.7091388,26.1829428],[91.7090142,26.1829309],[91.7084608,26.1829043],[91.708332,26.1829216],[91.7082247,26.1829563],[91.7081496,26.1829736],[91.7080938,26.1829775],[91.7073645,26.1828889],[91.7072768,26.182888],[91.7064673,26.1828793],[91.705632,26.1828327],[91.7052196,26.1827972],[91.7047057,26.182731],[91.7038002,26.1825827],[91.7030663,26.1824537],[91.7028346,26.1823998]]}},{"type":"Feature","properties":{"id":1144726458,"highway":"residential","name":null,"oneway":null,"junction":null},"geometry":{"type":"LineString","coordinates":[[91.7110168,26.1839635],[91.7111246,26.1832507]]}},{"type":"Feature","properties":{"id":1144726459,"highway":"residential","name":null,"oneway":null,"junction":null},"geometry":{"type":"LineString","coordinates":[[91.7073256,26.1834832],[91.7073645,26.1828889]]}},{"type":"Feature","properties":{"id":1144726460,"highway":"residential","name":null,"oneway":null,"junction":null},"geometry":{"type":"LineString","coordinates":[[91.7106194,26.1870066],[91.7106934,26.1861726]]}},{"type":"Feature","properties":{"id":1148187191,"highway":"residential","name":null,"oneway":null,"junction":null},"geometry":{"type":"LineString","coordinates":[[91.6736081,26.200015],[91.6734864,26.2]]}},{"type":"Feature","properties":{"id":1181068972,"highway":"unclassified","name":null,"oneway":null,"junction":null},"geometry":{"type":"LineString","coordinates":[[91.6993262,26.1958173],[91.6994861,26.1958421],[91.6998287,26.1958278],[91.700243,26.1958206],[91.7005856,26.1958135],[91.7006573,26.1959207],[91.7006175,26.196271],[91.7005537,26.1966214],[91.7005058,26.1967685],[91.7005196,26.1969094]]}},{"type":"Feature","properties":{"id":1189137900,"highway":"residential","name":null,"oneway":null,"junction":null},"geometry":{"type":"LineString","coordinates":[[91.7013196,26.1572631],[91.7008175,26.1567176]]}},{"type":"Feature","properties":{"id":1190337715,"highway":"residential","name":null,"oneway":null,"junction":null},"geometry":{"type":"LineString","coordinates":[[91.6983821,26.1447397],[91.6985359,26.1448071],[91.6988095,26.1448071],[91.6989382,26.1447686],[91.6990186,26.144706],[91.6991206,26.1446626],[91.6991688,26.1446819],[91.6992761,26.144942],[91.6993083,26.1451105],[91.6992868,26.1456018],[91.6992117,26.1461894],[91.6992225,26.1465651],[91.6995336,26.147302],[91.6995228,26.1475428],[91.6994962,26.1476054]]}},{"type":"Feature","properties":{"id":1190346151,"highway":"residential","name":null,"oneway":null,"junction":null},"geometry":{"type":"LineString","coordinates":[[91.6855695,26.1573352],[91.6855433,26.1577681],[91.6845182,26.1576577]]}},{"type":"Feature","properties":{"id":1190346152,"highway":"residential","name":null,"oneway":null,"junction":null},"geometry":{"type":"LineString","coordinates":[[91.690551,26.1581244],[91.6905327,26.1576484]]}},{"type":"Feature","properties":{"id":1190346153,"highway":"residential","name":null,"oneway":null,"junction":null},"geometry":{"type":"LineString","coordinates":[[91.6933977,26.1605075],[91.693681,26.1600358],[91.6941691,26.1592413],[91.6941714,26.1592148]]}},{"type":"Feature","properties":{"id":1190346154,"highway":"residential","name":null,"oneway":null,"junction":null},"geometry":{"type":"LineString","coordinates":[[91.6902108,26.1614552],[91.6900704,26.1618996],[91.6898902,26.1623902]]}},{"type":"Feature","properties":{"id":1190346155,"highway":"residential","name":null,"oneway":null,"junction":null},"geometry":{"type":"LineString","coordinates":[[91.6899338,26.1633104],[91.6892979,26.1635409],[91.6892014,26.1635554],[91.688687,26.1635564]]}},{"type":"Feature","properties":{"id":1190346940,"highway":"residential","name":null,"oneway":null,"junction":null},"geometry":{"type":"LineString","coordinates":[[91.6868746,26.1606866],[91.6866374,26.1605711]]}},{"type":"Feature","properties":{"id":1190346941,"highway":"residential","name":null,"oneway":null,"junction":null},"geometry":{"type":"LineString","coordinates":[[91.6873776,26.161967],[91.6865222,26.1616035]]}},{"type":"Feature","properties":{"id":1190346942,"highway":"residential","name":null,"oneway":null,"junction":null},"geometry":{"type":"LineString","coordinates":[[91.6873776,26.161967],[91.6877077,26.1621332]]}},{"type":"Feature","properties":{"id":1190346943,"highway":"residential","name":null,"oneway":null,"junction":null},"geometry":{"type":"LineString","coordinates":[[91.6873776,26.161967],[91.6875493,26.1616541],[91.6876083,26.1615444]]}},{"type":"Feature","properties":{"id":1190346944,"highway":"residential","name":null,"oneway":null,"junction":null},"geometry":{"type":"LineString","coordinates":[[91.6874098,26.1625319],[91.6871684,26.162405],[91.6863022,26.1620561]]}},{"type":"Feature","properties":{"id":1190347182,"highway":"residential","name":null,"oneway":null,"junction":null},"geometry":{"type":"LineString","coordinates":[[91.6864599,26.1629635],[91.6863104,26.1630911],[91.6860885,26.1631914]]}},{"type":"Feature","properties":{"id":1190347183,"highway":"residential","name":null,"oneway":null,"junction":null},"geometry":{"type":"LineString","coordinates":[[91.6839701,26.1614606],[91.6851247,26.1615256]]}},{"type":"Feature","properties":{"id":1190349450,"highway":"service","name":null,"oneway":null,"junction":null},"geometry":{"type":"LineString","coordinates":[[91.6661508,26.1566003],[91.666301,26.1564013],[91.66636,26.1563172]]}},{"type":"Feature","properties":{"id":1190349533,"highway":"service","name":null,"oneway":null,"junction":null},"geometry":{"type":"LineString","coordinates":[[91.6667445,26.1567831],[91.6668749,26.1567961],[91.6674381,26.1569501]]}},{"type":"Feature","properties":{"id":1190349919,"highway":"residential","name":null,"oneway":null,"junction":null},"geometry":{"type":"LineString","coordinates":[[91.6724564,26.1542354],[91.6717296,26.1548984],[91.6716437,26.1550428],[91.6715857,26.1553762]]}},{"type":"Feature","properties":{"id":1190349969,"highway":"residential","name":null,"oneway":null,"junction":null},"geometry":{"type":"LineString","coordinates":[[91.6699165,26.1548599],[91.6687202,26.154908],[91.6684247,26.154908]]}},{"type":"Feature","properties":{"id":1190350008,"highway":"residential","name":null,"oneway":null,"junction":null},"geometry":{"type":"LineString","coordinates":[[91.6699165,26.1548599],[91.6702759,26.1548502]]}},{"type":"Feature","properties":{"id":1190351672,"highway":"service","name":null,"oneway":null,"junction":null},"geometry":{"type":"LineString","coordinates":[[91.6959126,26.1501917],[91.6957521,26.1496669]]}},{"type":"Feature","properties":{"id":1190351673,"highway":"residential","name":null,"oneway":null,"junction":null},"geometry":{"type":"LineString","coordinates":[[91.6993176,26.1499816],[91.6990077,26.1496729],[91.6985885,26.1492553],[91.6981967,26.1488628]]}},{"type":"Feature","properties":{"id":1190351674,"highway":"residential","name":null,"oneway":null,"junction":null},"geometry":{"type":"LineString","coordinates":[[91.6996532,26.1497792],[91.699601,26.149609],[91.6995593,26.1490969]]}},{"type":"Feature","properties":{"id":1190351675,"highway":"residential","name":null,"oneway":null,"junction":null},"geometry":{"type":"LineString","coordinates":[[91.6999277,26.1500428],[91.6998466,26.1506569]]}},{"type":"Feature","properties":{"id":1190354252,"highway":"service","name":null,"oneway":null,"junction":null},"geometry":{"type":"LineString","coordinates":[[91.6741327,26.1835211],[91.6742668,26.1836981],[91.6743419,26.183751],[91.6743634,26.1837943],[91.6744116,26.1838184],[91.6745779,26.1839868],[91.6749104,26.1843525]]}},{"type":"Feature","properties":{"id":1190354253,"highway":"service","name":null,"oneway":null,"junction":null},"geometry":{"type":"LineString","coordinates":[[91.67799,26.1854943],[91.6773356,26.1862154]]}},{"type":"Feature","properties":{"id":1190354254,"highway":"service","name":null,"oneway":null,"junction":null},"geometry":{"type":"LineString","coordinates":[[91.6785103,26.1858639],[91.6786336,26.185755],[91.6785853,26.1853344]]}},{"type":"Feature","properties":{"id":1190354567,"highway":"residential","name":null,"oneway":null,"junction":null},"geometry":{"type":"LineString","coordinates":[[91.6705126,26.160026],[91.6700157,26.1599183]]}},{"type":"Feature","properties":{"id":1190354627,"highway":"residential","name":null,"oneway":null,"junction":null},"geometry":{"type":"LineString","coordinates":[[91.6705126,26.160026],[91.6709685,26.1601325],[91.6710543,26.1601855],[91.6710543,26.1602818],[91.6709417,26.160667],[91.670888,26.1607777],[91.6707701,26.1608114],[91.6697564,26.1606248]]}},{"type":"Feature","properties":{"id":1190354631,"highway":"residential","name":null,"oneway":null,"junction":null},"geometry":{"type":"LineString","coordinates":[[91.6705126,26.160026],[91.6705555,26.159949],[91.6707593,26.159251]]}},{"type":"Feature","properties":{"id":1190354830,"highway":"service","name":null,"oneway":null,"junction":null},"geometry":{"type":"LineString","coordinates":[[91.6807258,26.1845084],[91.6809082,26.1848967],[91.6809307,26.1849165]]}},{"type":"Feature","properties":{"id":1190354831,"highway":"service","name":null,"oneway":null,"junction":null},"geometry":{"type":"LineString","coordinates":[[91.6812867,26.1858145],[91.6813749,26.1858067],[91.6815412,26.1857537],[91.6817825,26.185667],[91.6820722,26.1855563],[91.6821355,26.1854937]]}},{"type":"Feature","properties":{"id":1190354832,"highway":"service","name":null,"oneway":null,"junction":null},"geometry":{"type":"LineString","coordinates":[[91.6820137,26.1840945],[91.6819489,26.1840326],[91.681788,26.1839392],[91.6811818,26.1832029],[91.6811389,26.1831788],[91.6805167,26.1828949],[91.6804791,26.18289],[91.679991,26.1826927],[91.6796423,26.1826398],[91.6792124,26.1826514]]}},{"type":"Feature","properties":{"id":1190354833,"highway":"service","name":null,"oneway":null,"junction":null},"geometry":{"type":"LineString","coordinates":[[91.6823295,26.183517],[91.6824822,26.183947]]}},{"type":"Feature","properties":{"id":1190354834,"highway":"service","name":null,"oneway":null,"junction":null},"geometry":{"type":"LineString","coordinates":[[91.6826095,26.183602],[91.6828244,26.1838295]]}},{"type":"Feature","properties":{"id":1190356108,"highway":"residential","name":null,"oneway":null,"junction":null},"geometry":{"type":"LineString","coordinates":[[91.6646309,26.1654614],[91.6645525,26.1640557],[91.6645334,26.1638229]]}},{"type":"Feature","properties":{"id":1190356109,"highway":"residential","name":null,"oneway":null,"junction":null},"geometry":{"type":"LineString","coordinates":[[91.6651721,26.165478],[91.66521,26.1651357]]}},{"type":"Feature","properties":{"id":1190356201,"highway":"residential","name":null,"oneway":null,"junction":null},"geometry":{"type":"LineString","coordinates":[[91.6714078,26.1675907],[91.6708071,26.167557],[91.6707374,26.1675233],[91.6707267,26.1674414],[91.6708071,26.1668638],[91.6708447,26.1663391],[91.6707547,26.1660829]]}},{"type":"Feature","properties":{"id":1190356364,"highway":"residential","name":null,"oneway":null,"junction":null},"geometry":{"type":"LineString","coordinates":[[91.6700537,26.1662914],[91.67,26.1655441]]}},{"type":"Feature","properties":{"id":1190356365,"highway":"residential","name":null,"oneway":null,"junction":null},"geometry":{"type":"LineString","coordinates":[[91.6694656,26.1655463],[91.6694763,26.1658855]]}},{"type":"Feature","properties":{"id":1190356366,"highway":"residential","name":null,"oneway":null,"junction":null},"geometry":{"type":"LineString","coordinates":[[91.6683821,26.1655532],[91.6687346,26.1655529]]}},{"type":"Feature","properties":{"id":1190356474,"highway":"residential","name":null,"oneway":null,"junction":null},"geometry":{"type":"LineString","coordinates":[[91.7018493,26.1514936],[91.7015927,26.1519509]]}},{"type":"Feature","properties":{"id":1190356475,"highway":"residential","name":null,"oneway":null,"junction":null},"geometry":{"type":"LineString","coordinates":[[91.7006429,26.1520704],[91.700634,26.1523127],[91.7006679,26.1524364],[91.7008531,26.1525254],[91.7011945,26.1526709]]}},{"type":"Feature","properties":{"id":1190357213,"highway":"residential","name":null,"oneway":null,"junction":null},"geometry":{"type":"LineString","coordinates":[[91.6670575,26.1620965],[91.6672399,26.162111],[91.6673791,26.1621019]]}},{"type":"Feature","properties":{"id":1190357214,"highway":"residential","name":null,"oneway":null,"junction":null},"geometry":{"type":"LineString","coordinates":[[91.6670575,26.1620965],[91.667079,26.1617259]]}},{"type":"Feature","properties":{"id":1190357215,"highway":"residential","name":null,"oneway":null,"junction":null},"geometry":{"type":"LineString","coordinates":[[91.6670575,26.1620965],[91.6670039,26.162111],[91.6668162,26.1621158]]}},{"type":"Feature","properties":{"id":1190357304,"highway":"residential","name":null,"oneway":null,"junction":null},"geometry":{"type":"LineString","coordinates":[[91.7000652,26.1528378],[91.7005029,26.1528149],[91.7007036,26.1528117],[91.7011715,26.1528042]]}},{"type":"Feature","properties":{"id":1190357305,"highway":"residential","name":null,"oneway":null,"junction":null},"geometry":{"type":"LineString","coordinates":[[91.6983179,26.1523816],[91.6983804,26.1523035],[91.6978925,26.1520229],[91.6975229,26.1516036]]}},{"type":"Feature","properties":{"id":1190358640,"highway":"residential","name":null,"oneway":null,"junction":null},"geometry":{"type":"LineString","coordinates":[[91.6687524,26.1608837],[91.6687687,26.1606091]]}},{"type":"Feature","properties":{"id":1190358641,"highway":"residential","name":null,"oneway":null,"junction":null},"geometry":{"type":"LineString","coordinates":[[91.6681143,26.1617114],[91.6687447,26.1617307]]}},{"type":"Feature","properties":{"id":1190358866,"highway":"residential","name":null,"oneway":null,"junction":null},"geometry":{"type":"LineString","coordinates":[[91.66761,26.1610375],[91.6677495,26.1610471],[91.6678192,26.1610712],[91.6678566,26.1611485]]}},{"type":"Feature","properties":{"id":1190372599,"highway":"residential","name":null,"oneway":null,"junction":null},"geometry":{"type":"LineString","coordinates":[[91.7192664,26.1608145],[91.7195885,26.1603037],[91.7194991,26.1600507],[91.7192431,26.1598458],[91.7188345,26.1597302]]}},{"type":"Feature","properties":{"id":1190372600,"highway":"residential","name":null,"oneway":null,"junction":null},"geometry":{"type":"LineString","coordinates":[[91.7176883,26.1606424],[91.7179121,26.1606135],[91.7180783,26.1606472],[91.718192,26.160735],[91.7182247,26.1607734],[91.7183636,26.1608417],[91.7184645,26.1607868],[91.7188868,26.1604573]]}},{"type":"Feature","properties":{"id":1190372601,"highway":"residential","name":null,"oneway":null,"junction":null},"geometry":{"type":"LineString","coordinates":[[91.7174808,26.1599268],[91.7177569,26.1600935]]}},{"type":"Feature","properties":{"id":1190374140,"highway":"residential","name":null,"oneway":null,"junction":null},"geometry":{"type":"LineString","coordinates":[[91.7190264,26.1623545],[91.7187461,26.1622163]]}},{"type":"Feature","properties":{"id":1190376122,"highway":"residential","name":null,"oneway":null,"junction":null},"geometry":{"type":"LineString","coordinates":[[91.7158562,26.1698202],[91.7158484,26.1698904],[91.7159377,26.1700543],[91.7160378,26.170137],[91.7162598,26.1702051]]}},{"type":"Feature","properties":{"id":1190382328,"highway":"service","name":null,"oneway":null,"junction":null},"geometry":{"type":"LineString","coordinates":[[91.7231696,26.1672768],[91.7236439,26.1673637],[91.7236555,26.1673654],[91.723667,26.1673666],[91.723678,26.1673665],[91.7236885,26.1673645],[91.7236978,26.1673598],[91.7237063,26.1673531],[91.7237134,26.167343],[91.723719,26.1673324],[91.723749,26.167265]]}},{"type":"Feature","properties":{"id":1190384664,"highway":"residential","name":null,"oneway":null,"junction":null},"geometry":{"type":"LineString","coordinates":[[91.714718,26.1560341],[91.714718,26.1560452],[91.7147211,26.156055],[91.7147684,26.1561671],[91.7148204,26.1563332],[91.7148635,26.1565032],[91.7148777,26.1565331],[91.714887,26.1565513],[91.7148971,26.1565668],[91.7149091,26.1565811],[91.7149975,26.156679],[91.7151097,26.1567909],[91.7153852,26.1570106],[91.7154458,26.1570675],[91.7154732,26.1571051],[91.7155211,26.1571922],[91.715546,26.1572237],[91.7155795,26.1572539],[91.7157371,26.1573615],[91.7157727,26.1573861],[91.7157975,26.1574066],[91.7158218,26.1574407]]}},{"type":"Feature","properties":{"id":1190384665,"highway":"residential","name":null,"oneway":null,"junction":null},"geometry":{"type":"LineString","coordinates":[[91.714718,26.1560341],[91.7148207,26.1559321],[91.7151539,26.1555932]]}},{"type":"Feature","properties":{"id":1190385411,"highway":"residential","name":null,"oneway":null,"junction":null},"geometry":{"type":"LineString","coordinates":[[91.7143694,26.1554611],[91.7144908,26.1556806],[91.7144945,26.1556964],[91.7144968,26.1557086],[91.7144989,26.1557169],[91.714549,26.1558241],[91.7145686,26.1558657],[91.7146087,26.1559152],[91.7147076,26.1560291],[91.7147126,26.1560325],[91.714718,26.1560341]]}},{"type":"Feature","properties":{"id":1190385412,"highway":"residential","name":null,"oneway":null,"junction":null},"geometry":{"type":"LineString","coordinates":[[91.7140074,26.1550712],[91.7140273,26.155127],[91.71404,26.1551525],[91.7140547,26.1551752],[91.714078,26.1552023],[91.7141034,26.1552231],[91.7141474,26.1552569],[91.7142488,26.1553265],[91.7143218,26.1553917],[91.7143694,26.1554611]]}},{"type":"Feature","properties":{"id":1190388337,"highway":"residential","name":null,"oneway":null,"junction":null},"geometry":{"type":"LineString","coordinates":[[91.7166223,26.1560273],[91.7167911,26.1560387],[91.7168291,26.1560396],[91.716867,26.1560354],[91.7170066,26.1559977],[91.7170341,26.1559933],[91.7170609,26.1559943],[91.7170788,26.1559989],[91.7170939,26.1560083],[91.717119,26.1560272],[91.7172077,26.1561134],[91.7174106,26.1562854],[91.7174429,26.1563163],[91.7174551,26.1563259],[91.7174681,26.1563326],[91.7174813,26.1563375],[91.7174962,26.1563364],[91.7176226,26.1563135],[91.7176482,26.1563078],[91.7176741,26.1563079],[91.7176967,26.1563129],[91.7177175,26.1563237],[91.7177387,26.1563392],[91.7178437,26.1564598],[91.7179185,26.1565745],[91.7179326,26.1565849],[91.7179549,26.1565981],[91.7179682,26.1566048],[91.7179776,26.1566119],[91.7179875,26.156631],[91.7179901,26.1566413],[91.7179907,26.1566524],[91.7179946,26.1566848],[91.7179995,26.1567085],[91.7180145,26.1567279],[91.7180985,26.1568296],[91.7181969,26.1569136],[91.7182339,26.1569418],[91.7182593,26.1569571],[91.7182854,26.1569673],[91.7184015,26.1570048],[91.7184514,26.1570237],[91.718502,26.1570459],[91.7185312,26.1570544],[91.7185608,26.1570597],[91.71862,26.1570652],[91.7186615,26.1570658],[91.7186993,26.1570597],[91.7187359,26.1570497],[91.7187702,26.1570363],[91.7188816,26.15697],[91.7189485,26.1569391],[91.7190606,26.1568862],[91.7191833,26.1568534],[91.7192568,26.1568256],[91.7192921,26.1568213],[91.7193433,26.156818],[91.7194878,26.1568026],[91.7195604,26.1567938],[91.7196323,26.1567799],[91.7196882,26.1567616],[91.7197421,26.1567393],[91.7198154,26.1567025],[91.7198604,26.1566762],[91.7198954,26.156652],[91.71995,26.1566114],[91.7199966,26.1565616],[91.7200342,26.1565304],[91.7200699,26.1565103],[91.7201221,26.1564822],[91.7201949,26.1564575],[91.7202714,26.1564382],[91.7205405,26.1563719],[91.7205875,26.1563652],[91.7206351,26.1563677],[91.7208139,26.1563961]]}},{"type":"Feature","properties":{"id":1190388634,"highway":"residential","name":null,"oneway":null,"junction":null},"geometry":{"type":"LineString","coordinates":[[91.6940042,26.1833732],[91.6941101,26.1834006],[91.6943774,26.1834716]]}},{"type":"Feature","properties":{"id":1190390152,"highway":"residential","name":null,"oneway":null,"junction":null},"geometry":{"type":"LineString","coordinates":[[91.7115256,26.16072],[91.7115595,26.1606312],[91.7115706,26.1605877],[91.7115781,26.1605691],[91.7117002,26.1603509],[91.7118003,26.1601852],[91.7118947,26.160047]]}},{"type":"Feature","properties":{"id":1190391221,"highway":"residential","name":null,"oneway":null,"junction":null},"geometry":{"type":"LineString","coordinates":[[91.7119022,26.1586036],[91.711818,26.1587531]]}},{"type":"Feature","properties":{"id":1190391463,"highway":"residential","name":null,"oneway":null,"junction":null},"geometry":{"type":"LineString","coordinates":[[91.7056864,26.156466],[91.7060562,26.1557152]]}},{"type":"Feature","properties":{"id":1190391860,"highway":"residential","name":null,"oneway":null,"junction":null},"geometry":{"type":"LineString","coordinates":[[91.7109967,26.1545332],[91.7109039,26.1543522],[91.7108058,26.1541631],[91.7106645,26.1537025]]}},{"type":"Feature","properties":{"id":1190391861,"highway":"residential","name":null,"oneway":null,"junction":null},"geometry":{"type":"LineString","coordinates":[[91.7102995,26.1521253],[91.7103872,26.152387],[91.7103208,26.1526282],[91.7103374,26.153223]]}},{"type":"Feature","properties":{"id":1190391862,"highway":"residential","name":null,"oneway":null,"junction":null},"geometry":{"type":"LineString","coordinates":[[91.7125058,26.153478],[91.7126116,26.1531589]]}},{"type":"Feature","properties":{"id":1190392618,"highway":"residential","name":null,"oneway":null,"junction":null},"geometry":{"type":"LineString","coordinates":[[91.706679,26.1505269],[91.7067403,26.1504448],[91.7068885,26.1503383],[91.7071189,26.1501935],[91.7071286,26.1499928],[91.7072798,26.1498709],[91.7075212,26.1497843],[91.7076623,26.1496808],[91.7076969,26.1495874],[91.7077882,26.1492528],[91.707819,26.148834],[91.7081369,26.1481175],[91.7082235,26.1480037],[91.7083773,26.1478329],[91.7084459,26.1477331],[91.7084256,26.1475998],[91.7083722,26.1474933],[91.7083766,26.1470817]]}},{"type":"Feature","properties":{"id":1190392619,"highway":"residential","name":null,"oneway":null,"junction":null},"geometry":{"type":"LineString","coordinates":[[91.7081112,26.1517247],[91.7084726,26.1516537],[91.7086122,26.1515877],[91.7086539,26.1515067],[91.7086637,26.1512142],[91.7086652,26.1510661],[91.708709,26.1509179],[91.708786,26.150619]]}},{"type":"Feature","properties":{"id":1190392628,"highway":"living_street","name":null,"oneway":null,"junction":null},"geometry":{"type":"LineString","coordinates":[[91.7062535,26.1671657],[91.7062084,26.1670885],[91.7061992,26.1670755],[91.7061882,26.1670636],[91.7061743,26.1670502],[91.7061597,26.167036],[91.7061396,26.167019],[91.706118,26.1670004]]}},{"type":"Feature","properties":{"id":1190394696,"highway":"residential","name":null,"oneway":null,"junction":null},"geometry":{"type":"LineString","coordinates":[[91.7052997,26.1578492],[91.7053968,26.1579864],[91.7054689,26.1581039],[91.7055423,26.1582328],[91.7055725,26.1582963],[91.7055927,26.1583683],[91.7056066,26.158425],[91.7056176,26.1584824],[91.7056438,26.1586754],[91.7056532,26.1587156],[91.7056605,26.1587523],[91.7056607,26.1587973],[91.7056549,26.1588415],[91.7056393,26.1589042],[91.7056164,26.1589969],[91.705588,26.1591276],[91.7055692,26.1592305]]}},{"type":"Feature","properties":{"id":1190395158,"highway":"residential","name":null,"oneway":null,"junction":null},"geometry":{"type":"LineString","coordinates":[[91.7101993,26.1593697],[91.7104609,26.159526],[91.7107365,26.1597011]]}},{"type":"Feature","properties":{"id":1190395694,"highway":"residential","name":null,"oneway":null,"junction":null},"geometry":{"type":"LineString","coordinates":[[91.7114773,26.1635174],[91.7114607,26.1634873],[91.7114536,26.1634723],[91.7114491,26.1634565],[91.7114497,26.1634271],[91.7114778,26.1632052],[91.7115012,26.1631098],[91.7115171,26.1630445],[91.7115274,26.1630057],[91.7115541,26.1629459]]}},{"type":"Feature","properties":{"id":1190397182,"highway":"residential","name":null,"oneway":null,"junction":null},"geometry":{"type":"LineString","coordinates":[[91.7124422,26.1644205],[91.7125527,26.1640231],[91.7126876,26.1636565],[91.712715,26.1635652],[91.7127185,26.1635383],[91.7127165,26.1635266],[91.7127117,26.1635157],[91.7127008,26.1635013],[91.7126893,26.1634876],[91.7126798,26.1634735],[91.7126729,26.1634579],[91.7126702,26.1634409],[91.7126699,26.1634231],[91.7126819,26.163374],[91.7126977,26.1633249]]}},{"type":"Feature","properties":{"id":1190520571,"highway":"residential","name":null,"oneway":null,"junction":null},"geometry":{"type":"LineString","coordinates":[[91.6658934,26.1837135],[91.6659363,26.1840946]]}},{"type":"Feature","properties":{"id":1190521310,"highway":"residential","name":null,"oneway":null,"junction":null},"geometry":{"type":"LineString","coordinates":[[91.6956928,26.1643474],[91.6951521,26.1646549]]}},{"type":"Feature","properties":{"id":1190521417,"highway":"residential","name":null,"oneway":null,"junction":null},"geometry":{"type":"LineString","coordinates":[[91.6832237,26.1704028],[91.683302,26.1701726],[91.6833917,26.169945],[91.6835455,26.1696422],[91.6836212,26.1695903],[91.6837032,26.1694867],[91.6840468,26.1691647],[91.6842874,26.1691333]]}},{"type":"Feature","properties":{"id":1190521418,"highway":"residential","name":null,"oneway":null,"junction":null},"geometry":{"type":"LineString","coordinates":[[91.6841207,26.1675575],[91.6840595,26.1677462],[91.684003,26.1679488],[91.6840028,26.1681163]]}},{"type":"Feature","properties":{"id":1190521484,"highway":"residential","name":null,"oneway":null,"junction":null},"geometry":{"type":"LineString","coordinates":[[91.6952739,26.1626287],[91.6952666,26.1622384]]}},{"type":"Feature","properties":{"id":1190521596,"highway":"residential","name":null,"oneway":null,"junction":null},"geometry":{"type":"LineString","coordinates":[[91.6664304,26.183184],[91.665888,26.183237],[91.6656198,26.1832418]]}},{"type":"Feature","properties":{"id":1190521679,"highway":"residential","name":null,"oneway":null,"junction":null},"geometry":{"type":"LineString","coordinates":[[91.6669463,26.1837087],[91.6672557,26.1835932]]}},{"type":"Feature","properties":{"id":1190522095,"highway":"residential","name":null,"oneway":null,"junction":null},"geometry":{"type":"LineString","coordinates":[[91.6815326,26.1521348],[91.6814248,26.1531272],[91.6813666,26.1531302],[91.6812545,26.1531215],[91.6811642,26.1531127],[91.6813096,26.1520839]]}},{"type":"Feature","properties":{"id":1190522096,"highway":"residential","name":null,"oneway":null,"junction":null},"geometry":{"type":"LineString","coordinates":[[91.6811054,26.151978],[91.6810464,26.1525778]]}},{"type":"Feature","properties":{"id":1190522228,"highway":"residential","name":null,"oneway":null,"junction":null},"geometry":{"type":"LineString","coordinates":[[91.7024943,26.1610131],[91.7013252,26.1609503],[91.7004561,26.1609023]]}},{"type":"Feature","properties":{"id":1190522229,"highway":"residential","name":null,"oneway":null,"junction":null},"geometry":{"type":"LineString","coordinates":[[91.7012098,26.1604053],[91.7004561,26.1603582],[91.6999694,26.1603279]]}},{"type":"Feature","properties":{"id":1190522653,"highway":"residential","name":null,"oneway":null,"junction":null},"geometry":{"type":"LineString","coordinates":[[91.6699782,26.1860379],[91.6698853,26.1861243]]}},{"type":"Feature","properties":{"id":1190522958,"highway":"residential","name":null,"oneway":null,"junction":null},"geometry":{"type":"LineString","coordinates":[[91.6810405,26.1515165],[91.6812409,26.151509],[91.6814232,26.1515475],[91.682024,26.1515956],[91.6822064,26.1516534],[91.6821474,26.1521133],[91.6820133,26.1529052],[91.6820133,26.1529918],[91.6819918,26.1530255],[91.6819757,26.1533],[91.681965,26.1534925],[91.6819597,26.1536177],[91.6819489,26.1537814],[91.6819275,26.1538199],[91.6819167,26.1542869]]}},{"type":"Feature","properties":{"id":1190523197,"highway":"service","name":null,"oneway":null,"junction":null},"geometry":{"type":"LineString","coordinates":[[91.6962075,26.1572807],[91.6963659,26.1582638]]}},{"type":"Feature","properties":{"id":1190523401,"highway":"residential","name":null,"oneway":null,"junction":null},"geometry":{"type":"LineString","coordinates":[[91.6797294,26.1504624],[91.680013,26.1504953]]}},{"type":"Feature","properties":{"id":1190523499,"highway":"residential","name":null,"oneway":null,"junction":null},"geometry":{"type":"LineString","coordinates":[[91.6834017,26.152229],[91.6832354,26.1544266]]}},{"type":"Feature","properties":{"id":1190523500,"highway":"residential","name":null,"oneway":null,"junction":null},"geometry":{"type":"LineString","coordinates":[[91.6792347,26.15226],[91.6796638,26.1522408],[91.6806415,26.1521637]]}},{"type":"Feature","properties":{"id":1190523639,"highway":"residential","name":null,"oneway":null,"junction":null},"geometry":{"type":"LineString","coordinates":[[91.6796637,26.1529582],[91.6803075,26.1530496],[91.6804631,26.1530496],[91.6804899,26.1530015],[91.6804953,26.1527782]]}},{"type":"Feature","properties":{"id":1190523640,"highway":"residential","name":null,"oneway":null,"junction":null},"geometry":{"type":"LineString","coordinates":[[91.678591,26.1516034],[91.6785642,26.1518604],[91.6784944,26.1522119]]}},{"type":"Feature","properties":{"id":1190523642,"highway":"residential","name":null,"oneway":null,"junction":null},"geometry":{"type":"LineString","coordinates":[[91.6821769,26.1543835],[91.6821275,26.1547568]]}},{"type":"Feature","properties":{"id":1190523741,"highway":"residential","name":null,"oneway":null,"junction":null},"geometry":{"type":"LineString","coordinates":[[91.678806,26.1530647],[91.6787787,26.1533096],[91.6787787,26.1535503],[91.6787519,26.1536177],[91.6787251,26.1536418],[91.6785374,26.1536466],[91.6782423,26.1536274],[91.67806,26.1536129],[91.6780331,26.1535936],[91.6779956,26.1535503],[91.6779205,26.1533963],[91.6778451,26.153235]]}},{"type":"Feature","properties":{"id":1190523742,"highway":"residential","name":null,"oneway":null,"junction":null},"geometry":{"type":"LineString","coordinates":[[91.6777435,26.1522456],[91.6775718,26.152183],[91.6773573,26.1521397],[91.6772822,26.1521541]]}},{"type":"Feature","properties":{"id":1190523743,"highway":"residential","name":null,"oneway":null,"junction":null},"geometry":{"type":"LineString","coordinates":[[91.6777435,26.1522456],[91.6777757,26.1523082],[91.6778454,26.1523419],[91.67806,26.15239]]}},{"type":"Feature","properties":{"id":1190523744,"highway":"residential","name":null,"oneway":null,"junction":null},"geometry":{"type":"LineString","coordinates":[[91.6777435,26.1522456],[91.677781,26.1521926],[91.6779312,26.1516534],[91.6779634,26.1514294]]}},{"type":"Feature","properties":{"id":1190524266,"highway":"residential","name":null,"oneway":null,"junction":null},"geometry":{"type":"LineString","coordinates":[[91.6883647,26.1481204],[91.6884297,26.1478083]]}},{"type":"Feature","properties":{"id":1190524267,"highway":"residential","name":null,"oneway":null,"junction":null},"geometry":{"type":"LineString","coordinates":[[91.688213,26.1488884],[91.6883378,26.1488313],[91.6890404,26.1480621]]}},{"type":"Feature","properties":{"id":1190524268,"highway":"residential","name":null,"oneway":null,"junction":null},"geometry":{"type":"LineString","coordinates":[[91.685711,26.1497295],[91.685678,26.1500832]]}},{"type":"Feature","properties":{"id":1190525246,"highway":"residential","name":null,"oneway":null,"junction":null},"geometry":{"type":"LineString","coordinates":[[91.6926787,26.1511287],[91.6913796,26.1509698],[91.6912349,26.1509975],[91.6913307,26.1514811]]}},{"type":"Feature","properties":{"id":1190525247,"highway":"residential","name":null,"oneway":null,"junction":null},"geometry":{"type":"LineString","coordinates":[[91.6915218,26.1556613],[91.6915145,26.1552664],[91.6915217,26.1551309],[91.6915269,26.1550163],[91.6915636,26.1549295],[91.691704,26.1547711],[91.6918034,26.1546917],[91.6918838,26.1546195],[91.6919781,26.1546195]]}},{"type":"Feature","properties":{"id":1190525248,"highway":"residential","name":null,"oneway":null,"junction":null},"geometry":{"type":"LineString","coordinates":[[91.6923177,26.1561424],[91.6921079,26.1560611],[91.6918624,26.1559676],[91.6918195,26.1559532],[91.6916298,26.1558476],[91.6915218,26.1556613]]}},{"type":"Feature","properties":{"id":1190525249,"highway":"residential","name":null,"oneway":null,"junction":null},"geometry":{"type":"LineString","coordinates":[[91.6850262,26.1544629],[91.6850096,26.1546771],[91.684985,26.1549399]]}},{"type":"Feature","properties":{"id":1190525250,"highway":"residential","name":null,"oneway":null,"junction":null},"geometry":{"type":"LineString","coordinates":[[91.6842282,26.1523023],[91.6841762,26.1527974],[91.6840347,26.1537814],[91.6840134,26.1543062],[91.6839524,26.1548887]]}},{"type":"Feature","properties":{"id":1190525251,"highway":"residential","name":null,"oneway":null,"junction":null},"geometry":{"type":"LineString","coordinates":[[91.6836739,26.1538197],[91.6835735,26.1550822]]}},{"type":"Feature","properties":{"id":1190525347,"highway":"residential","name":null,"oneway":null,"junction":null},"geometry":{"type":"LineString","coordinates":[[91.6719577,26.1852481],[91.6719229,26.1848578]]}},{"type":"Feature","properties":{"id":1190525869,"highway":"living_street","name":null,"oneway":null,"junction":null},"geometry":{"type":"LineString","coordinates":[[91.7050214,26.1677011],[91.7051286,26.1675615],[91.7050643,26.1673986]]}},{"type":"Feature","properties":{"id":1190525870,"highway":"living_street","name":null,"oneway":null,"junction":null},"geometry":{"type":"LineString","coordinates":[[91.7050214,26.1677011],[91.7046888,26.1677156],[91.7045494,26.1677589],[91.7045118,26.1678841],[91.7045064,26.1679996]]}},{"type":"Feature","properties":{"id":1190527037,"highway":"residential","name":null,"oneway":null,"junction":null},"geometry":{"type":"LineString","coordinates":[[91.6750705,26.1657456],[91.6750598,26.1661176]]}},{"type":"Feature","properties":{"id":1190527038,"highway":"residential","name":null,"oneway":null,"junction":null},"geometry":{"type":"LineString","coordinates":[[91.6768527,26.1670593],[91.6768849,26.1658247]]}},{"type":"Feature","properties":{"id":1190527169,"highway":"residential","name":null,"oneway":null,"junction":null},"geometry":{"type":"LineString","coordinates":[[91.678451,26.1666491],[91.6795563,26.1666749],[91.6799983,26.1666893]]}},{"type":"Feature","properties":{"id":1190527170,"highway":"residential","name":null,"oneway":null,"junction":null},"geometry":{"type":"LineString","coordinates":[[91.679406,26.1662669],[91.6790317,26.166256],[91.6786701,26.1662507],[91.6784487,26.1662544]]}},{"type":"Feature","properties":{"id":1190527171,"highway":"residential","name":null,"oneway":null,"junction":null},"geometry":{"type":"LineString","coordinates":[[91.6785237,26.165897],[91.6785428,26.1654527]]}},{"type":"Feature","properties":{"id":1190527172,"highway":"residential","name":null,"oneway":null,"junction":null},"geometry":{"type":"LineString","coordinates":[[91.6781081,26.1654768],[91.677829,26.1654566],[91.6777111,26.1654684]]}},{"type":"Feature","properties":{"id":1190527296,"highway":"residential","name":null,"oneway":null,"junction":null},"geometry":{"type":"LineString","coordinates":[[91.6745839,26.1631688],[91.6745459,26.1631702],[91.6732654,26.1630983]]}},{"type":"Feature","properties":{"id":1190527297,"highway":"residential","name":null,"oneway":null,"junction":null},"geometry":{"type":"LineString","coordinates":[[91.6745404,26.1606814],[91.6742454,26.160561],[91.6739773,26.1604214],[91.6738,26.1603348]]}},{"type":"Feature","properties":{"id":1190527298,"highway":"residential","name":null,"oneway":null,"junction":null},"geometry":{"type":"LineString","coordinates":[[91.6730685,26.1584615],[91.6735321,26.1586926],[91.6741258,26.1589429]]}},{"type":"Feature","properties":{"id":1190528057,"highway":"residential","name":null,"oneway":null,"junction":null},"geometry":{"type":"LineString","coordinates":[[91.6757802,26.1636338],[91.6760967,26.1636627],[91.6767454,26.1637542]]}},{"type":"Feature","properties":{"id":1190528058,"highway":"residential","name":null,"oneway":null,"junction":null},"geometry":{"type":"LineString","coordinates":[[91.6766921,26.1582354],[91.6766814,26.158635],[91.6766921,26.1587024],[91.6766707,26.1588757],[91.676664,26.1596156]]}},{"type":"Feature","properties":{"id":1190528059,"highway":"residential","name":null,"oneway":null,"junction":null},"geometry":{"type":"LineString","coordinates":[[91.6807063,26.1659212],[91.6805274,26.1651652],[91.6805059,26.1651315]]}},{"type":"Feature","properties":{"id":1190528658,"highway":"residential","name":null,"oneway":null,"junction":null},"geometry":{"type":"LineString","coordinates":[[91.6813783,26.1657784],[91.6813371,26.1655256]]}},{"type":"Feature","properties":{"id":1190528659,"highway":"residential","name":null,"oneway":null,"junction":null},"geometry":{"type":"LineString","coordinates":[[91.6814176,26.1667625],[91.6828682,26.1670286]]}},{"type":"Feature","properties":{"id":1190528660,"highway":"residential","name":null,"oneway":null,"junction":null},"geometry":{"type":"LineString","coordinates":[[91.6812508,26.1666531],[91.6812942,26.1667144],[91.6813264,26.1667481],[91.6813693,26.1667577],[91.6814176,26.1667625]]}},{"type":"Feature","properties":{"id":1190528661,"highway":"residential","name":null,"oneway":null,"junction":null},"geometry":{"type":"LineString","coordinates":[[91.681424,26.1673331],[91.6813478,26.1672582],[91.6814176,26.1667625]]}},{"type":"Feature","properties":{"id":1190528662,"highway":"residential","name":null,"oneway":null,"junction":null},"geometry":{"type":"LineString","coordinates":[[91.6820398,26.1664389],[91.6822383,26.1657905],[91.6823617,26.1654294],[91.6824636,26.1653139],[91.6825313,26.1649481]]}},{"type":"Feature","properties":{"id":1190528663,"highway":"residential","name":null,"oneway":null,"junction":null},"geometry":{"type":"LineString","coordinates":[[91.6828123,26.1654246],[91.6826674,26.1658961]]}},{"type":"Feature","properties":{"id":1190528664,"highway":"residential","name":null,"oneway":null,"junction":null},"geometry":{"type":"LineString","coordinates":[[91.6828123,26.1654246],[91.6831831,26.1655208]]}},{"type":"Feature","properties":{"id":1190528665,"highway":"residential","name":null,"oneway":null,"junction":null},"geometry":{"type":"LineString","coordinates":[[91.6828123,26.1654246],[91.6829361,26.1650398]]}},{"type":"Feature","properties":{"id":1190528962,"highway":"residential","name":null,"oneway":null,"junction":null},"geometry":{"type":"LineString","coordinates":[[91.6802002,26.1635442],[91.6801749,26.1641384]]}},{"type":"Feature","properties":{"id":1190528963,"highway":"residential","name":null,"oneway":null,"junction":null},"geometry":{"type":"LineString","coordinates":[[91.6806589,26.1611827],[91.6801519,26.1611587],[91.6801036,26.1611153],[91.6801332,26.1604844]]}},{"type":"Feature","properties":{"id":1190528964,"highway":"residential","name":null,"oneway":null,"junction":null},"geometry":{"type":"LineString","coordinates":[[91.6802458,26.1581096],[91.6802628,26.1579985],[91.6803442,26.1578931]]}},{"type":"Feature","properties":{"id":1190528965,"highway":"residential","name":null,"oneway":null,"junction":null},"geometry":{"type":"LineString","coordinates":[[91.6831183,26.1624146],[91.6830808,26.1625397],[91.6828744,26.1628395]]}},{"type":"Feature","properties":{"id":1190528966,"highway":"residential","name":null,"oneway":null,"junction":null},"geometry":{"type":"LineString","coordinates":[[91.6810423,26.1616262],[91.6810047,26.1618514],[91.6808867,26.1620343],[91.6806936,26.1624658]]}},{"type":"Feature","properties":{"id":1190529134,"highway":"residential","name":null,"oneway":null,"junction":null},"geometry":{"type":"LineString","coordinates":[[91.6645558,26.1662606],[91.6646309,26.1654614]]}},{"type":"Feature","properties":{"id":1190530199,"highway":"residential","name":null,"oneway":null,"junction":null},"geometry":{"type":"LineString","coordinates":[[91.6779169,26.1684787],[91.6779041,26.1682495],[91.6779148,26.168028]]}},{"type":"Feature","properties":{"id":1190530200,"highway":"residential","name":null,"oneway":null,"junction":null},"geometry":{"type":"LineString","coordinates":[[91.6779148,26.168028],[91.6755867,26.1678884],[91.6755545,26.167898],[91.6755062,26.1681885]]}},{"type":"Feature","properties":{"id":1190530201,"highway":"residential","name":null,"oneway":null,"junction":null},"geometry":{"type":"LineString","coordinates":[[91.6779041,26.1682495],[91.6805434,26.1684084],[91.6810101,26.1684325]]}},{"type":"Feature","properties":{"id":1190530202,"highway":"residential","name":null,"oneway":null,"junction":null},"geometry":{"type":"LineString","coordinates":[[91.6779148,26.168028],[91.6779792,26.1680184],[91.6805273,26.1681677],[91.6809725,26.1681869],[91.6810369,26.1682062],[91.6810101,26.1684325],[91.6810101,26.1686579]]}},{"type":"Feature","properties":{"id":1190530203,"highway":"residential","name":null,"oneway":null,"junction":null},"geometry":{"type":"LineString","coordinates":[[91.6805434,26.1684084],[91.6805428,26.1683139],[91.6805273,26.1681677]]}},{"type":"Feature","properties":{"id":1190530270,"highway":"residential","name":null,"oneway":null,"junction":null},"geometry":{"type":"LineString","coordinates":[[91.6749686,26.1681238],[91.6749847,26.1676677]]}},{"type":"Feature","properties":{"id":1190530271,"highway":"residential","name":null,"oneway":null,"junction":null},"geometry":{"type":"LineString","coordinates":[[91.6831616,26.1676673],[91.6825977,26.1675518],[91.682521,26.1676292]]}},{"type":"Feature","properties":{"id":1190530272,"highway":"residential","name":null,"oneway":null,"junction":null},"geometry":{"type":"LineString","coordinates":[[91.6831288,26.1676909],[91.6831717,26.1679753]]}},{"type":"Feature","properties":{"id":1190530628,"highway":"residential","name":null,"oneway":null,"junction":null},"geometry":{"type":"LineString","coordinates":[[91.6759568,26.1687022],[91.6768849,26.1688515],[91.6777893,26.1690107],[91.6782667,26.16903]]}},{"type":"Feature","properties":{"id":1190530629,"highway":"residential","name":null,"oneway":null,"junction":null},"geometry":{"type":"LineString","coordinates":[[91.6759568,26.1687022],[91.6752273,26.1685433],[91.674149,26.168447],[91.6737306,26.1684036],[91.6736823,26.1684181],[91.6734141,26.1683699]]}},{"type":"Feature","properties":{"id":1190530630,"highway":"residential","name":null,"oneway":null,"junction":null},"geometry":{"type":"LineString","coordinates":[[91.6734141,26.1683699],[91.6734456,26.1679344]]}},{"type":"Feature","properties":{"id":1190530631,"highway":"residential","name":null,"oneway":null,"junction":null},"geometry":{"type":"LineString","coordinates":[[91.6736823,26.1684181],[91.6736548,26.1688423],[91.6735797,26.1694103]]}},{"type":"Feature","properties":{"id":1190530632,"highway":"residential","name":null,"oneway":null,"junction":null},"geometry":{"type":"LineString","coordinates":[[91.6758388,26.1691934],[91.6759568,26.1687022]]}},{"type":"Feature","properties":{"id":1190530633,"highway":"residential","name":null,"oneway":null,"junction":null},"geometry":{"type":"LineString","coordinates":[[91.6758388,26.1691934],[91.6777126,26.1694389]]}},{"type":"Feature","properties":{"id":1190530634,"highway":"residential","name":null,"oneway":null,"junction":null},"geometry":{"type":"LineString","coordinates":[[91.6758388,26.1691934],[91.6746318,26.1690537]]}},{"type":"Feature","properties":{"id":1190531303,"highway":"residential","name":null,"oneway":null,"junction":null},"geometry":{"type":"LineString","coordinates":[[91.6805756,26.169829],[91.6806399,26.1693496]]}},{"type":"Feature","properties":{"id":1190531304,"highway":"residential","name":null,"oneway":null,"junction":null},"geometry":{"type":"LineString","coordinates":[[91.6825191,26.1702767],[91.6824641,26.1705071]]}},{"type":"Feature","properties":{"id":1190643071,"highway":"residential","name":null,"oneway":null,"junction":null},"geometry":{"type":"LineString","coordinates":[[91.7375942,26.1717391],[91.7377447,26.1717795]]}},{"type":"Feature","properties":{"id":1192599845,"highway":"residential","name":null,"oneway":null,"junction":null},"geometry":{"type":"LineString","coordinates":[[91.6957372,26.1860244],[91.6958984,26.1859955],[91.697045,26.1859867],[91.6977652,26.1859811],[91.6978358,26.186024],[91.6978428,26.1869292]]}},{"type":"Feature","properties":{"id":1192924859,"highway":"residential","name":null,"oneway":null,"junction":null},"geometry":{"type":"LineString","coordinates":[[91.7411387,26.1777042],[91.7410943,26.17761],[91.7408046,26.1773476]]}},{"type":"Feature","properties":{"id":1195999808,"highway":"residential","name":null,"oneway":null,"junction":null},"geometry":{"type":"LineString","coordinates":[[91.7363563,26.1703584],[91.7350377,26.1702304]]}},{"type":"Feature","properties":{"id":1200772287,"highway":"tertiary","name":null,"oneway":"yes","junction":null},"geometry":{"type":"LineString","coordinates":[[91.7405506,26.1818889],[91.7399682,26.1808197],[91.7397888,26.1805931],[91.7396127,26.180458],[91.7394119,26.1804032],[91.7391474,26.1803692],[91.7388891,26.1803381]]}},{"type":"Feature","properties":{"id":1200772288,"highway":"residential","name":null,"oneway":null,"junction":null},"geometry":{"type":"LineString","coordinates":[[91.7369156,26.1817583],[91.7376313,26.1812534],[91.737882,26.1810939],[91.7387258,26.1805013],[91.7387403,26.1804869],[91.7388891,26.1803381]]}},{"type":"Feature","properties":{"id":1211208296,"highway":"residential","name":null,"oneway":null,"junction":null},"geometry":{"type":"LineString","coordinates":[[91.6881602,26.1617131],[91.6884021,26.1617936]]}},{"type":"Feature","properties":{"id":1211208297,"highway":"residential","name":null,"oneway":null,"junction":null},"geometry":{"type":"LineString","coordinates":[[91.6884021,26.1617936],[91.6884461,26.1618083],[91.6885134,26.1618294]]}},{"type":"Feature","properties":{"id":1216389859,"highway":"service","name":null,"oneway":null,"junction":null},"geometry":{"type":"LineString","coordinates":[[91.6815989,26.1582133],[91.6816496,26.1579675],[91.6816761,26.1579337],[91.6817238,26.1579182],[91.681886,26.1579352],[91.681937,26.15796],[91.6819662,26.1580006],[91.6820102,26.1582416]]}},{"type":"Feature","properties":{"id":1216389860,"highway":"residential","name":null,"oneway":null,"junction":null},"geometry":{"type":"LineString","coordinates":[[91.6806901,26.1591162],[91.6808781,26.1591319]]}},{"type":"Feature","properties":{"id":1216389861,"highway":"service","name":null,"oneway":null,"junction":null},"geometry":{"type":"LineString","coordinates":[[91.6801847,26.1581056],[91.6801802,26.1580149],[91.6801499,26.1579865],[91.6800023,26.1579792],[91.6799544,26.1580032],[91.679931,26.158089]]}},{"type":"Feature","properties":{"id":1216389862,"highway":"service","name":null,"oneway":null,"junction":null},"geometry":{"type":"LineString","coordinates":[[91.6798113,26.1580812],[91.6798285,26.15786]]}},{"type":"Feature","properties":{"id":1216389863,"highway":"residential","name":null,"oneway":null,"junction":null},"geometry":{"type":"LineString","coordinates":[[91.6783818,26.1579876],[91.6784173,26.1576338],[91.6783073,26.1576183],[91.6782895,26.1572717]]}},{"type":"Feature","properties":{"id":1216389864,"highway":"residential","name":null,"oneway":null,"junction":null},"geometry":{"type":"LineString","coordinates":[[91.6784895,26.1599033],[91.679476,26.1599572],[91.679396,26.1604644],[91.6793843,26.1610539]]}},{"type":"Feature","properties":{"id":1216397884,"highway":"residential","name":null,"oneway":null,"junction":null},"geometry":{"type":"LineString","coordinates":[[91.7150261,26.1611295],[91.715289,26.1616254],[91.7153801,26.1617169],[91.715525,26.1618228],[91.7156805,26.1619913],[91.7159304,26.1624194]]}},{"type":"Feature","properties":{"id":1218676025,"highway":"residential","name":null,"oneway":null,"junction":null},"geometry":{"type":"LineString","coordinates":[[91.7397347,26.182996],[91.7395566,26.1827114],[91.7393427,26.182397]]}},{"type":"Feature","properties":{"id":1219474418,"highway":"residential","name":null,"oneway":null,"junction":null},"geometry":{"type":"LineString","coordinates":[[91.6868106,26.1607776],[91.6880485,26.1611168]]}},{"type":"Feature","properties":{"id":1219694427,"highway":"residential","name":null,"oneway":null,"junction":null},"geometry":{"type":"LineString","coordinates":[[91.6887063,26.1471868],[91.6890215,26.1472398],[91.6895876,26.1472315],[91.6908883,26.1474189],[91.6917768,26.1475901],[91.6925346,26.1477531],[91.6935483,26.1479778],[91.694056,26.1483233],[91.6946954,26.1488972],[91.6951994,26.14962],[91.6955744,26.1501553],[91.695777,26.1503184]]}},{"type":"Feature","properties":{"id":1221400147,"highway":"service","name":null,"oneway":null,"junction":null},"geometry":{"type":"LineString","coordinates":[[91.7416194,26.2050574],[91.7418239,26.205233],[91.7418138,26.2052896],[91.7415717,26.2052114],[91.7414765,26.2054947]]}},{"type":"Feature","properties":{"id":1221519907,"highway":"residential","name":null,"oneway":null,"junction":null},"geometry":{"type":"LineString","coordinates":[[91.7149427,26.163761],[91.7149168,26.1638214],[91.7148038,26.164017],[91.7147685,26.1640858],[91.7147362,26.1641887],[91.7147327,26.1642483],[91.7147031,26.1643513],[91.7146674,26.1644434],[91.7146489,26.1645227],[91.714665,26.1646434],[91.714737,26.164816],[91.7147814,26.1649029],[91.7147938,26.1649496],[91.7147898,26.16504],[91.7147813,26.165103]]}},{"type":"Feature","properties":{"id":1226377470,"highway":"residential","name":null,"oneway":null,"junction":null},"geometry":{"type":"LineString","coordinates":[[91.6854654,26.15849],[91.6854817,26.1580739],[91.6855433,26.1577681],[91.685833,26.1577801],[91.6866082,26.1578259],[91.68726,26.1578788],[91.6877267,26.1579366],[91.6880056,26.1579631],[91.6883362,26.1579936]]}},{"type":"Feature","properties":{"id":1227284533,"highway":"service","name":null,"oneway":null,"junction":null},"geometry":{"type":"LineString","coordinates":[[91.6492984,26.1892496],[91.6495219,26.1895487],[91.6495712,26.1895858],[91.6496274,26.1896018],[91.6496816,26.1895858],[91.6497309,26.189554],[91.6497566,26.1895168],[91.6497556,26.1894726],[91.649726,26.1893964],[91.6495753,26.1890844]]}},{"type":"Feature","properties":{"id":1227509692,"highway":"residential","name":null,"oneway":null,"junction":null},"geometry":{"type":"LineString","coordinates":[[91.6812867,26.1858145],[91.68093,26.1849446],[91.6809307,26.1849165],[91.6809416,26.1849035],[91.6809926,26.1848829],[91.6813545,26.1847532],[91.6817477,26.1846124]]}},{"type":"Feature","properties":{"id":1227509693,"highway":"service","name":null,"oneway":null,"junction":null},"geometry":{"type":"LineString","coordinates":[[91.6813545,26.1847532],[91.6813536,26.1847845],[91.6813592,26.1848143],[91.6814668,26.1850664]]}},{"type":"Feature","properties":{"id":1227509694,"highway":"residential","name":null,"oneway":null,"junction":null},"geometry":{"type":"LineString","coordinates":[[91.6821407,26.1701862],[91.682237,26.1698391],[91.6822729,26.1697988],[91.6825284,26.1696671],[91.6825446,26.1696587],[91.6827518,26.1695514],[91.6829438,26.1694536],[91.6831416,26.1693436]]}},{"type":"Feature","properties":{"id":1227509697,"highway":"residential","name":null,"oneway":null,"junction":null},"geometry":{"type":"LineString","coordinates":[[91.6815619,26.1700978],[91.6820252,26.1697899],[91.6822218,26.1696739],[91.6822868,26.1696394],[91.6826816,26.1694492],[91.6827032,26.1694364],[91.6827972,26.1693808],[91.6830719,26.1692415],[91.6832107,26.1691784]]}},{"type":"Feature","properties":{"id":1227509698,"highway":"residential","name":null,"oneway":null,"junction":null},"geometry":{"type":"LineString","coordinates":[[91.6827032,26.1694364],[91.6823173,26.168784]]}},{"type":"Feature","properties":{"id":1227509699,"highway":"service","name":null,"oneway":null,"junction":null},"geometry":{"type":"LineString","coordinates":[[91.6809247,26.1700363],[91.6808065,26.1701408],[91.6807211,26.1702072],[91.6806513,26.1702699],[91.6806266,26.1703018],[91.6806177,26.1703269]]}},{"type":"Feature","properties":{"id":1227509700,"highway":"service","name":null,"oneway":null,"junction":null},"geometry":{"type":"LineString","coordinates":[[91.6806177,26.1703269],[91.6806082,26.1703639],[91.6805948,26.1704173],[91.6804646,26.1707495],[91.6804426,26.1707847],[91.6803981,26.1708352],[91.6803412,26.1708881],[91.6800221,26.171122],[91.679663,26.1713811],[91.6795929,26.1714223],[91.6795131,26.1714291],[91.6794242,26.1714205],[91.6791148,26.1713775]]}},{"type":"Feature","properties":{"id":1227509701,"highway":"service","name":null,"oneway":null,"junction":null},"geometry":{"type":"LineString","coordinates":[[91.6793298,26.1702003],[91.6793172,26.1702739],[91.6793109,26.1703078],[91.6792546,26.1706145]]}},{"type":"Feature","properties":{"id":1227509702,"highway":"service","name":null,"oneway":null,"junction":null},"geometry":{"type":"LineString","coordinates":[[91.6776105,26.1701832],[91.6762396,26.1700759]]}},{"type":"Feature","properties":{"id":1227664552,"highway":"service","name":null,"oneway":null,"junction":null},"geometry":{"type":"LineString","coordinates":[[91.6825507,26.1842878],[91.6824689,26.1842124],[91.6823856,26.1841852],[91.6822848,26.1841949],[91.6821434,26.1842442],[91.6821036,26.1842921],[91.6820889,26.1843908],[91.6822702,26.1848446],[91.6823083,26.1848938],[91.6823649,26.1849241],[91.682433,26.1849258],[91.6825021,26.184907],[91.6825557,26.1848756],[91.6826524,26.1848017]]}},{"type":"Feature","properties":{"id":1227664553,"highway":"service","name":null,"oneway":null,"junction":null},"geometry":{"type":"LineString","coordinates":[[91.6830686,26.1839621],[91.6829501,26.1840029],[91.682846,26.1840771],[91.6825507,26.1842878],[91.682526,26.1843327],[91.6825171,26.1844064],[91.6825354,26.1844982],[91.6826524,26.1848017],[91.6828539,26.1851341],[91.6831266,26.1856808],[91.6835729,26.1868011],[91.6836932,26.1870507],[91.6838749,26.1873586],[91.6839171,26.1874132],[91.6840706,26.1875341],[91.6841466,26.1876278],[91.6841781,26.187699],[91.6841622,26.1877231],[91.6841079,26.1877426]]}},{"type":"Feature","properties":{"id":1227664554,"highway":"service","name":null,"oneway":null,"junction":null},"geometry":{"type":"LineString","coordinates":[[91.6838749,26.1873586],[91.6842166,26.18725]]}},{"type":"Feature","properties":{"id":1227664555,"highway":"service","name":null,"oneway":null,"junction":null},"geometry":{"type":"LineString","coordinates":[[91.6825021,26.184907],[91.6827217,26.1852307],[91.6831077,26.1861166],[91.6834836,26.1869453],[91.6837582,26.1874625],[91.6841457,26.1882135],[91.6841895,26.1883148],[91.6842413,26.1884455],[91.6844787,26.1890975],[91.6845107,26.1892322],[91.68459,26.1896662],[91.684795,26.1901854]]}},{"type":"Feature","properties":{"id":1227664556,"highway":"service","name":null,"oneway":null,"junction":null},"geometry":{"type":"LineString","coordinates":[[91.6845107,26.1892322],[91.6844184,26.1892074],[91.6843765,26.1891786],[91.6843449,26.1891374],[91.6840797,26.1884665],[91.6840416,26.1883887],[91.6839982,26.1882962],[91.6839482,26.1882151],[91.6836658,26.1877613],[91.6835366,26.1875493],[91.6834762,26.1874315],[91.6834293,26.1873326],[91.6832627,26.1869489],[91.6829276,26.1861529],[91.6826875,26.185589],[91.6825835,26.1852941],[91.682537,26.1851322],[91.6825021,26.184907]]}},{"type":"Feature","properties":{"id":1227664557,"highway":"service","name":null,"oneway":null,"junction":null},"geometry":{"type":"LineString","coordinates":[[91.6819642,26.1841375],[91.6819873,26.1841836],[91.6820251,26.1842437],[91.6821036,26.1842921]]}},{"type":"Feature","properties":{"id":1227664558,"highway":"residential","name":null,"oneway":null,"junction":null},"geometry":{"type":"LineString","coordinates":[[91.6888342,26.1984494],[91.6876454,26.1979323],[91.6875859,26.1978602],[91.6875807,26.1978018],[91.6875898,26.1975228],[91.687584,26.1971921],[91.6875544,26.196957],[91.6874093,26.1964164],[91.6873235,26.1961908],[91.6873163,26.1961543]]}},{"type":"Feature","properties":{"id":1227664559,"highway":"residential","name":null,"oneway":"yes","junction":null},"geometry":{"type":"LineString","coordinates":[[91.6888342,26.1984494],[91.6891096,26.1985797],[91.6894002,26.1987734],[91.6895889,26.198927],[91.6898139,26.1991443],[91.6900654,26.1994665],[91.6902137,26.1997427]]}},{"type":"Feature","properties":{"id":1227664560,"highway":"residential","name":null,"oneway":"yes","junction":null},"geometry":{"type":"LineString","coordinates":[[91.6902137,26.1997427],[91.6900152,26.1995081],[91.6898288,26.1993132],[91.6897097,26.1991829],[91.6893794,26.198875],[91.6891718,26.1986831],[91.6888342,26.1984494]]}},{"type":"Feature","properties":{"id":1227924360,"highway":"service","name":null,"oneway":null,"junction":null},"geometry":{"type":"LineString","coordinates":[[91.6829434,26.158306],[91.6829807,26.1578809]]}},{"type":"Feature","properties":{"id":1231339055,"highway":"residential","name":null,"oneway":null,"junction":null},"geometry":{"type":"LineString","coordinates":[[91.6780405,26.149666],[91.6788683,26.1498186],[91.6793354,26.1499184],[91.6798822,26.1500353],[91.6804614,26.1501454],[91.6806171,26.150175],[91.6808693,26.1502038]]}},{"type":"Feature","properties":{"id":1233234196,"highway":"residential","name":null,"oneway":null,"junction":null},"geometry":{"type":"LineString","coordinates":[[91.7414896,26.1772555],[91.7415109,26.1773566]]}},{"type":"Feature","properties":{"id":1238593177,"highway":"primary","name":null,"oneway":"yes","junction":null},"geometry":{"type":"LineString","coordinates":[[91.7418133,26.1876957],[91.7422781,26.187872],[91.7430719,26.1881886],[91.7432271,26.1882561],[91.7433042,26.1882956],[91.743925,26.1885595],[91.7448581,26.1888667],[91.7456642,26.1891321],[91.7459373,26.1892151],[91.7469789,26.1895317],[91.7473041,26.1896306],[91.7481684,26.1898767],[91.7492735,26.1902132],[91.7495971,26.1902946],[91.7497164,26.1903076],[91.749796,26.1902822],[91.7498351,26.1901754]]}},{"type":"Feature","properties":{"id":1249577077,"highway":"residential","name":null,"oneway":null,"junction":null},"geometry":{"type":"LineString","coordinates":[[91.7397147,26.176115],[91.7394316,26.17625]]}},{"type":"Feature","properties":{"id":1257321453,"highway":"residential","name":null,"oneway":null,"junction":null},"geometry":{"type":"LineString","coordinates":[[91.6977015,26.1584329],[91.6976458,26.1588286],[91.6976598,26.1588775],[91.6977376,26.1588817],[91.6993587,26.1591135]]}},{"type":"Feature","properties":{"id":1257321454,"highway":"tertiary","name":null,"oneway":null,"junction":null},"geometry":{"type":"LineString","coordinates":[[91.7034992,26.1577425],[91.7035489,26.1577496],[91.7041981,26.1578417],[91.7046256,26.158065],[91.7047643,26.1581725],[91.7049413,26.1585734],[91.7049253,26.1591341],[91.7048654,26.1595272],[91.7048506,26.1596239],[91.704828,26.1597559],[91.7048243,26.1597774],[91.7048077,26.1598872]]}},{"type":"Feature","properties":{"id":1257321455,"highway":"residential","name":null,"oneway":null,"junction":null},"geometry":{"type":"LineString","coordinates":[[91.7006115,26.159236],[91.6993587,26.1591135]]}},{"type":"Feature","properties":{"id":1258475234,"highway":"tertiary","name":null,"oneway":null,"junction":null},"geometry":{"type":"LineString","coordinates":[[91.7005858,26.1594348],[91.7006011,26.159311]]}},{"type":"Feature","properties":{"id":1258480180,"highway":"residential","name":null,"oneway":null,"junction":null},"geometry":{"type":"LineString","coordinates":[[91.7414333,26.1817651],[91.7415673,26.1806603]]}},{"type":"Feature","properties":{"id":1266439184,"highway":"residential","name":null,"oneway":null,"junction":null},"geometry":{"type":"LineString","coordinates":[[91.7357473,26.1779188],[91.7362584,26.1775549]]}},{"type":"Feature","properties":{"id":1266648458,"highway":"tertiary_link","name":null,"oneway":"yes","junction":null},"geometry":{"type":"LineString","coordinates":[[91.6938529,26.1591433],[91.6939823,26.1592138],[91.6941714,26.1592148],[91.6946319,26.1592137],[91.6951522,26.1591956],[91.695439,26.1591857],[91.6960607,26.1591614],[91.6962666,26.1591533],[91.6964195,26.1591544],[91.6971027,26.1591591],[91.6974585,26.159168],[91.6983822,26.159239],[91.6994865,26.1593372],[91.7005858,26.1594348],[91.7008308,26.1594566],[91.701228,26.1594996],[91.7044523,26.1598487],[91.7048077,26.1598872],[91.7052568,26.1599358],[91.7061671,26.1600343],[91.7069313,26.1601171],[91.7070297,26.160134],[91.7076232,26.1602611],[91.7078571,26.160313],[91.7083345,26.1604683],[91.709558,26.1608515],[91.7097523,26.1609123],[91.7098669,26.1609482],[91.7099702,26.1609709],[91.7116266,26.161387],[91.7119892,26.1615491],[91.712426,26.1618506],[91.7130112,26.1622717],[91.7138956,26.1629121],[91.7140311,26.1630168],[91.7146849,26.1635524],[91.7148539,26.1636858],[91.7149427,26.163761],[91.715379,26.1641309],[91.7154567,26.1641886],[91.7157958,26.1644401],[91.7160067,26.1645197]]}},{"type":"Feature","properties":{"id":1266648607,"highway":"tertiary","name":null,"oneway":"yes","junction":null},"geometry":{"type":"LineString","coordinates":[[91.716094,26.1644547],[91.7159806,26.1642832],[91.7157322,26.1640875],[91.7149706,26.1635159],[91.7148981,26.1634615],[91.7140146,26.1627946],[91.7131074,26.1621394],[91.7125242,26.161716],[91.7120779,26.1614248],[91.7118831,26.1613215],[91.7117297,26.1612573],[91.7110473,26.161047],[91.7082514,26.160275],[91.7070405,26.1600062],[91.7069579,26.1599969],[91.704828,26.1597559],[91.7013549,26.159363],[91.7008726,26.1593084],[91.700605,26.1592831],[91.6993475,26.1591727],[91.6974289,26.1590019],[91.6968963,26.1589743],[91.6954697,26.1589942],[91.6940067,26.1590258],[91.6939725,26.1590266],[91.6938468,26.1590704]]}},{"type":"Feature","properties":{"id":1266694484,"highway":"residential","name":null,"oneway":null,"junction":null},"geometry":{"type":"LineString","coordinates":[[91.7325698,26.1707091],[91.7325763,26.1706804],[91.7326285,26.1705303],[91.7327253,26.1703674],[91.7327701,26.1702903],[91.7327579,26.170182],[91.7327359,26.1699563]]}},{"type":"Feature","properties":{"id":1266694485,"highway":"residential","name":null,"oneway":null,"junction":null},"geometry":{"type":"LineString","coordinates":[[91.7325565,26.1707515],[91.7325698,26.1707091]]}},{"type":"Feature","properties":{"id":1266728014,"highway":"residential","name":null,"oneway":null,"junction":null},"geometry":{"type":"LineString","coordinates":[[91.7027,26.1544511],[91.7027095,26.1545846],[91.7027256,26.1546269],[91.7027639,26.1546891],[91.702841,26.1547447],[91.7029204,26.1547827],[91.7030051,26.1548112],[91.7030922,26.154832]]}},{"type":"Feature","properties":{"id":1266728653,"highway":"residential","name":null,"oneway":null,"junction":null},"geometry":{"type":"LineString","coordinates":[[91.7006679,26.1524364],[91.7007036,26.1528117]]}},{"type":"Feature","properties":{"id":1266738792,"highway":"residential","name":null,"oneway":null,"junction":null},"geometry":{"type":"LineString","coordinates":[[91.6957446,26.1619012],[91.6962208,26.1618984],[91.6967727,26.1619476],[91.6971306,26.1620285],[91.6971823,26.16204],[91.6972253,26.1620562],[91.6972394,26.1621014],[91.6971817,26.1622565]]}},{"type":"Feature","properties":{"id":1266740699,"highway":"residential","name":null,"oneway":null,"junction":null},"geometry":{"type":"LineString","coordinates":[[91.688247,26.1665299],[91.6882849,26.166708],[91.6883467,26.1669012],[91.6884159,26.1670061],[91.6885365,26.1671158],[91.6886832,26.16716]]}},{"type":"Feature","properties":{"id":1266741684,"highway":"residential","name":null,"oneway":null,"junction":null},"geometry":{"type":"LineString","coordinates":[[91.6898131,26.1697508],[91.6896447,26.1698158],[91.6895734,26.169855],[91.6894484,26.1699121],[91.6893756,26.1699798],[91.6893363,26.1700894],[91.6893093,26.1702247],[91.689296,26.1704436]]}},{"type":"Feature","properties":{"id":1266742464,"highway":"service","name":null,"oneway":null,"junction":null},"geometry":{"type":"LineString","coordinates":[[91.7078571,26.160313],[91.707817,26.1604226],[91.7077277,26.1606611],[91.7076145,26.1610657]]}},{"type":"Feature","properties":{"id":1266742639,"highway":"residential","name":null,"oneway":null,"junction":null},"geometry":{"type":"LineString","coordinates":[[91.6911338,26.1707411],[91.6912244,26.1706029],[91.6913109,26.1704826],[91.6913939,26.1703864],[91.6914401,26.170336]]}},{"type":"Feature","properties":{"id":1266742821,"highway":"service","name":null,"oneway":"yes","junction":null},"geometry":{"type":"LineString","coordinates":[[91.7097523,26.1609123],[91.7097519,26.1609441],[91.7097527,26.1609728],[91.7097552,26.1610013],[91.7097675,26.1610225],[91.7097886,26.1610385],[91.7098259,26.1610459],[91.7098797,26.1610596],[91.7099113,26.1610632],[91.7099332,26.1610536],[91.7099444,26.1610369],[91.7099576,26.1610027],[91.7099702,26.1609709]]}},{"type":"Feature","properties":{"id":1266743880,"highway":"residential","name":null,"oneway":null,"junction":null},"geometry":{"type":"LineString","coordinates":[[91.6869482,26.168084],[91.6870069,26.1680874],[91.6870352,26.1681036],[91.6870629,26.1681271],[91.6873312,26.168743],[91.6876522,26.1692587],[91.6877267,26.1693119],[91.6877959,26.169367],[91.688013,26.1696039]]}},{"type":"Feature","properties":{"id":1270794493,"highway":"residential","name":null,"oneway":null,"junction":null},"geometry":{"type":"LineString","coordinates":[[91.6946172,26.1617067],[91.6951808,26.161791],[91.6955434,26.1618619]]}},{"type":"Feature","properties":{"id":1270794494,"highway":"residential","name":null,"oneway":null,"junction":null},"geometry":{"type":"LineString","coordinates":[[91.6955434,26.1618619],[91.6957446,26.1619012]]}},{"type":"Feature","properties":{"id":1270794495,"highway":"unclassified","name":null,"oneway":null,"junction":null},"geometry":{"type":"LineString","coordinates":[[91.6938548,26.1612975],[91.6939849,26.1613886]]}},{"type":"Feature","properties":{"id":1270794496,"highway":"unclassified","name":null,"oneway":null,"junction":null},"geometry":{"type":"LineString","coordinates":[[91.6933153,26.160886],[91.6934738,26.1609514]]}},{"type":"Feature","properties":{"id":1289573613,"highway":"tertiary","name":null,"oneway":null,"junction":null},"geometry":{"type":"LineString","coordinates":[[91.7414733,26.1773945],[91.7415109,26.1773566]]}},{"type":"Feature","properties":{"id":1292992482,"highway":"residential","name":null,"oneway":null,"junction":null},"geometry":{"type":"LineString","coordinates":[[91.6928682,26.230491],[91.6929638,26.230574]]}},{"type":"Feature","properties":{"id":1300169029,"highway":"primary","name":"Maligaon Flyover","oneway":"yes","junction":null},"geometry":{"type":"LineString","coordinates":[[91.6938529,26.1591433],[91.6940163,26.1591403]]}},{"type":"Feature","properties":{"id":1300169030,"highway":"primary","name":"Maligaon Flyover","oneway":"yes","junction":null},"geometry":{"type":"LineString","coordinates":[[91.6940223,26.1590647],[91.6938468,26.1590704]]}},{"type":"Feature","properties":{"id":1300169031,"highway":"primary","name":"Maligaon Flyover","oneway":"yes","junction":null},"geometry":{"type":"LineString","coordinates":[[91.6940163,26.1591403],[91.6947631,26.1591467],[91.6951595,26.1591287],[91.695803,26.1591071],[91.6962023,26.1591052],[91.696926,26.1591112],[91.6974565,26.1591366],[91.6980166,26.1591728],[91.6983862,26.1592025],[91.6990776,26.1592629],[91.700113,26.1593535],[91.7005457,26.1593913],[91.7006456,26.1593992],[91.7012077,26.1594651],[91.7014634,26.1594908],[91.7019704,26.1595437],[91.7031895,26.1596677],[91.7044225,26.15981],[91.7045775,26.1598291],[91.7047529,26.1598492],[91.7048565,26.1598611],[91.7052665,26.1599014],[91.7055699,26.1599374],[91.7061947,26.1599996],[91.7067286,26.160065],[91.7068949,26.1600882],[91.7069903,26.1601022],[91.707643,26.160226],[91.7079289,26.1603098],[91.7090407,26.1606632],[91.7093235,26.1607477],[91.7095962,26.1608227],[91.7099828,26.1609369],[91.7107657,26.1611249],[91.7114435,26.1612948],[91.7117732,26.161401],[91.7120505,26.1615462],[91.7126514,26.1619559],[91.7129875,26.1621924],[91.713059,26.1622451],[91.7133343,26.1624601],[91.7137502,26.1627749],[91.7141742,26.1631053],[91.7144495,26.1633144],[91.7148602,26.1636379],[91.7149882,26.1637406],[91.7154984,26.1641325],[91.7156767,26.164276],[91.715777,26.16435]]}},{"type":"Feature","properties":{"id":1300169034,"highway":"tertiary","name":"Pandu Road","oneway":null,"junction":null},"geometry":{"type":"LineString","coordinates":[[91.6961879,26.1591239],[91.696131,26.1591903]]}},{"type":"Feature","properties":{"id":1300169035,"highway":"tertiary","name":"Pandu Road","oneway":null,"junction":null},"geometry":{"type":"LineString","coordinates":[[91.6962023,26.1591052],[91.6961879,26.1591239]]}},{"type":"Feature","properties":{"id":1300194652,"highway":"tertiary","name":null,"oneway":null,"junction":null},"geometry":{"type":"LineString","coordinates":[[91.696131,26.1591903],[91.6960393,26.1593009],[91.6959755,26.1593731],[91.6956296,26.1597103],[91.6955254,26.159842],[91.6954234,26.1599737],[91.6950897,26.1605863],[91.695032,26.1607092],[91.6947721,26.1612176],[91.6947352,26.1613146],[91.6946972,26.1614116]]}},{"type":"Feature","properties":{"id":1300194653,"highway":"tertiary","name":null,"oneway":"yes","junction":null},"geometry":{"type":"LineString","coordinates":[[91.694675,26.1614782],[91.6947442,26.1614485],[91.6948312,26.161243],[91.694971,26.1609542],[91.6952311,26.1604391],[91.6954886,26.1600033],[91.6956978,26.1597505],[91.6960251,26.1594568],[91.6964195,26.1591544]]}},{"type":"Feature","properties":{"id":1300194989,"highway":"tertiary","name":null,"oneway":"yes","junction":null},"geometry":{"type":"LineString","coordinates":[[91.6960607,26.1591614],[91.6959582,26.1592633],[91.6958321,26.1593981],[91.6956175,26.1596509],[91.6954378,26.159858],[91.6952286,26.1601974],[91.6950152,26.1605805],[91.6947673,26.1610593],[91.6946948,26.1612134],[91.6946358,26.1614084],[91.694675,26.1614782]]}},{"type":"Feature","properties":{"id":1303627058,"highway":"service","name":null,"oneway":null,"junction":null},"geometry":{"type":"LineString","coordinates":[[91.6955688,26.1522489],[91.6955645,26.1522772],[91.6955645,26.1522986],[91.6955526,26.1523128],[91.6949547,26.1524085]]}},{"type":"Feature","properties":{"id":1303627736,"highway":"residential","name":null,"oneway":null,"junction":null},"geometry":{"type":"LineString","coordinates":[[91.6926528,26.1490642],[91.6930238,26.1485786],[91.6931591,26.1484119],[91.6935483,26.1479778]]}},{"type":"Feature","properties":{"id":1303627738,"highway":"residential","name":null,"oneway":null,"junction":null},"geometry":{"type":"LineString","coordinates":[[91.6935483,26.1479778],[91.6937214,26.1477354]]}},{"type":"Feature","properties":{"id":1303628857,"highway":"residential","name":"Jaswanta Road","oneway":"yes","junction":null},"geometry":{"type":"LineString","coordinates":[[91.7423033,26.1878212],[91.7426944,26.1868892],[91.742892,26.1864184]]}},{"type":"Feature","properties":{"id":1303628858,"highway":"tertiary","name":"Hem Baruah Road","oneway":null,"junction":null},"geometry":{"type":"LineString","coordinates":[[91.742892,26.1864184],[91.7421853,26.1860312]]}},{"type":"Feature","properties":{"id":1303628859,"highway":"primary","name":"M.G. Road","oneway":"yes","junction":null},"geometry":{"type":"LineString","coordinates":[[91.7423033,26.1878212],[91.7418475,26.1876465],[91.7414685,26.187454]]}},{"type":"Feature","properties":{"id":1303628860,"highway":"residential","name":"Jaswanta Road","oneway":null,"junction":null},"geometry":{"type":"LineString","coordinates":[[91.7423033,26.1878212],[91.7422781,26.187872]]}},{"type":"Feature","properties":{"id":1303630850,"highway":"residential","name":null,"oneway":null,"junction":null},"geometry":{"type":"LineString","coordinates":[[91.6990077,26.1496729],[91.6990497,26.1495751],[91.6990637,26.1494844],[91.6990356,26.1493358],[91.6990468,26.1491998],[91.6990636,26.1490888]]}},{"type":"Feature","properties":{"id":1303632682,"highway":"service","name":null,"oneway":null,"junction":null},"geometry":{"type":"LineString","coordinates":[[91.7006764,26.1553896],[91.700633,26.1554218],[91.7004709,26.1554736]]}},{"type":"Feature","properties":{"id":1303633312,"highway":"residential","name":null,"oneway":null,"junction":null},"geometry":{"type":"LineString","coordinates":[[91.6987612,26.1569835],[91.6975145,26.1572354],[91.6969519,26.1573695]]}},{"type":"Feature","properties":{"id":1303633313,"highway":"residential","name":null,"oneway":null,"junction":null},"geometry":{"type":"LineString","coordinates":[[91.6992392,26.1568564],[91.6994665,26.1568212]]}},{"type":"Feature","properties":{"id":1303634357,"highway":"tertiary","name":null,"oneway":null,"junction":null},"geometry":{"type":"LineString","coordinates":[[91.7013669,26.1592781],[91.7010258,26.1592724],[91.7006115,26.159236]]}},{"type":"Feature","properties":{"id":1303637830,"highway":"residential","name":null,"oneway":null,"junction":null},"geometry":{"type":"LineString","coordinates":[[91.7031516,26.1514155],[91.7032836,26.151445],[91.703468,26.1515022],[91.7035015,26.1515293],[91.7035518,26.1516015],[91.7035753,26.151761],[91.7035619,26.1518724],[91.7035216,26.1519687],[91.7034579,26.1521312],[91.703421,26.1522395],[91.7034143,26.1524622],[91.7034445,26.1525615],[91.7034244,26.1526007],[91.703411,26.1526398],[91.7034099,26.1526591],[91.7034143,26.1526849],[91.7035853,26.153016],[91.7036557,26.1531755],[91.7036859,26.1532989],[91.7036759,26.1533982],[91.7036524,26.1534734],[91.7036656,26.153569]]}},{"type":"Feature","properties":{"id":1303639550,"highway":"primary","name":"Kumar Bhaskar Varma Setu","oneway":"yes","junction":null},"geometry":{"type":"LineString","coordinates":[[91.7276096,26.1730964],[91.7278522,26.1733866],[91.7279765,26.1735593],[91.7280837,26.173754],[91.7281575,26.1739565],[91.728215,26.174293],[91.7282098,26.1745223],[91.7281801,26.1747176],[91.7281247,26.1749148],[91.7280343,26.1751062],[91.7278918,26.1753351],[91.7276772,26.1756032],[91.7185085,26.1856427],[91.7177901,26.1866394],[91.7173558,26.1874454],[91.7169865,26.1883029],[91.7155724,26.1919335],[91.715136,26.1927105],[91.7150438,26.1928747],[91.7146996,26.1932297],[91.7134281,26.194541],[91.7122909,26.1957242],[91.7121578,26.1958989],[91.7117074,26.196726],[91.711257,26.197866],[91.7108917,26.1992458],[91.7105055,26.2007044],[91.7102852,26.2015362],[91.7097735,26.2034688],[91.7096844,26.2038829],[91.7095994,26.2046915],[91.7095501,26.2058713],[91.7097532,26.208705],[91.7099384,26.211268],[91.7100283,26.2125121],[91.7097138,26.2139076],[91.7094602,26.2150332],[91.7089068,26.2174891],[91.7085614,26.2190217],[91.7085326,26.2191498],[91.7083584,26.2199227],[91.7081069,26.2204351],[91.7079144,26.2207294],[91.7077917,26.2208531],[91.7075692,26.2210776],[91.7075292,26.2211179],[91.7072653,26.2211981],[91.7069398,26.2212971],[91.7063453,26.2212432],[91.7033461,26.2209715],[91.6994638,26.2206197]]}},{"type":"Feature","properties":{"id":1303639551,"highway":"primary_link","name":null,"oneway":"yes","junction":null},"geometry":{"type":"LineString","coordinates":[[91.7335402,26.1784633],[91.7337488,26.1784373],[91.7338721,26.178384]]}},{"type":"Feature","properties":{"id":1303639552,"highway":"primary_link","name":null,"oneway":"yes","junction":null},"geometry":{"type":"LineString","coordinates":[[91.7340607,26.1781539],[91.7344114,26.1786152]]}},{"type":"Feature","properties":{"id":1303639553,"highway":"primary_link","name":null,"oneway":null,"junction":null},"geometry":{"type":"LineString","coordinates":[[91.7340607,26.1781539],[91.7340979,26.1780893]]}},{"type":"Feature","properties":{"id":1303639554,"highway":"primary","name":"Assam Trunk Rd","oneway":"yes","junction":null},"geometry":{"type":"LineString","coordinates":[[91.7241882,26.1708084],[91.7241901,26.1713671],[91.7242193,26.1714782],[91.7242875,26.171572],[91.7243586,26.1716161],[91.724431,26.1716437],[91.7245034,26.171652],[91.72472,26.1716486],[91.7250632,26.1717068],[91.7253014,26.1717541],[91.7255395,26.1718544],[91.7267455,26.1725347],[91.7276096,26.1730964],[91.728724,26.1738613]]}},{"type":"Feature","properties":{"id":1303639555,"highway":"primary","name":"Assam Trunk Rd","oneway":"yes","junction":null},"geometry":{"type":"LineString","coordinates":[[91.7339595,26.1785401],[91.7344114,26.1786152],[91.7346859,26.1789502]]}},{"type":"Feature","properties":{"id":1303639556,"highway":"primary_link","name":null,"oneway":"yes","junction":null},"geometry":{"type":"LineString","coordinates":[[91.7338721,26.178384],[91.73395,26.1783325],[91.7340123,26.1782537],[91.7340607,26.1781539]]}},{"type":"Feature","properties":{"id":1303639557,"highway":"service","name":null,"oneway":null,"junction":null},"geometry":{"type":"LineString","coordinates":[[91.7366406,26.1815048],[91.7365527,26.1815474],[91.7363,26.1816699]]}},{"type":"Feature","properties":{"id":1303639558,"highway":"primary","name":"Assam Trunk Rd","oneway":"yes","junction":null},"geometry":{"type":"LineString","coordinates":[[91.7241649,26.1705895],[91.7241836,26.170694],[91.7241882,26.1708084]]}},{"type":"Feature","properties":{"id":1303639559,"highway":"primary","name":"Assam Trunk Rd","oneway":"yes","junction":null},"geometry":{"type":"LineString","coordinates":[[91.7340607,26.1781539],[91.7331686,26.1771852],[91.7323787,26.1763632],[91.7314292,26.175505],[91.7307224,26.1748816],[91.7306017,26.174754],[91.7305588,26.1746505],[91.7305306,26.1745807],[91.7305213,26.1744652],[91.7305534,26.1741944],[91.7306749,26.1734101],[91.7306826,26.1732802],[91.7306625,26.1732221],[91.7305963,26.1731641]]}},{"type":"Feature","properties":{"id":1303639560,"highway":"primary","name":"Assam Trunk Rd","oneway":"yes","junction":null},"geometry":{"type":"LineString","coordinates":[[91.7302959,26.1730452],[91.7299554,26.1728972],[91.7296566,26.1727825],[91.7283317,26.172376],[91.7278356,26.1722009],[91.7269884,26.1719018],[91.726061,26.1715907],[91.7253354,26.1713128],[91.724901,26.1710985],[91.7246453,26.1709478],[91.7243671,26.170751],[91.7241649,26.1705895]]}},{"type":"Feature","properties":{"id":1303639561,"highway":"primary","name":"Assam Trunk Rd","oneway":"yes","junction":null},"geometry":{"type":"LineString","coordinates":[[91.7305963,26.1731641],[91.7302959,26.1730452]]}},{"type":"Feature","properties":{"id":1303639640,"highway":"residential","name":null,"oneway":null,"junction":null},"geometry":{"type":"LineString","coordinates":[[91.7056605,26.1587523],[91.705806,26.1584885],[91.7059577,26.1582437],[91.7061166,26.1580631]]}},{"type":"Feature","properties":{"id":1303640331,"highway":"service","name":null,"oneway":null,"junction":null},"geometry":{"type":"LineString","coordinates":[[91.7094488,26.161335],[91.7095524,26.1608762],[91.709558,26.1608515]]}},{"type":"Feature","properties":{"id":1303670337,"highway":"primary_link","name":null,"oneway":null,"junction":null},"geometry":{"type":"LineString","coordinates":[[91.7403574,26.1868535],[91.7404328,26.1867899]]}},{"type":"Feature","properties":{"id":1303679232,"highway":"primary","name":"M.G. Road","oneway":"yes","junction":null},"geometry":{"type":"LineString","coordinates":[[91.7433312,26.1882299],[91.7423033,26.1878212]]}},{"type":"Feature","properties":{"id":1303679233,"highway":"tertiary","name":"Motilal Nehru Road","oneway":null,"junction":null},"geometry":{"type":"LineString","coordinates":[[91.7433312,26.1882299],[91.7433042,26.1882956]]}},{"type":"Feature","properties":{"id":1303689075,"highway":"residential","name":null,"oneway":null,"junction":null},"geometry":{"type":"LineString","coordinates":[[91.7410267,26.1768645],[91.7414896,26.1772555]]}},{"type":"Feature","properties":{"id":1303820367,"highway":"residential","name":null,"oneway":null,"junction":null},"geometry":{"type":"LineString","coordinates":[[91.6862398,26.1498093],[91.6862894,26.149264],[91.6862934,26.1487767]]}},{"type":"Feature","properties":{"id":1303821507,"highway":"residential","name":null,"oneway":"yes","junction":null},"geometry":{"type":"LineString","coordinates":[[91.6813096,26.1520839],[91.6813182,26.1520231]]}},{"type":"Feature","properties":{"id":1303821508,"highway":"residential","name":null,"oneway":"yes","junction":null},"geometry":{"type":"LineString","coordinates":[[91.6815396,26.15207],[91.6815326,26.1521348]]}},{"type":"Feature","properties":{"id":1304379260,"highway":"residential","name":null,"oneway":null,"junction":null},"geometry":{"type":"LineString","coordinates":[[91.7315394,26.1671866],[91.7323022,26.1673488]]}},{"type":"Feature","properties":{"id":1304380667,"highway":"service","name":null,"oneway":null,"junction":null},"geometry":{"type":"LineString","coordinates":[[91.7294353,26.1683889],[91.7294401,26.1681877]]}},{"type":"Feature","properties":{"id":1304381572,"highway":"residential","name":null,"oneway":null,"junction":null},"geometry":{"type":"LineString","coordinates":[[91.7296105,26.1689169],[91.7297653,26.1689752],[91.7297653,26.169005],[91.7296598,26.1693261]]}},{"type":"Feature","properties":{"id":1304381573,"highway":"residential","name":null,"oneway":null,"junction":null},"geometry":{"type":"LineString","coordinates":[[91.7285552,26.1689715],[91.7285964,26.1689863],[91.7287724,26.1690495]]}},{"type":"Feature","properties":{"id":1304413888,"highway":"residential","name":null,"oneway":null,"junction":null},"geometry":{"type":"LineString","coordinates":[[91.7243987,26.1690907],[91.7247122,26.1691883]]}},{"type":"Feature","properties":{"id":1304415554,"highway":"residential","name":null,"oneway":null,"junction":null},"geometry":{"type":"LineString","coordinates":[[91.7254656,26.1684118],[91.7255772,26.1681302]]}},{"type":"Feature","properties":{"id":1304416693,"highway":"residential","name":null,"oneway":null,"junction":null},"geometry":{"type":"LineString","coordinates":[[91.7262812,26.1697372],[91.7265345,26.1689358],[91.7265651,26.1689196],[91.7272547,26.1690752]]}},{"type":"Feature","properties":{"id":1304420194,"highway":"residential","name":null,"oneway":null,"junction":null},"geometry":{"type":"LineString","coordinates":[[91.7255973,26.1688705],[91.7256067,26.1688271],[91.7256047,26.1688038],[91.7255836,26.1687873],[91.7251864,26.1686474]]}},{"type":"Feature","properties":{"id":1304440640,"highway":"residential","name":null,"oneway":null,"junction":null},"geometry":{"type":"LineString","coordinates":[[91.658853,26.1668796],[91.6588871,26.1664944]]}},{"type":"Feature","properties":{"id":1304571634,"highway":"service","name":null,"oneway":null,"junction":null},"geometry":{"type":"LineString","coordinates":[[91.7385784,26.1794051],[91.7392653,26.17979]]}},{"type":"Feature","properties":{"id":1304574996,"highway":"unclassified","name":null,"oneway":null,"junction":null},"geometry":{"type":"LineString","coordinates":[[91.707104,26.1643057],[91.7071315,26.1641868],[91.7071862,26.1640777],[91.707181,26.1639625],[91.707113,26.163801],[91.7070252,26.1637594]]}},{"type":"Feature","properties":{"id":1304574998,"highway":"service","name":null,"oneway":null,"junction":null},"geometry":{"type":"LineString","coordinates":[[91.694285,26.1564796],[91.6936004,26.1564227],[91.6900545,26.1561988]]}},{"type":"Feature","properties":{"id":1304575001,"highway":"residential","name":null,"oneway":null,"junction":null},"geometry":{"type":"LineString","coordinates":[[91.6870453,26.1515349],[91.6870933,26.151255],[91.6871682,26.1508192],[91.6872617,26.1502741]]}},{"type":"Feature","properties":{"id":1304575006,"highway":"service","name":null,"oneway":null,"junction":null},"geometry":{"type":"LineString","coordinates":[[91.7005432,26.1559785],[91.7005073,26.1557279],[91.7004709,26.1554736],[91.7004492,26.1553224]]}},{"type":"Feature","properties":{"id":1304825117,"highway":"residential","name":null,"oneway":null,"junction":null},"geometry":{"type":"LineString","coordinates":[[91.7256944,26.168172],[91.7255841,26.1684479]]}},{"type":"Feature","properties":{"id":1316346957,"highway":"primary","name":"Maligaon Flyover","oneway":"yes","junction":null},"geometry":{"type":"LineString","coordinates":[[91.715777,26.16435],[91.7160067,26.1645197]]}},{"type":"Feature","properties":{"id":1316346958,"highway":"primary","name":"Maligaon Flyover","oneway":"yes","junction":null},"geometry":{"type":"LineString","coordinates":[[91.716094,26.1644547],[91.715845,26.1642766]]}},{"type":"Feature","properties":{"id":1316346959,"highway":"primary","name":"Assam Trunk Road Flyover","oneway":"yes","junction":null},"geometry":{"type":"LineString","coordinates":[[91.6937719,26.1591437],[91.6938529,26.1591433]]}},{"type":"Feature","properties":{"id":1316346960,"highway":"primary","name":"Assam Trunk Road Flyover","oneway":"yes","junction":null},"geometry":{"type":"LineString","coordinates":[[91.6938468,26.1590704],[91.6937658,26.1590721]]}},{"type":"Feature","properties":{"id":1316346961,"highway":"primary","name":"Assam Trunk Road Flyover","oneway":"yes","junction":null},"geometry":{"type":"LineString","coordinates":[[91.6888547,26.1588553],[91.6889465,26.1588564]]}},{"type":"Feature","properties":{"id":1316346962,"highway":"primary","name":"Assam Trunk Road Flyover","oneway":"yes","junction":null},"geometry":{"type":"LineString","coordinates":[[91.6889435,26.1587651],[91.6888436,26.1587539]]}},{"type":"Feature","properties":{"id":1316348115,"highway":"trunk","name":"Flyover","oneway":"yes","junction":null},"geometry":{"type":"LineString","coordinates":[[91.6723799,26.1591917],[91.6721341,26.159606],[91.6719463,26.1599274],[91.671727,26.1603059]]}},{"type":"Feature","properties":{"id":1316348116,"highway":"trunk","name":"Flyover","oneway":"yes","junction":null},"geometry":{"type":"LineString","coordinates":[[91.6712925,26.1614423],[91.6714641,26.1610956],[91.6718128,26.1604022],[91.6723198,26.1595693],[91.6724998,26.1592624]]}},{"type":"Feature","properties":{"id":1329018517,"highway":"trunk","name":null,"oneway":"yes","junction":null},"geometry":{"type":"LineString","coordinates":[[91.6713837,26.1830879],[91.6713653,26.1833717]]}},{"type":"Feature","properties":{"id":1329018518,"highway":"trunk","name":null,"oneway":"yes","junction":null},"geometry":{"type":"LineString","coordinates":[[91.6715259,26.1830862],[91.6715385,26.1827872],[91.6715956,26.1819108],[91.6716063,26.1817472],[91.6716197,26.1816437],[91.6716439,26.1815739],[91.6717015,26.1814714]]}},{"type":"Feature","properties":{"id":1329018519,"highway":"trunk","name":null,"oneway":"yes","junction":null},"geometry":{"type":"LineString","coordinates":[[91.6715134,26.1833853],[91.6715259,26.1830862]]}},{"type":"Feature","properties":{"id":1336405748,"highway":"secondary_link","name":null,"oneway":null,"junction":null},"geometry":{"type":"LineString","coordinates":[[91.7360279,26.1717384],[91.736082,26.1717226],[91.7361339,26.1717173],[91.7362089,26.1717322],[91.7362699,26.1717702]]}},{"type":"Feature","properties":{"id":1345099524,"highway":"residential","name":null,"oneway":null,"junction":null},"geometry":{"type":"LineString","coordinates":[[91.6896069,26.2103726],[91.6894551,26.2105351]]}},{"type":"Feature","properties":{"id":1349004584,"highway":"residential","name":null,"oneway":null,"junction":null},"geometry":{"type":"LineString","coordinates":[[91.6866267,26.2029679],[91.6867796,26.202951],[91.687713,26.2028114],[91.6880348,26.2027994],[91.688287,26.2028187],[91.6885605,26.2028692],[91.6888046,26.2028596],[91.6891479,26.2028283],[91.6892928,26.2027898],[91.6893759,26.202732],[91.6895611,26.2025566]]}},{"type":"Feature","properties":{"id":1351991740,"highway":"residential","name":null,"oneway":null,"junction":null},"geometry":{"type":"LineString","coordinates":[[91.683186,26.1584262],[91.6831963,26.1583258]]}},{"type":"Feature","properties":{"id":1359301026,"highway":"residential","name":null,"oneway":null,"junction":null},"geometry":{"type":"LineString","coordinates":[[91.7358437,26.1760354],[91.7361681,26.1760321],[91.7361968,26.1760192],[91.73624,26.175951],[91.7364618,26.1754809]]}},{"type":"Feature","properties":{"id":1364194196,"highway":"service","name":null,"oneway":null,"junction":null},"geometry":{"type":"LineString","coordinates":[[91.6962947,26.1959139],[91.6963385,26.1960679],[91.6963934,26.1962303],[91.6964676,26.196437],[91.6964982,26.1965408],[91.6965256,26.1966578],[91.6965301,26.1967625],[91.6965042,26.1968541],[91.6964397,26.1969166],[91.6963318,26.1969718],[91.696213,26.1970025],[91.6961712,26.1969994],[91.6961355,26.1969749]]}},{"type":"Feature","properties":{"id":1375830128,"highway":"residential","name":null,"oneway":null,"junction":null},"geometry":{"type":"LineString","coordinates":[[91.7213562,26.1581565],[91.7215174,26.1582021],[91.7216388,26.158223],[91.7217176,26.1582521]]}},{"type":"Feature","properties":{"id":1389996751,"highway":"trunk_link","name":null,"oneway":null,"junction":null},"geometry":{"type":"LineString","coordinates":[[91.6713394,26.1837693],[91.6714963,26.1837915]]}},{"type":"Feature","properties":{"id":1468490174,"highway":"residential","name":null,"oneway":null,"junction":null},"geometry":{"type":"LineString","coordinates":[[91.6655695,26.1598715],[91.66555,26.1603974]]}},{"type":"Feature","properties":{"id":1478892440,"highway":"primary","name":"Kumar Bhaskar Varma Setu","oneway":"yes","junction":null},"geometry":{"type":"LineString","coordinates":[[91.6990872,26.2207319],[91.7002295,26.2208426],[91.7042404,26.2212312],[91.7061658,26.2214201],[91.7066166,26.2214167],[91.7070766,26.2214133],[91.7075388,26.2213248],[91.7078346,26.2212032],[91.7081057,26.2209489],[91.7084385,26.220562],[91.7085555,26.2202966],[91.7089006,26.2189643],[91.7093232,26.2168368],[91.7093406,26.216749],[91.7094984,26.2160423],[91.7099903,26.2138389],[91.7101084,26.2133103],[91.71024,26.2127207],[91.7102157,26.212176],[91.7101817,26.2114153],[91.7100567,26.2099501],[91.7099911,26.2091804],[91.7099175,26.2083344],[91.7098646,26.207726],[91.7098109,26.207108],[91.7097194,26.2060556],[91.7096972,26.2058003],[91.709843,26.2041537],[91.710163,26.2027253],[91.7109617,26.1997401],[91.7114523,26.1979061],[91.7118815,26.1968087],[91.7123643,26.1959038],[91.7127181,26.195521],[91.7138421,26.1943514],[91.7151902,26.1929828],[91.7157783,26.1919852],[91.7163626,26.1904312],[91.717174,26.188348],[91.7175349,26.1875091],[91.7179504,26.1867092],[91.7186449,26.18573],[91.7277863,26.1756898],[91.7280568,26.1754375],[91.7282728,26.1752867],[91.7284833,26.1751786],[91.7287623,26.1750767],[91.7290696,26.1750283],[91.7293599,26.1750281],[91.7297051,26.1750807],[91.7300729,26.1752056],[91.7305079,26.1754042]]}},{"type":"Feature","properties":{"id":1480602647,"highway":"residential","name":null,"oneway":null,"junction":null},"geometry":{"type":"LineString","coordinates":[[91.7371042,26.182039],[91.7378175,26.1815185]]}},{"type":"Feature","properties":{"id":1491795581,"highway":"residential","name":null,"oneway":null,"junction":null},"geometry":{"type":"LineString","coordinates":[[91.697045,26.1859867],[91.697045,26.1861006]]}},{"type":"Feature","properties":{"id":1491809957,"highway":"residential","name":null,"oneway":null,"junction":null},"geometry":{"type":"LineString","coordinates":[[91.6969645,26.1880466],[91.6969952,26.1886041]]}},{"type":"Feature","properties":{"id":1527422588,"highway":"residential","name":null,"oneway":null,"junction":null},"geometry":{"type":"LineString","coordinates":[[91.680985,26.1582986],[91.6809338,26.1589173],[91.6809504,26.159028],[91.6809837,26.1590919],[91.6810667,26.1591281],[91.6818283,26.1592835],[91.6819825,26.1593581],[91.6821984,26.1594816],[91.6823289,26.1595668],[91.6823457,26.1595832],[91.6823811,26.1596179],[91.6824783,26.1600374],[91.6825685,26.1601247],[91.682661,26.1601545],[91.6827607,26.160163],[91.6828461,26.1601396],[91.6829173,26.1600927],[91.6829813,26.1599905],[91.683024,26.1598606],[91.683024,26.1597265],[91.6830178,26.1594446],[91.6830169,26.1594028],[91.6830074,26.1592154],[91.6830358,26.1589729],[91.6830957,26.1584229],[91.6831173,26.1583196]]}},{"type":"Feature","properties":{"id":1527422589,"highway":"residential","name":null,"oneway":null,"junction":null},"geometry":{"type":"LineString","coordinates":[[91.682327,26.1596399],[91.6823811,26.1596179],[91.6830178,26.1594446],[91.6831095,26.1594226]]}},{"type":"Feature","properties":{"id":1527422590,"highway":"residential","name":null,"oneway":null,"junction":null},"geometry":{"type":"LineString","coordinates":[[91.6822937,26.159607],[91.6823457,26.1595832],[91.6830169,26.1594028],[91.6831045,26.159393]]}},{"type":"Feature","properties":{"id":1527422591,"highway":"residential","name":null,"oneway":"yes","junction":null},"geometry":{"type":"LineString","coordinates":[[91.6808707,26.1582876],[91.6808487,26.1588897],[91.6808781,26.1591319],[91.681078,26.1592162],[91.6813288,26.1592429],[91.6815869,26.1592866],[91.6817881,26.1593324],[91.6820241,26.1594335],[91.6822937,26.159607]]}},{"type":"Feature","properties":{"id":1530058050,"highway":"residential","name":null,"oneway":null,"junction":null},"geometry":{"type":"LineString","coordinates":[[91.7222562,26.221356],[91.7224844,26.2215445],[91.7227216,26.2217223],[91.7227959,26.2218017],[91.7228702,26.2219541],[91.7229037,26.2220464],[91.7229658,26.2222176],[91.7230259,26.2223382],[91.7231212,26.2224996]]}},{"type":"Feature","properties":{"id":1530058051,"highway":"residential","name":null,"oneway":null,"junction":null},"geometry":{"type":"LineString","coordinates":[[91.715826,26.2225707],[91.7158583,26.222134]]}},{"type":"Feature","properties":{"id":1530366755,"highway":"residential","name":"WGC College Street","oneway":null,"junction":null},"geometry":{"type":"LineString","coordinates":[[91.6912247,26.1588416],[91.6913663,26.1587409],[91.6914769,26.1586726],[91.6918488,26.1584747],[91.6918767,26.1584499],[91.6918938,26.1584135],[91.6918962,26.1583727],[91.6918295,26.1578753],[91.6918281,26.1578263],[91.6918573,26.1576649]]}},{"type":"Feature","properties":{"id":1530366756,"highway":"residential","name":null,"oneway":null,"junction":null},"geometry":{"type":"LineString","coordinates":[[91.6912247,26.1588416],[91.691348,26.1588571],[91.6918766,26.1589236],[91.6920026,26.1589366],[91.6931533,26.1590071],[91.6937671,26.1590241],[91.6938468,26.1590704]]}},{"type":"Feature","properties":{"id":1530366757,"highway":"residential","name":"WGC College Street","oneway":null,"junction":null},"geometry":{"type":"LineString","coordinates":[[91.6908422,26.1591517],[91.6912247,26.1588416]]}},{"type":"Feature","properties":{"id":1531550359,"highway":"residential","name":null,"oneway":null,"junction":null},"geometry":{"type":"LineString","coordinates":[[91.7229765,26.1680133],[91.7232691,26.1680713],[91.7233389,26.1680352],[91.7233657,26.1679341],[91.7234837,26.1674936],[91.7235937,26.1674791]]}},{"type":"Feature","properties":{"id":1531550360,"highway":"residential","name":null,"oneway":null,"junction":null},"geometry":{"type":"LineString","coordinates":[[91.7235937,26.1674791],[91.7236849,26.1675104],[91.7240957,26.1676724]]}},{"type":"Feature","properties":{"id":1531550361,"highway":"residential","name":null,"oneway":null,"junction":null},"geometry":{"type":"LineString","coordinates":[[91.7266925,26.168468],[91.7268799,26.167728]]}},{"type":"Feature","properties":{"id":1531550362,"highway":"residential","name":null,"oneway":null,"junction":null},"geometry":{"type":"LineString","coordinates":[[91.7268799,26.167728],[91.7269393,26.1674936],[91.7270145,26.1674502]]}},{"type":"Feature","properties":{"id":1536840039,"highway":"service","name":null,"oneway":null,"junction":null},"geometry":{"type":"LineString","coordinates":[[91.6986129,26.190941],[91.6985637,26.1904632]]}},{"type":"Feature","properties":{"id":1537401513,"highway":"service","name":null,"oneway":null,"junction":null},"geometry":{"type":"LineString","coordinates":[[91.6887456,26.1569858],[91.6862515,26.1568508],[91.6857808,26.1568709],[91.6849981,26.156823],[91.6848664,26.1568376],[91.6848274,26.1568668],[91.6847916,26.1569077],[91.6847949,26.1569806],[91.6847867,26.1571251],[91.684751,26.1572082],[91.6846892,26.1572184],[91.6839967,26.1572228],[91.6806675,26.1569908],[91.6794467,26.1569062],[91.6787363,26.1567997]]}},{"type":"Feature","properties":{"id":1540935661,"highway":"residential","name":null,"oneway":null,"junction":null},"geometry":{"type":"LineString","coordinates":[[91.6797821,26.1582061],[91.6797295,26.1590499]]}},{"type":"Feature","properties":{"id":1546988874,"highway":"residential","name":null,"oneway":null,"junction":null},"geometry":{"type":"LineString","coordinates":[[91.7367065,26.1814772],[91.7369914,26.1812981]]}},{"type":"Feature","properties":{"id":1556492862,"highway":"residential","name":null,"oneway":null,"junction":null},"geometry":{"type":"LineString","coordinates":[[91.6874368,26.166407],[91.688247,26.1665299],[91.6899677,26.1659272],[91.6906498,26.1655225],[91.6908595,26.1653599]]}},{"type":"Feature","properties":{"id":1556493619,"highway":"residential","name":"\u09aa\u09be\u09a3\u09cd\u09a1\u09c1\u099c\u09cd\u09af\u09cb\u09a4\u09bf \u09aa\u09a5","oneway":"no","junction":null},"geometry":{"type":"LineString","coordinates":[[91.6920398,26.1645393],[91.6922529,26.1651874],[91.692692,26.1650837],[91.692854,26.1653986]]}},{"type":"Feature","properties":{"id":1559095579,"highway":"tertiary","name":"Hem Baruah Road","oneway":null,"junction":null},"geometry":{"type":"LineString","coordinates":[[91.7461996,26.1876515],[91.7448442,26.1871847],[91.7438667,26.1868182]]}},{"type":"Feature","properties":{"id":1559095585,"highway":"service","name":null,"oneway":null,"junction":null},"geometry":{"type":"LineString","coordinates":[[91.7437262,26.1871886],[91.7444551,26.1874234],[91.7445047,26.1873986],[91.7445499,26.1873044],[91.7447801,26.1873547],[91.7453445,26.1875124],[91.7454101,26.1874666],[91.7457163,26.18757],[91.7457382,26.1876432],[91.7456944,26.1877754]]}}]}